[00:01:43] [Netty Epoll Server IO #2/ERROR]: Exception occurred in netty pipeline
io.netty.handler.codec.DecoderException: java.lang.IndexOutOfBoundsException: Index 50 out of bounds for length 1
	at io.netty.handler.codec.ByteToMessageDecoder.callDecode(ByteToMessageDecoder.java:489) ~[netty-codec-4.1.82.Final.jar:?]
	at io.netty.handler.codec.ByteToMessageDecoder.channelRead(ByteToMessageDecoder.java:280) ~[netty-codec-4.1.82.Final.jar:?]
	at io.netty.channel.AbstractChannelHandlerContext.invokeChannelRead(AbstractChannelHandlerContext.java:379) ~[netty-transport-4.1.82.Final.jar:?]
	at io.netty.channel.AbstractChannelHandlerContext.invokeChannelRead(AbstractChannelHandlerContext.java:365) ~[netty-transport-4.1.82.Final.jar:?]
	at io.netty.channel.AbstractChannelHandlerContext.fireChannelRead(AbstractChannelHandlerContext.java:357) ~[netty-transport-4.1.82.Final.jar:?]
	at io.netty.handler.codec.ByteToMessageDecoder.fireChannelRead(ByteToMessageDecoder.java:336) ~[netty-codec-4.1.82.Final.jar:?]
	at io.netty.handler.codec.ByteToMessageDecoder.fireChannelRead(ByteToMessageDecoder.java:323) ~[netty-codec-4.1.82.Final.jar:?]
	at io.netty.handler.codec.ByteToMessageDecoder.callDecode(ByteToMessageDecoder.java:444) ~[netty-codec-4.1.82.Final.jar:?]
	at io.netty.handler.codec.ByteToMessageDecoder.channelRead(ByteToMessageDecoder.java:280) ~[netty-codec-4.1.82.Final.jar:?]
	at io.netty.channel.AbstractChannelHandlerContext.invokeChannelRead(AbstractChannelHandlerContext.java:379) ~[netty-transport-4.1.82.Final.jar:?]
	at io.netty.channel.AbstractChannelHandlerContext.invokeChannelRead(AbstractChannelHandlerContext.java:365) ~[netty-transport-4.1.82.Final.jar:?]
	at io.netty.channel.AbstractChannelHandlerContext.fireChannelRead(AbstractChannelHandlerContext.java:357) ~[netty-transport-4.1.82.Final.jar:?]
	at net.minecraft.network.LegacyQueryHandler.channelRead(LegacyQueryHandler.java:95) ~[server-intermediary.jar:?]
	at io.netty.channel.AbstractChannelHandlerContext.invokeChannelRead(AbstractChannelHandlerContext.java:379) ~[netty-transport-4.1.82.Final.jar:?]
	at io.netty.channel.AbstractChannelHandlerContext.invokeChannelRead(AbstractChannelHandlerContext.java:365) ~[netty-transport-4.1.82.Final.jar:?]
	at io.netty.channel.AbstractChannelHandlerContext.fireChannelRead(AbstractChannelHandlerContext.java:357) ~[netty-transport-4.1.82.Final.jar:?]
	at io.netty.handler.timeout.IdleStateHandler.channelRead(IdleStateHandler.java:286) ~[netty-handler-4.1.82.Final.jar:?]
	at io.netty.channel.AbstractChannelHandlerContext.invokeChannelRead(AbstractChannelHandlerContext.java:379) ~[netty-transport-4.1.82.Final.jar:?]
	at io.netty.channel.AbstractChannelHandlerContext.invokeChannelRead(AbstractChannelHandlerContext.java:365) ~[netty-transport-4.1.82.Final.jar:?]
	at io.netty.channel.AbstractChannelHandlerContext.fireChannelRead(AbstractChannelHandlerContext.java:357) ~[netty-transport-4.1.82.Final.jar:?]
	at io.netty.channel.DefaultChannelPipeline$HeadContext.channelRead(DefaultChannelPipeline.java:1410) ~[netty-transport-4.1.82.Final.jar:?]
	at io.netty.channel.AbstractChannelHandlerContext.invokeChannelRead(AbstractChannelHandlerContext.java:379) ~[netty-transport-4.1.82.Final.jar:?]
	at io.netty.channel.AbstractChannelHandlerContext.invokeChannelRead(AbstractChannelHandlerContext.java:365) ~[netty-transport-4.1.82.Final.jar:?]
	at io.netty.channel.DefaultChannelPipeline.fireChannelRead(DefaultChannelPipeline.java:919) ~[netty-transport-4.1.82.Final.jar:?]
	at io.netty.channel.epoll.AbstractEpollStreamChannel$EpollStreamUnsafe.epollInReady(AbstractEpollStreamChannel.java:800) ~[netty-transport-classes-epoll-4.1.82.Final.jar:?]
	at io.netty.channel.epoll.EpollEventLoop.processReady(EpollEventLoop.java:499) ~[netty-transport-classes-epoll-4.1.82.Final.jar:?]
	at io.netty.channel.epoll.EpollEventLoop.run(EpollEventLoop.java:397) ~[netty-transport-classes-epoll-4.1.82.Final.jar:?]
	at io.netty.util.concurrent.SingleThreadEventExecutor$4.run(SingleThreadEventExecutor.java:997) ~[netty-common-4.1.82.Final.jar:?]
	at io.netty.util.internal.ThreadExecutorMap$2.run(ThreadExecutorMap.java:74) ~[netty-common-4.1.82.Final.jar:?]
	at java.lang.Thread.run(Thread.java:840) ~[?:?]
Caused by: java.lang.IndexOutOfBoundsException: Index 50 out of bounds for length 1
	at jdk.internal.util.Preconditions.outOfBounds(Preconditions.java:64) ~[?:?]
	at jdk.internal.util.Preconditions.outOfBoundsCheckIndex(Preconditions.java:70) ~[?:?]
	at jdk.internal.util.Preconditions.checkIndex(Preconditions.java:266) ~[?:?]
	at java.util.Objects.checkIndex(Objects.java:361) ~[?:?]
	at java.util.ArrayList.get(ArrayList.java:427) ~[?:?]
	at net.minecraft.network.NetworkState$PacketHandler.createPacket(NetworkState.java:458) ~[server-intermediary.jar:?]
	at net.minecraft.network.NetworkState.getPacketHandler(NetworkState.java:522) ~[server-intermediary.jar:?]
	at net.minecraft.network.DecoderHandler.decode(DecoderHandler.java:32) ~[server-intermediary.jar:?]
	at io.netty.handler.codec.ByteToMessageDecoder.decodeRemovalReentryProtection(ByteToMessageDecoder.java:519) ~[netty-codec-4.1.82.Final.jar:?]
	at io.netty.handler.codec.ByteToMessageDecoder.callDecode(ByteToMessageDecoder.java:458) ~[netty-codec-4.1.82.Final.jar:?]
	... 29 more
[00:02:59] [Netty Epoll Server IO #4/ERROR]: Exception occurred in netty pipeline
io.netty.handler.codec.DecoderException: java.lang.IndexOutOfBoundsException: Index 50 out of bounds for length 1
	at io.netty.handler.codec.ByteToMessageDecoder.callDecode(ByteToMessageDecoder.java:489) ~[netty-codec-4.1.82.Final.jar:?]
	at io.netty.handler.codec.ByteToMessageDecoder.channelRead(ByteToMessageDecoder.java:280) ~[netty-codec-4.1.82.Final.jar:?]
	at io.netty.channel.AbstractChannelHandlerContext.invokeChannelRead(AbstractChannelHandlerContext.java:379) ~[netty-transport-4.1.82.Final.jar:?]
	at io.netty.channel.AbstractChannelHandlerContext.invokeChannelRead(AbstractChannelHandlerContext.java:365) ~[netty-transport-4.1.82.Final.jar:?]
	at io.netty.channel.AbstractChannelHandlerContext.fireChannelRead(AbstractChannelHandlerContext.java:357) ~[netty-transport-4.1.82.Final.jar:?]
	at io.netty.handler.codec.ByteToMessageDecoder.fireChannelRead(ByteToMessageDecoder.java:336) ~[netty-codec-4.1.82.Final.jar:?]
	at io.netty.handler.codec.ByteToMessageDecoder.fireChannelRead(ByteToMessageDecoder.java:323) ~[netty-codec-4.1.82.Final.jar:?]
	at io.netty.handler.codec.ByteToMessageDecoder.callDecode(ByteToMessageDecoder.java:444) ~[netty-codec-4.1.82.Final.jar:?]
	at io.netty.handler.codec.ByteToMessageDecoder.channelRead(ByteToMessageDecoder.java:280) ~[netty-codec-4.1.82.Final.jar:?]
	at io.netty.channel.AbstractChannelHandlerContext.invokeChannelRead(AbstractChannelHandlerContext.java:379) ~[netty-transport-4.1.82.Final.jar:?]
	at io.netty.channel.AbstractChannelHandlerContext.invokeChannelRead(AbstractChannelHandlerContext.java:365) ~[netty-transport-4.1.82.Final.jar:?]
	at io.netty.channel.AbstractChannelHandlerContext.fireChannelRead(AbstractChannelHandlerContext.java:357) ~[netty-transport-4.1.82.Final.jar:?]
	at net.minecraft.network.LegacyQueryHandler.channelRead(LegacyQueryHandler.java:95) ~[server-intermediary.jar:?]
	at io.netty.channel.AbstractChannelHandlerContext.invokeChannelRead(AbstractChannelHandlerContext.java:379) ~[netty-transport-4.1.82.Final.jar:?]
	at io.netty.channel.AbstractChannelHandlerContext.invokeChannelRead(AbstractChannelHandlerContext.java:365) ~[netty-transport-4.1.82.Final.jar:?]
	at io.netty.channel.AbstractChannelHandlerContext.fireChannelRead(AbstractChannelHandlerContext.java:357) ~[netty-transport-4.1.82.Final.jar:?]
	at io.netty.handler.timeout.IdleStateHandler.channelRead(IdleStateHandler.java:286) ~[netty-handler-4.1.82.Final.jar:?]
	at io.netty.channel.AbstractChannelHandlerContext.invokeChannelRead(AbstractChannelHandlerContext.java:379) ~[netty-transport-4.1.82.Final.jar:?]
	at io.netty.channel.AbstractChannelHandlerContext.invokeChannelRead(AbstractChannelHandlerContext.java:365) ~[netty-transport-4.1.82.Final.jar:?]
	at io.netty.channel.AbstractChannelHandlerContext.fireChannelRead(AbstractChannelHandlerContext.java:357) ~[netty-transport-4.1.82.Final.jar:?]
	at io.netty.channel.DefaultChannelPipeline$HeadContext.channelRead(DefaultChannelPipeline.java:1410) ~[netty-transport-4.1.82.Final.jar:?]
	at io.netty.channel.AbstractChannelHandlerContext.invokeChannelRead(AbstractChannelHandlerContext.java:379) ~[netty-transport-4.1.82.Final.jar:?]
	at io.netty.channel.AbstractChannelHandlerContext.invokeChannelRead(AbstractChannelHandlerContext.java:365) ~[netty-transport-4.1.82.Final.jar:?]
	at io.netty.channel.DefaultChannelPipeline.fireChannelRead(DefaultChannelPipeline.java:919) ~[netty-transport-4.1.82.Final.jar:?]
	at io.netty.channel.epoll.AbstractEpollStreamChannel$EpollStreamUnsafe.epollInReady(AbstractEpollStreamChannel.java:800) ~[netty-transport-classes-epoll-4.1.82.Final.jar:?]
	at io.netty.channel.epoll.EpollEventLoop.processReady(EpollEventLoop.java:499) ~[netty-transport-classes-epoll-4.1.82.Final.jar:?]
	at io.netty.channel.epoll.EpollEventLoop.run(EpollEventLoop.java:397) ~[netty-transport-classes-epoll-4.1.82.Final.jar:?]
	at io.netty.util.concurrent.SingleThreadEventExecutor$4.run(SingleThreadEventExecutor.java:997) ~[netty-common-4.1.82.Final.jar:?]
	at io.netty.util.internal.ThreadExecutorMap$2.run(ThreadExecutorMap.java:74) ~[netty-common-4.1.82.Final.jar:?]
	at java.lang.Thread.run(Thread.java:840) ~[?:?]
Caused by: java.lang.IndexOutOfBoundsException: Index 50 out of bounds for length 1
	at jdk.internal.util.Preconditions.outOfBounds(Preconditions.java:64) ~[?:?]
	at jdk.internal.util.Preconditions.outOfBoundsCheckIndex(Preconditions.java:70) ~[?:?]
	at jdk.internal.util.Preconditions.checkIndex(Preconditions.java:266) ~[?:?]
	at java.util.Objects.checkIndex(Objects.java:361) ~[?:?]
	at java.util.ArrayList.get(ArrayList.java:427) ~[?:?]
	at net.minecraft.network.NetworkState$PacketHandler.createPacket(NetworkState.java:458) ~[server-intermediary.jar:?]
	at net.minecraft.network.NetworkState.getPacketHandler(NetworkState.java:522) ~[server-intermediary.jar:?]
	at net.minecraft.network.DecoderHandler.decode(DecoderHandler.java:32) ~[server-intermediary.jar:?]
	at io.netty.handler.codec.ByteToMessageDecoder.decodeRemovalReentryProtection(ByteToMessageDecoder.java:519) ~[netty-codec-4.1.82.Final.jar:?]
	at io.netty.handler.codec.ByteToMessageDecoder.callDecode(ByteToMessageDecoder.java:458) ~[netty-codec-4.1.82.Final.jar:?]
	... 29 more
[00:05:51] [Netty Epoll Server IO #5/ERROR]: Exception occurred in netty pipeline
io.netty.handler.codec.DecoderException: java.lang.IndexOutOfBoundsException: Index 50 out of bounds for length 1
	at io.netty.handler.codec.ByteToMessageDecoder.callDecode(ByteToMessageDecoder.java:489) ~[netty-codec-4.1.82.Final.jar:?]
	at io.netty.handler.codec.ByteToMessageDecoder.channelRead(ByteToMessageDecoder.java:280) ~[netty-codec-4.1.82.Final.jar:?]
	at io.netty.channel.AbstractChannelHandlerContext.invokeChannelRead(AbstractChannelHandlerContext.java:379) ~[netty-transport-4.1.82.Final.jar:?]
	at io.netty.channel.AbstractChannelHandlerContext.invokeChannelRead(AbstractChannelHandlerContext.java:365) ~[netty-transport-4.1.82.Final.jar:?]
	at io.netty.channel.AbstractChannelHandlerContext.fireChannelRead(AbstractChannelHandlerContext.java:357) ~[netty-transport-4.1.82.Final.jar:?]
	at io.netty.handler.codec.ByteToMessageDecoder.fireChannelRead(ByteToMessageDecoder.java:336) ~[netty-codec-4.1.82.Final.jar:?]
	at io.netty.handler.codec.ByteToMessageDecoder.fireChannelRead(ByteToMessageDecoder.java:323) ~[netty-codec-4.1.82.Final.jar:?]
	at io.netty.handler.codec.ByteToMessageDecoder.callDecode(ByteToMessageDecoder.java:444) ~[netty-codec-4.1.82.Final.jar:?]
	at io.netty.handler.codec.ByteToMessageDecoder.channelRead(ByteToMessageDecoder.java:280) ~[netty-codec-4.1.82.Final.jar:?]
	at io.netty.channel.AbstractChannelHandlerContext.invokeChannelRead(AbstractChannelHandlerContext.java:379) ~[netty-transport-4.1.82.Final.jar:?]
	at io.netty.channel.AbstractChannelHandlerContext.invokeChannelRead(AbstractChannelHandlerContext.java:365) ~[netty-transport-4.1.82.Final.jar:?]
	at io.netty.channel.AbstractChannelHandlerContext.fireChannelRead(AbstractChannelHandlerContext.java:357) ~[netty-transport-4.1.82.Final.jar:?]
	at io.netty.handler.timeout.IdleStateHandler.channelRead(IdleStateHandler.java:286) ~[netty-handler-4.1.82.Final.jar:?]
	at io.netty.channel.AbstractChannelHandlerContext.invokeChannelRead(AbstractChannelHandlerContext.java:379) ~[netty-transport-4.1.82.Final.jar:?]
	at io.netty.channel.AbstractChannelHandlerContext.invokeChannelRead(AbstractChannelHandlerContext.java:365) ~[netty-transport-4.1.82.Final.jar:?]
	at io.netty.channel.AbstractChannelHandlerContext.fireChannelRead(AbstractChannelHandlerContext.java:357) ~[netty-transport-4.1.82.Final.jar:?]
	at io.netty.channel.DefaultChannelPipeline$HeadContext.channelRead(DefaultChannelPipeline.java:1410) ~[netty-transport-4.1.82.Final.jar:?]
	at io.netty.channel.AbstractChannelHandlerContext.invokeChannelRead(AbstractChannelHandlerContext.java:379) ~[netty-transport-4.1.82.Final.jar:?]
	at io.netty.channel.AbstractChannelHandlerContext.invokeChannelRead(AbstractChannelHandlerContext.java:365) ~[netty-transport-4.1.82.Final.jar:?]
	at io.netty.channel.DefaultChannelPipeline.fireChannelRead(DefaultChannelPipeline.java:919) ~[netty-transport-4.1.82.Final.jar:?]
	at io.netty.channel.epoll.AbstractEpollStreamChannel$EpollStreamUnsafe.epollInReady(AbstractEpollStreamChannel.java:800) ~[netty-transport-classes-epoll-4.1.82.Final.jar:?]
	at io.netty.channel.epoll.EpollEventLoop.processReady(EpollEventLoop.java:499) ~[netty-transport-classes-epoll-4.1.82.Final.jar:?]
	at io.netty.channel.epoll.EpollEventLoop.run(EpollEventLoop.java:397) ~[netty-transport-classes-epoll-4.1.82.Final.jar:?]
	at io.netty.util.concurrent.SingleThreadEventExecutor$4.run(SingleThreadEventExecutor.java:997) ~[netty-common-4.1.82.Final.jar:?]
	at io.netty.util.internal.ThreadExecutorMap$2.run(ThreadExecutorMap.java:74) ~[netty-common-4.1.82.Final.jar:?]
	at java.lang.Thread.run(Thread.java:840) ~[?:?]
Caused by: java.lang.IndexOutOfBoundsException: Index 50 out of bounds for length 1
	at jdk.internal.util.Preconditions.outOfBounds(Preconditions.java:64) ~[?:?]
	at jdk.internal.util.Preconditions.outOfBoundsCheckIndex(Preconditions.java:70) ~[?:?]
	at jdk.internal.util.Preconditions.checkIndex(Preconditions.java:266) ~[?:?]
	at java.util.Objects.checkIndex(Objects.java:361) ~[?:?]
	at java.util.ArrayList.get(ArrayList.java:427) ~[?:?]
	at net.minecraft.network.NetworkState$PacketHandler.createPacket(NetworkState.java:458) ~[server-intermediary.jar:?]
	at net.minecraft.network.NetworkState.getPacketHandler(NetworkState.java:522) ~[server-intermediary.jar:?]
	at net.minecraft.network.DecoderHandler.decode(DecoderHandler.java:32) ~[server-intermediary.jar:?]
	at io.netty.handler.codec.ByteToMessageDecoder.decodeRemovalReentryProtection(ByteToMessageDecoder.java:519) ~[netty-codec-4.1.82.Final.jar:?]
	at io.netty.handler.codec.ByteToMessageDecoder.callDecode(ByteToMessageDecoder.java:458) ~[netty-codec-4.1.82.Final.jar:?]
	... 25 more
[00:07:58] [Netty Epoll Server IO #7/ERROR]: Exception occurred in netty pipeline
io.netty.handler.codec.DecoderException: java.lang.IndexOutOfBoundsException: Index 50 out of bounds for length 1
	at io.netty.handler.codec.ByteToMessageDecoder.callDecode(ByteToMessageDecoder.java:489) ~[netty-codec-4.1.82.Final.jar:?]
	at io.netty.handler.codec.ByteToMessageDecoder.channelRead(ByteToMessageDecoder.java:280) ~[netty-codec-4.1.82.Final.jar:?]
	at io.netty.channel.AbstractChannelHandlerContext.invokeChannelRead(AbstractChannelHandlerContext.java:379) ~[netty-transport-4.1.82.Final.jar:?]
	at io.netty.channel.AbstractChannelHandlerContext.invokeChannelRead(AbstractChannelHandlerContext.java:365) ~[netty-transport-4.1.82.Final.jar:?]
	at io.netty.channel.AbstractChannelHandlerContext.fireChannelRead(AbstractChannelHandlerContext.java:357) ~[netty-transport-4.1.82.Final.jar:?]
	at io.netty.handler.codec.ByteToMessageDecoder.fireChannelRead(ByteToMessageDecoder.java:336) ~[netty-codec-4.1.82.Final.jar:?]
	at io.netty.handler.codec.ByteToMessageDecoder.fireChannelRead(ByteToMessageDecoder.java:323) ~[netty-codec-4.1.82.Final.jar:?]
	at io.netty.handler.codec.ByteToMessageDecoder.callDecode(ByteToMessageDecoder.java:444) ~[netty-codec-4.1.82.Final.jar:?]
	at io.netty.handler.codec.ByteToMessageDecoder.channelRead(ByteToMessageDecoder.java:280) ~[netty-codec-4.1.82.Final.jar:?]
	at io.netty.channel.AbstractChannelHandlerContext.invokeChannelRead(AbstractChannelHandlerContext.java:379) ~[netty-transport-4.1.82.Final.jar:?]
	at io.netty.channel.AbstractChannelHandlerContext.invokeChannelRead(AbstractChannelHandlerContext.java:365) ~[netty-transport-4.1.82.Final.jar:?]
	at io.netty.channel.AbstractChannelHandlerContext.fireChannelRead(AbstractChannelHandlerContext.java:357) ~[netty-transport-4.1.82.Final.jar:?]
	at net.minecraft.network.LegacyQueryHandler.channelRead(LegacyQueryHandler.java:95) ~[server-intermediary.jar:?]
	at io.netty.channel.AbstractChannelHandlerContext.invokeChannelRead(AbstractChannelHandlerContext.java:379) ~[netty-transport-4.1.82.Final.jar:?]
	at io.netty.channel.AbstractChannelHandlerContext.invokeChannelRead(AbstractChannelHandlerContext.java:365) ~[netty-transport-4.1.82.Final.jar:?]
	at io.netty.channel.AbstractChannelHandlerContext.fireChannelRead(AbstractChannelHandlerContext.java:357) ~[netty-transport-4.1.82.Final.jar:?]
	at io.netty.handler.timeout.IdleStateHandler.channelRead(IdleStateHandler.java:286) ~[netty-handler-4.1.82.Final.jar:?]
	at io.netty.channel.AbstractChannelHandlerContext.invokeChannelRead(AbstractChannelHandlerContext.java:379) ~[netty-transport-4.1.82.Final.jar:?]
	at io.netty.channel.AbstractChannelHandlerContext.invokeChannelRead(AbstractChannelHandlerContext.java:365) ~[netty-transport-4.1.82.Final.jar:?]
	at io.netty.channel.AbstractChannelHandlerContext.fireChannelRead(AbstractChannelHandlerContext.java:357) ~[netty-transport-4.1.82.Final.jar:?]
	at io.netty.channel.DefaultChannelPipeline$HeadContext.channelRead(DefaultChannelPipeline.java:1410) ~[netty-transport-4.1.82.Final.jar:?]
	at io.netty.channel.AbstractChannelHandlerContext.invokeChannelRead(AbstractChannelHandlerContext.java:379) ~[netty-transport-4.1.82.Final.jar:?]
	at io.netty.channel.AbstractChannelHandlerContext.invokeChannelRead(AbstractChannelHandlerContext.java:365) ~[netty-transport-4.1.82.Final.jar:?]
	at io.netty.channel.DefaultChannelPipeline.fireChannelRead(DefaultChannelPipeline.java:919) ~[netty-transport-4.1.82.Final.jar:?]
	at io.netty.channel.epoll.AbstractEpollStreamChannel$EpollStreamUnsafe.epollInReady(AbstractEpollStreamChannel.java:800) ~[netty-transport-classes-epoll-4.1.82.Final.jar:?]
	at io.netty.channel.epoll.EpollEventLoop.processReady(EpollEventLoop.java:499) ~[netty-transport-classes-epoll-4.1.82.Final.jar:?]
	at io.netty.channel.epoll.EpollEventLoop.run(EpollEventLoop.java:397) ~[netty-transport-classes-epoll-4.1.82.Final.jar:?]
	at io.netty.util.concurrent.SingleThreadEventExecutor$4.run(SingleThreadEventExecutor.java:997) ~[netty-common-4.1.82.Final.jar:?]
	at io.netty.util.internal.ThreadExecutorMap$2.run(ThreadExecutorMap.java:74) ~[netty-common-4.1.82.Final.jar:?]
	at java.lang.Thread.run(Thread.java:840) ~[?:?]
Caused by: java.lang.IndexOutOfBoundsException: Index 50 out of bounds for length 1
	at jdk.internal.util.Preconditions.outOfBounds(Preconditions.java:64) ~[?:?]
	at jdk.internal.util.Preconditions.outOfBoundsCheckIndex(Preconditions.java:70) ~[?:?]
	at jdk.internal.util.Preconditions.checkIndex(Preconditions.java:266) ~[?:?]
	at java.util.Objects.checkIndex(Objects.java:361) ~[?:?]
	at java.util.ArrayList.get(ArrayList.java:427) ~[?:?]
	at net.minecraft.network.NetworkState$PacketHandler.createPacket(NetworkState.java:458) ~[server-intermediary.jar:?]
	at net.minecraft.network.NetworkState.getPacketHandler(NetworkState.java:522) ~[server-intermediary.jar:?]
	at net.minecraft.network.DecoderHandler.decode(DecoderHandler.java:32) ~[server-intermediary.jar:?]
	at io.netty.handler.codec.ByteToMessageDecoder.decodeRemovalReentryProtection(ByteToMessageDecoder.java:519) ~[netty-codec-4.1.82.Final.jar:?]
	at io.netty.handler.codec.ByteToMessageDecoder.callDecode(ByteToMessageDecoder.java:458) ~[netty-codec-4.1.82.Final.jar:?]
	... 29 more
[00:08:18] [Netty Epoll Server IO #1/ERROR]: Exception occurred in netty pipeline
io.netty.handler.codec.DecoderException: java.lang.IndexOutOfBoundsException: Index 50 out of bounds for length 1
	at io.netty.handler.codec.ByteToMessageDecoder.callDecode(ByteToMessageDecoder.java:489) ~[netty-codec-4.1.82.Final.jar:?]
	at io.netty.handler.codec.ByteToMessageDecoder.channelRead(ByteToMessageDecoder.java:280) ~[netty-codec-4.1.82.Final.jar:?]
	at io.netty.channel.AbstractChannelHandlerContext.invokeChannelRead(AbstractChannelHandlerContext.java:379) ~[netty-transport-4.1.82.Final.jar:?]
	at io.netty.channel.AbstractChannelHandlerContext.invokeChannelRead(AbstractChannelHandlerContext.java:365) ~[netty-transport-4.1.82.Final.jar:?]
	at io.netty.channel.AbstractChannelHandlerContext.fireChannelRead(AbstractChannelHandlerContext.java:357) ~[netty-transport-4.1.82.Final.jar:?]
	at io.netty.handler.codec.ByteToMessageDecoder.fireChannelRead(ByteToMessageDecoder.java:336) ~[netty-codec-4.1.82.Final.jar:?]
	at io.netty.handler.codec.ByteToMessageDecoder.fireChannelRead(ByteToMessageDecoder.java:323) ~[netty-codec-4.1.82.Final.jar:?]
	at io.netty.handler.codec.ByteToMessageDecoder.callDecode(ByteToMessageDecoder.java:444) ~[netty-codec-4.1.82.Final.jar:?]
	at io.netty.handler.codec.ByteToMessageDecoder.channelRead(ByteToMessageDecoder.java:280) ~[netty-codec-4.1.82.Final.jar:?]
	at io.netty.channel.AbstractChannelHandlerContext.invokeChannelRead(AbstractChannelHandlerContext.java:379) ~[netty-transport-4.1.82.Final.jar:?]
	at io.netty.channel.AbstractChannelHandlerContext.invokeChannelRead(AbstractChannelHandlerContext.java:365) ~[netty-transport-4.1.82.Final.jar:?]
	at io.netty.channel.AbstractChannelHandlerContext.fireChannelRead(AbstractChannelHandlerContext.java:357) ~[netty-transport-4.1.82.Final.jar:?]
	at net.minecraft.network.LegacyQueryHandler.channelRead(LegacyQueryHandler.java:95) ~[server-intermediary.jar:?]
	at io.netty.channel.AbstractChannelHandlerContext.invokeChannelRead(AbstractChannelHandlerContext.java:379) ~[netty-transport-4.1.82.Final.jar:?]
	at io.netty.channel.AbstractChannelHandlerContext.invokeChannelRead(AbstractChannelHandlerContext.java:365) ~[netty-transport-4.1.82.Final.jar:?]
	at io.netty.channel.AbstractChannelHandlerContext.fireChannelRead(AbstractChannelHandlerContext.java:357) ~[netty-transport-4.1.82.Final.jar:?]
	at io.netty.handler.timeout.IdleStateHandler.channelRead(IdleStateHandler.java:286) ~[netty-handler-4.1.82.Final.jar:?]
	at io.netty.channel.AbstractChannelHandlerContext.invokeChannelRead(AbstractChannelHandlerContext.java:379) ~[netty-transport-4.1.82.Final.jar:?]
	at io.netty.channel.AbstractChannelHandlerContext.invokeChannelRead(AbstractChannelHandlerContext.java:365) ~[netty-transport-4.1.82.Final.jar:?]
	at io.netty.channel.AbstractChannelHandlerContext.fireChannelRead(AbstractChannelHandlerContext.java:357) ~[netty-transport-4.1.82.Final.jar:?]
	at io.netty.channel.DefaultChannelPipeline$HeadContext.channelRead(DefaultChannelPipeline.java:1410) ~[netty-transport-4.1.82.Final.jar:?]
	at io.netty.channel.AbstractChannelHandlerContext.invokeChannelRead(AbstractChannelHandlerContext.java:379) ~[netty-transport-4.1.82.Final.jar:?]
	at io.netty.channel.AbstractChannelHandlerContext.invokeChannelRead(AbstractChannelHandlerContext.java:365) ~[netty-transport-4.1.82.Final.jar:?]
	at io.netty.channel.DefaultChannelPipeline.fireChannelRead(DefaultChannelPipeline.java:919) ~[netty-transport-4.1.82.Final.jar:?]
	at io.netty.channel.epoll.AbstractEpollStreamChannel$EpollStreamUnsafe.epollInReady(AbstractEpollStreamChannel.java:800) ~[netty-transport-classes-epoll-4.1.82.Final.jar:?]
	at io.netty.channel.epoll.EpollEventLoop.processReady(EpollEventLoop.java:499) ~[netty-transport-classes-epoll-4.1.82.Final.jar:?]
	at io.netty.channel.epoll.EpollEventLoop.run(EpollEventLoop.java:397) ~[netty-transport-classes-epoll-4.1.82.Final.jar:?]
	at io.netty.util.concurrent.SingleThreadEventExecutor$4.run(SingleThreadEventExecutor.java:997) ~[netty-common-4.1.82.Final.jar:?]
	at io.netty.util.internal.ThreadExecutorMap$2.run(ThreadExecutorMap.java:74) ~[netty-common-4.1.82.Final.jar:?]
	at java.lang.Thread.run(Thread.java:840) ~[?:?]
Caused by: java.lang.IndexOutOfBoundsException: Index 50 out of bounds for length 1
	at jdk.internal.util.Preconditions.outOfBounds(Preconditions.java:64) ~[?:?]
	at jdk.internal.util.Preconditions.outOfBoundsCheckIndex(Preconditions.java:70) ~[?:?]
	at jdk.internal.util.Preconditions.checkIndex(Preconditions.java:266) ~[?:?]
	at java.util.Objects.checkIndex(Objects.java:361) ~[?:?]
	at java.util.ArrayList.get(ArrayList.java:427) ~[?:?]
	at net.minecraft.network.NetworkState$PacketHandler.createPacket(NetworkState.java:458) ~[server-intermediary.jar:?]
	at net.minecraft.network.NetworkState.getPacketHandler(NetworkState.java:522) ~[server-intermediary.jar:?]
	at net.minecraft.network.DecoderHandler.decode(DecoderHandler.java:32) ~[server-intermediary.jar:?]
	at io.netty.handler.codec.ByteToMessageDecoder.decodeRemovalReentryProtection(ByteToMessageDecoder.java:519) ~[netty-codec-4.1.82.Final.jar:?]
	at io.netty.handler.codec.ByteToMessageDecoder.callDecode(ByteToMessageDecoder.java:458) ~[netty-codec-4.1.82.Final.jar:?]
	... 29 more
[00:09:46] [Netty Epoll Server IO #2/ERROR]: Exception occurred in netty pipeline
io.netty.handler.codec.DecoderException: java.lang.IndexOutOfBoundsException: Index 3 out of bounds for length 1
	at io.netty.handler.codec.ByteToMessageDecoder.callDecode(ByteToMessageDecoder.java:489) ~[netty-codec-4.1.82.Final.jar:?]
	at io.netty.handler.codec.ByteToMessageDecoder.channelRead(ByteToMessageDecoder.java:280) ~[netty-codec-4.1.82.Final.jar:?]
	at io.netty.channel.AbstractChannelHandlerContext.invokeChannelRead(AbstractChannelHandlerContext.java:379) ~[netty-transport-4.1.82.Final.jar:?]
	at io.netty.channel.AbstractChannelHandlerContext.invokeChannelRead(AbstractChannelHandlerContext.java:365) ~[netty-transport-4.1.82.Final.jar:?]
	at io.netty.channel.AbstractChannelHandlerContext.fireChannelRead(AbstractChannelHandlerContext.java:357) ~[netty-transport-4.1.82.Final.jar:?]
	at io.netty.handler.codec.ByteToMessageDecoder.fireChannelRead(ByteToMessageDecoder.java:336) ~[netty-codec-4.1.82.Final.jar:?]
	at io.netty.handler.codec.ByteToMessageDecoder.fireChannelRead(ByteToMessageDecoder.java:323) ~[netty-codec-4.1.82.Final.jar:?]
	at io.netty.handler.codec.ByteToMessageDecoder.callDecode(ByteToMessageDecoder.java:444) ~[netty-codec-4.1.82.Final.jar:?]
	at io.netty.handler.codec.ByteToMessageDecoder.channelRead(ByteToMessageDecoder.java:280) ~[netty-codec-4.1.82.Final.jar:?]
	at io.netty.channel.AbstractChannelHandlerContext.invokeChannelRead(AbstractChannelHandlerContext.java:379) ~[netty-transport-4.1.82.Final.jar:?]
	at io.netty.channel.AbstractChannelHandlerContext.invokeChannelRead(AbstractChannelHandlerContext.java:365) ~[netty-transport-4.1.82.Final.jar:?]
	at io.netty.channel.AbstractChannelHandlerContext.fireChannelRead(AbstractChannelHandlerContext.java:357) ~[netty-transport-4.1.82.Final.jar:?]
	at net.minecraft.network.LegacyQueryHandler.channelRead(LegacyQueryHandler.java:95) ~[server-intermediary.jar:?]
	at io.netty.channel.AbstractChannelHandlerContext.invokeChannelRead(AbstractChannelHandlerContext.java:379) ~[netty-transport-4.1.82.Final.jar:?]
	at io.netty.channel.AbstractChannelHandlerContext.invokeChannelRead(AbstractChannelHandlerContext.java:365) ~[netty-transport-4.1.82.Final.jar:?]
	at io.netty.channel.AbstractChannelHandlerContext.fireChannelRead(AbstractChannelHandlerContext.java:357) ~[netty-transport-4.1.82.Final.jar:?]
	at io.netty.handler.timeout.IdleStateHandler.channelRead(IdleStateHandler.java:286) ~[netty-handler-4.1.82.Final.jar:?]
	at io.netty.channel.AbstractChannelHandlerContext.invokeChannelRead(AbstractChannelHandlerContext.java:379) ~[netty-transport-4.1.82.Final.jar:?]
	at io.netty.channel.AbstractChannelHandlerContext.invokeChannelRead(AbstractChannelHandlerContext.java:365) ~[netty-transport-4.1.82.Final.jar:?]
	at io.netty.channel.AbstractChannelHandlerContext.fireChannelRead(AbstractChannelHandlerContext.java:357) ~[netty-transport-4.1.82.Final.jar:?]
	at io.netty.channel.DefaultChannelPipeline$HeadContext.channelRead(DefaultChannelPipeline.java:1410) ~[netty-transport-4.1.82.Final.jar:?]
	at io.netty.channel.AbstractChannelHandlerContext.invokeChannelRead(AbstractChannelHandlerContext.java:379) ~[netty-transport-4.1.82.Final.jar:?]
	at io.netty.channel.AbstractChannelHandlerContext.invokeChannelRead(AbstractChannelHandlerContext.java:365) ~[netty-transport-4.1.82.Final.jar:?]
	at io.netty.channel.DefaultChannelPipeline.fireChannelRead(DefaultChannelPipeline.java:919) ~[netty-transport-4.1.82.Final.jar:?]
	at io.netty.channel.epoll.AbstractEpollStreamChannel$EpollStreamUnsafe.epollInReady(AbstractEpollStreamChannel.java:800) ~[netty-transport-classes-epoll-4.1.82.Final.jar:?]
	at io.netty.channel.epoll.EpollEventLoop.processReady(EpollEventLoop.java:499) ~[netty-transport-classes-epoll-4.1.82.Final.jar:?]
	at io.netty.channel.epoll.EpollEventLoop.run(EpollEventLoop.java:397) ~[netty-transport-classes-epoll-4.1.82.Final.jar:?]
	at io.netty.util.concurrent.SingleThreadEventExecutor$4.run(SingleThreadEventExecutor.java:997) ~[netty-common-4.1.82.Final.jar:?]
	at io.netty.util.internal.ThreadExecutorMap$2.run(ThreadExecutorMap.java:74) ~[netty-common-4.1.82.Final.jar:?]
	at java.lang.Thread.run(Thread.java:840) ~[?:?]
Caused by: java.lang.IndexOutOfBoundsException: Index 3 out of bounds for length 1
	at jdk.internal.util.Preconditions.outOfBounds(Preconditions.java:64) ~[?:?]
	at jdk.internal.util.Preconditions.outOfBoundsCheckIndex(Preconditions.java:70) ~[?:?]
	at jdk.internal.util.Preconditions.checkIndex(Preconditions.java:266) ~[?:?]
	at java.util.Objects.checkIndex(Objects.java:361) ~[?:?]
	at java.util.ArrayList.get(ArrayList.java:427) ~[?:?]
	at net.minecraft.network.NetworkState$PacketHandler.createPacket(NetworkState.java:458) ~[server-intermediary.jar:?]
	at net.minecraft.network.NetworkState.getPacketHandler(NetworkState.java:522) ~[server-intermediary.jar:?]
	at net.minecraft.network.DecoderHandler.decode(DecoderHandler.java:32) ~[server-intermediary.jar:?]
	at io.netty.handler.codec.ByteToMessageDecoder.decodeRemovalReentryProtection(ByteToMessageDecoder.java:519) ~[netty-codec-4.1.82.Final.jar:?]
	at io.netty.handler.codec.ByteToMessageDecoder.callDecode(ByteToMessageDecoder.java:458) ~[netty-codec-4.1.82.Final.jar:?]
	... 29 more
[00:09:48] [Netty Epoll Server IO #4/ERROR]: Exception occurred in netty pipeline
io.netty.handler.codec.DecoderException: java.lang.IndexOutOfBoundsException: Index 3 out of bounds for length 1
	at io.netty.handler.codec.ByteToMessageDecoder.callDecode(ByteToMessageDecoder.java:489) ~[netty-codec-4.1.82.Final.jar:?]
	at io.netty.handler.codec.ByteToMessageDecoder.channelRead(ByteToMessageDecoder.java:280) ~[netty-codec-4.1.82.Final.jar:?]
	at io.netty.channel.AbstractChannelHandlerContext.invokeChannelRead(AbstractChannelHandlerContext.java:379) ~[netty-transport-4.1.82.Final.jar:?]
	at io.netty.channel.AbstractChannelHandlerContext.invokeChannelRead(AbstractChannelHandlerContext.java:365) ~[netty-transport-4.1.82.Final.jar:?]
	at io.netty.channel.AbstractChannelHandlerContext.fireChannelRead(AbstractChannelHandlerContext.java:357) ~[netty-transport-4.1.82.Final.jar:?]
	at io.netty.handler.codec.ByteToMessageDecoder.fireChannelRead(ByteToMessageDecoder.java:336) ~[netty-codec-4.1.82.Final.jar:?]
	at io.netty.handler.codec.ByteToMessageDecoder.fireChannelRead(ByteToMessageDecoder.java:323) ~[netty-codec-4.1.82.Final.jar:?]
	at io.netty.handler.codec.ByteToMessageDecoder.callDecode(ByteToMessageDecoder.java:444) ~[netty-codec-4.1.82.Final.jar:?]
	at io.netty.handler.codec.ByteToMessageDecoder.channelRead(ByteToMessageDecoder.java:280) ~[netty-codec-4.1.82.Final.jar:?]
	at io.netty.channel.AbstractChannelHandlerContext.invokeChannelRead(AbstractChannelHandlerContext.java:379) ~[netty-transport-4.1.82.Final.jar:?]
	at io.netty.channel.AbstractChannelHandlerContext.invokeChannelRead(AbstractChannelHandlerContext.java:365) ~[netty-transport-4.1.82.Final.jar:?]
	at io.netty.channel.AbstractChannelHandlerContext.fireChannelRead(AbstractChannelHandlerContext.java:357) ~[netty-transport-4.1.82.Final.jar:?]
	at net.minecraft.network.LegacyQueryHandler.channelRead(LegacyQueryHandler.java:95) ~[server-intermediary.jar:?]
	at io.netty.channel.AbstractChannelHandlerContext.invokeChannelRead(AbstractChannelHandlerContext.java:379) ~[netty-transport-4.1.82.Final.jar:?]
	at io.netty.channel.AbstractChannelHandlerContext.invokeChannelRead(AbstractChannelHandlerContext.java:365) ~[netty-transport-4.1.82.Final.jar:?]
	at io.netty.channel.AbstractChannelHandlerContext.fireChannelRead(AbstractChannelHandlerContext.java:357) ~[netty-transport-4.1.82.Final.jar:?]
	at io.netty.handler.timeout.IdleStateHandler.channelRead(IdleStateHandler.java:286) ~[netty-handler-4.1.82.Final.jar:?]
	at io.netty.channel.AbstractChannelHandlerContext.invokeChannelRead(AbstractChannelHandlerContext.java:379) ~[netty-transport-4.1.82.Final.jar:?]
	at io.netty.channel.AbstractChannelHandlerContext.invokeChannelRead(AbstractChannelHandlerContext.java:365) ~[netty-transport-4.1.82.Final.jar:?]
	at io.netty.channel.AbstractChannelHandlerContext.fireChannelRead(AbstractChannelHandlerContext.java:357) ~[netty-transport-4.1.82.Final.jar:?]
	at io.netty.channel.DefaultChannelPipeline$HeadContext.channelRead(DefaultChannelPipeline.java:1410) ~[netty-transport-4.1.82.Final.jar:?]
	at io.netty.channel.AbstractChannelHandlerContext.invokeChannelRead(AbstractChannelHandlerContext.java:379) ~[netty-transport-4.1.82.Final.jar:?]
	at io.netty.channel.AbstractChannelHandlerContext.invokeChannelRead(AbstractChannelHandlerContext.java:365) ~[netty-transport-4.1.82.Final.jar:?]
	at io.netty.channel.DefaultChannelPipeline.fireChannelRead(DefaultChannelPipeline.java:919) ~[netty-transport-4.1.82.Final.jar:?]
	at io.netty.channel.epoll.AbstractEpollStreamChannel$EpollStreamUnsafe.epollInReady(AbstractEpollStreamChannel.java:800) ~[netty-transport-classes-epoll-4.1.82.Final.jar:?]
	at io.netty.channel.epoll.EpollEventLoop.processReady(EpollEventLoop.java:499) ~[netty-transport-classes-epoll-4.1.82.Final.jar:?]
	at io.netty.channel.epoll.EpollEventLoop.run(EpollEventLoop.java:397) ~[netty-transport-classes-epoll-4.1.82.Final.jar:?]
	at io.netty.util.concurrent.SingleThreadEventExecutor$4.run(SingleThreadEventExecutor.java:997) ~[netty-common-4.1.82.Final.jar:?]
	at io.netty.util.internal.ThreadExecutorMap$2.run(ThreadExecutorMap.java:74) ~[netty-common-4.1.82.Final.jar:?]
	at java.lang.Thread.run(Thread.java:840) ~[?:?]
Caused by: java.lang.IndexOutOfBoundsException: Index 3 out of bounds for length 1
	at jdk.internal.util.Preconditions.outOfBounds(Preconditions.java:64) ~[?:?]
	at jdk.internal.util.Preconditions.outOfBoundsCheckIndex(Preconditions.java:70) ~[?:?]
	at jdk.internal.util.Preconditions.checkIndex(Preconditions.java:266) ~[?:?]
	at java.util.Objects.checkIndex(Objects.java:361) ~[?:?]
	at java.util.ArrayList.get(ArrayList.java:427) ~[?:?]
	at net.minecraft.network.NetworkState$PacketHandler.createPacket(NetworkState.java:458) ~[server-intermediary.jar:?]
	at net.minecraft.network.NetworkState.getPacketHandler(NetworkState.java:522) ~[server-intermediary.jar:?]
	at net.minecraft.network.DecoderHandler.decode(DecoderHandler.java:32) ~[server-intermediary.jar:?]
	at io.netty.handler.codec.ByteToMessageDecoder.decodeRemovalReentryProtection(ByteToMessageDecoder.java:519) ~[netty-codec-4.1.82.Final.jar:?]
	at io.netty.handler.codec.ByteToMessageDecoder.callDecode(ByteToMessageDecoder.java:458) ~[netty-codec-4.1.82.Final.jar:?]
	... 29 more
[00:09:48] [Netty Epoll Server IO #5/ERROR]: Exception occurred in netty pipeline
io.netty.handler.codec.DecoderException: java.lang.IndexOutOfBoundsException: Index 3 out of bounds for length 1
	at io.netty.handler.codec.ByteToMessageDecoder.callDecode(ByteToMessageDecoder.java:489) ~[netty-codec-4.1.82.Final.jar:?]
	at io.netty.handler.codec.ByteToMessageDecoder.channelRead(ByteToMessageDecoder.java:280) ~[netty-codec-4.1.82.Final.jar:?]
	at io.netty.channel.AbstractChannelHandlerContext.invokeChannelRead(AbstractChannelHandlerContext.java:379) ~[netty-transport-4.1.82.Final.jar:?]
	at io.netty.channel.AbstractChannelHandlerContext.invokeChannelRead(AbstractChannelHandlerContext.java:365) ~[netty-transport-4.1.82.Final.jar:?]
	at io.netty.channel.AbstractChannelHandlerContext.fireChannelRead(AbstractChannelHandlerContext.java:357) ~[netty-transport-4.1.82.Final.jar:?]
	at io.netty.handler.codec.ByteToMessageDecoder.fireChannelRead(ByteToMessageDecoder.java:336) ~[netty-codec-4.1.82.Final.jar:?]
	at io.netty.handler.codec.ByteToMessageDecoder.fireChannelRead(ByteToMessageDecoder.java:323) ~[netty-codec-4.1.82.Final.jar:?]
	at io.netty.handler.codec.ByteToMessageDecoder.callDecode(ByteToMessageDecoder.java:444) ~[netty-codec-4.1.82.Final.jar:?]
	at io.netty.handler.codec.ByteToMessageDecoder.channelRead(ByteToMessageDecoder.java:280) ~[netty-codec-4.1.82.Final.jar:?]
	at io.netty.channel.AbstractChannelHandlerContext.invokeChannelRead(AbstractChannelHandlerContext.java:379) ~[netty-transport-4.1.82.Final.jar:?]
	at io.netty.channel.AbstractChannelHandlerContext.invokeChannelRead(AbstractChannelHandlerContext.java:365) ~[netty-transport-4.1.82.Final.jar:?]
	at io.netty.channel.AbstractChannelHandlerContext.fireChannelRead(AbstractChannelHandlerContext.java:357) ~[netty-transport-4.1.82.Final.jar:?]
	at net.minecraft.network.LegacyQueryHandler.channelRead(LegacyQueryHandler.java:95) ~[server-intermediary.jar:?]
	at io.netty.channel.AbstractChannelHandlerContext.invokeChannelRead(AbstractChannelHandlerContext.java:379) ~[netty-transport-4.1.82.Final.jar:?]
	at io.netty.channel.AbstractChannelHandlerContext.invokeChannelRead(AbstractChannelHandlerContext.java:365) ~[netty-transport-4.1.82.Final.jar:?]
	at io.netty.channel.AbstractChannelHandlerContext.fireChannelRead(AbstractChannelHandlerContext.java:357) ~[netty-transport-4.1.82.Final.jar:?]
	at io.netty.handler.timeout.IdleStateHandler.channelRead(IdleStateHandler.java:286) ~[netty-handler-4.1.82.Final.jar:?]
	at io.netty.channel.AbstractChannelHandlerContext.invokeChannelRead(AbstractChannelHandlerContext.java:379) ~[netty-transport-4.1.82.Final.jar:?]
	at io.netty.channel.AbstractChannelHandlerContext.invokeChannelRead(AbstractChannelHandlerContext.java:365) ~[netty-transport-4.1.82.Final.jar:?]
	at io.netty.channel.AbstractChannelHandlerContext.fireChannelRead(AbstractChannelHandlerContext.java:357) ~[netty-transport-4.1.82.Final.jar:?]
	at io.netty.channel.DefaultChannelPipeline$HeadContext.channelRead(DefaultChannelPipeline.java:1410) ~[netty-transport-4.1.82.Final.jar:?]
	at io.netty.channel.AbstractChannelHandlerContext.invokeChannelRead(AbstractChannelHandlerContext.java:379) ~[netty-transport-4.1.82.Final.jar:?]
	at io.netty.channel.AbstractChannelHandlerContext.invokeChannelRead(AbstractChannelHandlerContext.java:365) ~[netty-transport-4.1.82.Final.jar:?]
	at io.netty.channel.DefaultChannelPipeline.fireChannelRead(DefaultChannelPipeline.java:919) ~[netty-transport-4.1.82.Final.jar:?]
	at io.netty.channel.epoll.AbstractEpollStreamChannel$EpollStreamUnsafe.epollInReady(AbstractEpollStreamChannel.java:800) ~[netty-transport-classes-epoll-4.1.82.Final.jar:?]
	at io.netty.channel.epoll.EpollEventLoop.processReady(EpollEventLoop.java:499) ~[netty-transport-classes-epoll-4.1.82.Final.jar:?]
	at io.netty.channel.epoll.EpollEventLoop.run(EpollEventLoop.java:397) ~[netty-transport-classes-epoll-4.1.82.Final.jar:?]
	at io.netty.util.concurrent.SingleThreadEventExecutor$4.run(SingleThreadEventExecutor.java:997) ~[netty-common-4.1.82.Final.jar:?]
	at io.netty.util.internal.ThreadExecutorMap$2.run(ThreadExecutorMap.java:74) ~[netty-common-4.1.82.Final.jar:?]
	at java.lang.Thread.run(Thread.java:840) ~[?:?]
Caused by: java.lang.IndexOutOfBoundsException: Index 3 out of bounds for length 1
	at jdk.internal.util.Preconditions.outOfBounds(Preconditions.java:64) ~[?:?]
	at jdk.internal.util.Preconditions.outOfBoundsCheckIndex(Preconditions.java:70) ~[?:?]
	at jdk.internal.util.Preconditions.checkIndex(Preconditions.java:266) ~[?:?]
	at java.util.Objects.checkIndex(Objects.java:361) ~[?:?]
	at java.util.ArrayList.get(ArrayList.java:427) ~[?:?]
	at net.minecraft.network.NetworkState$PacketHandler.createPacket(NetworkState.java:458) ~[server-intermediary.jar:?]
	at net.minecraft.network.NetworkState.getPacketHandler(NetworkState.java:522) ~[server-intermediary.jar:?]
	at net.minecraft.network.DecoderHandler.decode(DecoderHandler.java:32) ~[server-intermediary.jar:?]
	at io.netty.handler.codec.ByteToMessageDecoder.decodeRemovalReentryProtection(ByteToMessageDecoder.java:519) ~[netty-codec-4.1.82.Final.jar:?]
	at io.netty.handler.codec.ByteToMessageDecoder.callDecode(ByteToMessageDecoder.java:458) ~[netty-codec-4.1.82.Final.jar:?]
	... 29 more
[00:09:49] [Netty Epoll Server IO #6/ERROR]: Exception occurred in netty pipeline
io.netty.handler.codec.DecoderException: java.lang.IndexOutOfBoundsException: Index 3 out of bounds for length 1
	at io.netty.handler.codec.ByteToMessageDecoder.callDecode(ByteToMessageDecoder.java:489) ~[netty-codec-4.1.82.Final.jar:?]
	at io.netty.handler.codec.ByteToMessageDecoder.channelRead(ByteToMessageDecoder.java:280) ~[netty-codec-4.1.82.Final.jar:?]
	at io.netty.channel.AbstractChannelHandlerContext.invokeChannelRead(AbstractChannelHandlerContext.java:379) ~[netty-transport-4.1.82.Final.jar:?]
	at io.netty.channel.AbstractChannelHandlerContext.invokeChannelRead(AbstractChannelHandlerContext.java:365) ~[netty-transport-4.1.82.Final.jar:?]
	at io.netty.channel.AbstractChannelHandlerContext.fireChannelRead(AbstractChannelHandlerContext.java:357) ~[netty-transport-4.1.82.Final.jar:?]
	at io.netty.handler.codec.ByteToMessageDecoder.fireChannelRead(ByteToMessageDecoder.java:336) ~[netty-codec-4.1.82.Final.jar:?]
	at io.netty.handler.codec.ByteToMessageDecoder.fireChannelRead(ByteToMessageDecoder.java:323) ~[netty-codec-4.1.82.Final.jar:?]
	at io.netty.handler.codec.ByteToMessageDecoder.callDecode(ByteToMessageDecoder.java:444) ~[netty-codec-4.1.82.Final.jar:?]
	at io.netty.handler.codec.ByteToMessageDecoder.channelRead(ByteToMessageDecoder.java:280) ~[netty-codec-4.1.82.Final.jar:?]
	at io.netty.channel.AbstractChannelHandlerContext.invokeChannelRead(AbstractChannelHandlerContext.java:379) ~[netty-transport-4.1.82.Final.jar:?]
	at io.netty.channel.AbstractChannelHandlerContext.invokeChannelRead(AbstractChannelHandlerContext.java:365) ~[netty-transport-4.1.82.Final.jar:?]
	at io.netty.channel.AbstractChannelHandlerContext.fireChannelRead(AbstractChannelHandlerContext.java:357) ~[netty-transport-4.1.82.Final.jar:?]
	at net.minecraft.network.LegacyQueryHandler.channelRead(LegacyQueryHandler.java:95) ~[server-intermediary.jar:?]
	at io.netty.channel.AbstractChannelHandlerContext.invokeChannelRead(AbstractChannelHandlerContext.java:379) ~[netty-transport-4.1.82.Final.jar:?]
	at io.netty.channel.AbstractChannelHandlerContext.invokeChannelRead(AbstractChannelHandlerContext.java:365) ~[netty-transport-4.1.82.Final.jar:?]
	at io.netty.channel.AbstractChannelHandlerContext.fireChannelRead(AbstractChannelHandlerContext.java:357) ~[netty-transport-4.1.82.Final.jar:?]
	at io.netty.handler.timeout.IdleStateHandler.channelRead(IdleStateHandler.java:286) ~[netty-handler-4.1.82.Final.jar:?]
	at io.netty.channel.AbstractChannelHandlerContext.invokeChannelRead(AbstractChannelHandlerContext.java:379) ~[netty-transport-4.1.82.Final.jar:?]
	at io.netty.channel.AbstractChannelHandlerContext.invokeChannelRead(AbstractChannelHandlerContext.java:365) ~[netty-transport-4.1.82.Final.jar:?]
	at io.netty.channel.AbstractChannelHandlerContext.fireChannelRead(AbstractChannelHandlerContext.java:357) ~[netty-transport-4.1.82.Final.jar:?]
	at io.netty.channel.DefaultChannelPipeline$HeadContext.channelRead(DefaultChannelPipeline.java:1410) ~[netty-transport-4.1.82.Final.jar:?]
	at io.netty.channel.AbstractChannelHandlerContext.invokeChannelRead(AbstractChannelHandlerContext.java:379) ~[netty-transport-4.1.82.Final.jar:?]
	at io.netty.channel.AbstractChannelHandlerContext.invokeChannelRead(AbstractChannelHandlerContext.java:365) ~[netty-transport-4.1.82.Final.jar:?]
	at io.netty.channel.DefaultChannelPipeline.fireChannelRead(DefaultChannelPipeline.java:919) ~[netty-transport-4.1.82.Final.jar:?]
	at io.netty.channel.epoll.AbstractEpollStreamChannel$EpollStreamUnsafe.epollInReady(AbstractEpollStreamChannel.java:800) ~[netty-transport-classes-epoll-4.1.82.Final.jar:?]
	at io.netty.channel.epoll.EpollEventLoop.processReady(EpollEventLoop.java:499) ~[netty-transport-classes-epoll-4.1.82.Final.jar:?]
	at io.netty.channel.epoll.EpollEventLoop.run(EpollEventLoop.java:397) ~[netty-transport-classes-epoll-4.1.82.Final.jar:?]
	at io.netty.util.concurrent.SingleThreadEventExecutor$4.run(SingleThreadEventExecutor.java:997) ~[netty-common-4.1.82.Final.jar:?]
	at io.netty.util.internal.ThreadExecutorMap$2.run(ThreadExecutorMap.java:74) ~[netty-common-4.1.82.Final.jar:?]
	at java.lang.Thread.run(Thread.java:840) ~[?:?]
Caused by: java.lang.IndexOutOfBoundsException: Index 3 out of bounds for length 1
	at jdk.internal.util.Preconditions.outOfBounds(Preconditions.java:64) ~[?:?]
	at jdk.internal.util.Preconditions.outOfBoundsCheckIndex(Preconditions.java:70) ~[?:?]
	at jdk.internal.util.Preconditions.checkIndex(Preconditions.java:266) ~[?:?]
	at java.util.Objects.checkIndex(Objects.java:361) ~[?:?]
	at java.util.ArrayList.get(ArrayList.java:427) ~[?:?]
	at net.minecraft.network.NetworkState$PacketHandler.createPacket(NetworkState.java:458) ~[server-intermediary.jar:?]
	at net.minecraft.network.NetworkState.getPacketHandler(NetworkState.java:522) ~[server-intermediary.jar:?]
	at net.minecraft.network.DecoderHandler.decode(DecoderHandler.java:32) ~[server-intermediary.jar:?]
	at io.netty.handler.codec.ByteToMessageDecoder.decodeRemovalReentryProtection(ByteToMessageDecoder.java:519) ~[netty-codec-4.1.82.Final.jar:?]
	at io.netty.handler.codec.ByteToMessageDecoder.callDecode(ByteToMessageDecoder.java:458) ~[netty-codec-4.1.82.Final.jar:?]
	... 29 more
[00:09:50] [Netty Epoll Server IO #7/ERROR]: Exception occurred in netty pipeline
io.netty.handler.codec.DecoderException: java.lang.IndexOutOfBoundsException: Index 3 out of bounds for length 1
	at io.netty.handler.codec.ByteToMessageDecoder.callDecode(ByteToMessageDecoder.java:489) ~[netty-codec-4.1.82.Final.jar:?]
	at io.netty.handler.codec.ByteToMessageDecoder.channelRead(ByteToMessageDecoder.java:280) ~[netty-codec-4.1.82.Final.jar:?]
	at io.netty.channel.AbstractChannelHandlerContext.invokeChannelRead(AbstractChannelHandlerContext.java:379) ~[netty-transport-4.1.82.Final.jar:?]
	at io.netty.channel.AbstractChannelHandlerContext.invokeChannelRead(AbstractChannelHandlerContext.java:365) ~[netty-transport-4.1.82.Final.jar:?]
	at io.netty.channel.AbstractChannelHandlerContext.fireChannelRead(AbstractChannelHandlerContext.java:357) ~[netty-transport-4.1.82.Final.jar:?]
	at io.netty.handler.codec.ByteToMessageDecoder.fireChannelRead(ByteToMessageDecoder.java:336) ~[netty-codec-4.1.82.Final.jar:?]
	at io.netty.handler.codec.ByteToMessageDecoder.fireChannelRead(ByteToMessageDecoder.java:323) ~[netty-codec-4.1.82.Final.jar:?]
	at io.netty.handler.codec.ByteToMessageDecoder.callDecode(ByteToMessageDecoder.java:444) ~[netty-codec-4.1.82.Final.jar:?]
	at io.netty.handler.codec.ByteToMessageDecoder.channelRead(ByteToMessageDecoder.java:280) ~[netty-codec-4.1.82.Final.jar:?]
	at io.netty.channel.AbstractChannelHandlerContext.invokeChannelRead(AbstractChannelHandlerContext.java:379) ~[netty-transport-4.1.82.Final.jar:?]
	at io.netty.channel.AbstractChannelHandlerContext.invokeChannelRead(AbstractChannelHandlerContext.java:365) ~[netty-transport-4.1.82.Final.jar:?]
	at io.netty.channel.AbstractChannelHandlerContext.fireChannelRead(AbstractChannelHandlerContext.java:357) ~[netty-transport-4.1.82.Final.jar:?]
	at net.minecraft.network.LegacyQueryHandler.channelRead(LegacyQueryHandler.java:95) ~[server-intermediary.jar:?]
	at io.netty.channel.AbstractChannelHandlerContext.invokeChannelRead(AbstractChannelHandlerContext.java:379) ~[netty-transport-4.1.82.Final.jar:?]
	at io.netty.channel.AbstractChannelHandlerContext.invokeChannelRead(AbstractChannelHandlerContext.java:365) ~[netty-transport-4.1.82.Final.jar:?]
	at io.netty.channel.AbstractChannelHandlerContext.fireChannelRead(AbstractChannelHandlerContext.java:357) ~[netty-transport-4.1.82.Final.jar:?]
	at io.netty.handler.timeout.IdleStateHandler.channelRead(IdleStateHandler.java:286) ~[netty-handler-4.1.82.Final.jar:?]
	at io.netty.channel.AbstractChannelHandlerContext.invokeChannelRead(AbstractChannelHandlerContext.java:379) ~[netty-transport-4.1.82.Final.jar:?]
	at io.netty.channel.AbstractChannelHandlerContext.invokeChannelRead(AbstractChannelHandlerContext.java:365) ~[netty-transport-4.1.82.Final.jar:?]
	at io.netty.channel.AbstractChannelHandlerContext.fireChannelRead(AbstractChannelHandlerContext.java:357) ~[netty-transport-4.1.82.Final.jar:?]
	at io.netty.channel.DefaultChannelPipeline$HeadContext.channelRead(DefaultChannelPipeline.java:1410) ~[netty-transport-4.1.82.Final.jar:?]
	at io.netty.channel.AbstractChannelHandlerContext.invokeChannelRead(AbstractChannelHandlerContext.java:379) ~[netty-transport-4.1.82.Final.jar:?]
	at io.netty.channel.AbstractChannelHandlerContext.invokeChannelRead(AbstractChannelHandlerContext.java:365) ~[netty-transport-4.1.82.Final.jar:?]
	at io.netty.channel.DefaultChannelPipeline.fireChannelRead(DefaultChannelPipeline.java:919) ~[netty-transport-4.1.82.Final.jar:?]
	at io.netty.channel.epoll.AbstractEpollStreamChannel$EpollStreamUnsafe.epollInReady(AbstractEpollStreamChannel.java:800) ~[netty-transport-classes-epoll-4.1.82.Final.jar:?]
	at io.netty.channel.epoll.EpollEventLoop.processReady(EpollEventLoop.java:499) ~[netty-transport-classes-epoll-4.1.82.Final.jar:?]
	at io.netty.channel.epoll.EpollEventLoop.run(EpollEventLoop.java:397) ~[netty-transport-classes-epoll-4.1.82.Final.jar:?]
	at io.netty.util.concurrent.SingleThreadEventExecutor$4.run(SingleThreadEventExecutor.java:997) ~[netty-common-4.1.82.Final.jar:?]
	at io.netty.util.internal.ThreadExecutorMap$2.run(ThreadExecutorMap.java:74) ~[netty-common-4.1.82.Final.jar:?]
	at java.lang.Thread.run(Thread.java:840) ~[?:?]
Caused by: java.lang.IndexOutOfBoundsException: Index 3 out of bounds for length 1
	at jdk.internal.util.Preconditions.outOfBounds(Preconditions.java:64) ~[?:?]
	at jdk.internal.util.Preconditions.outOfBoundsCheckIndex(Preconditions.java:70) ~[?:?]
	at jdk.internal.util.Preconditions.checkIndex(Preconditions.java:266) ~[?:?]
	at java.util.Objects.checkIndex(Objects.java:361) ~[?:?]
	at java.util.ArrayList.get(ArrayList.java:427) ~[?:?]
	at net.minecraft.network.NetworkState$PacketHandler.createPacket(NetworkState.java:458) ~[server-intermediary.jar:?]
	at net.minecraft.network.NetworkState.getPacketHandler(NetworkState.java:522) ~[server-intermediary.jar:?]
	at net.minecraft.network.DecoderHandler.decode(DecoderHandler.java:32) ~[server-intermediary.jar:?]
	at io.netty.handler.codec.ByteToMessageDecoder.decodeRemovalReentryProtection(ByteToMessageDecoder.java:519) ~[netty-codec-4.1.82.Final.jar:?]
	at io.netty.handler.codec.ByteToMessageDecoder.callDecode(ByteToMessageDecoder.java:458) ~[netty-codec-4.1.82.Final.jar:?]
	... 29 more
[00:09:50] [Netty Epoll Server IO #0/ERROR]: Exception occurred in netty pipeline
io.netty.handler.codec.DecoderException: java.lang.IndexOutOfBoundsException: Index 3 out of bounds for length 1
	at io.netty.handler.codec.ByteToMessageDecoder.callDecode(ByteToMessageDecoder.java:489) ~[netty-codec-4.1.82.Final.jar:?]
	at io.netty.handler.codec.ByteToMessageDecoder.channelRead(ByteToMessageDecoder.java:280) ~[netty-codec-4.1.82.Final.jar:?]
	at io.netty.channel.AbstractChannelHandlerContext.invokeChannelRead(AbstractChannelHandlerContext.java:379) ~[netty-transport-4.1.82.Final.jar:?]
	at io.netty.channel.AbstractChannelHandlerContext.invokeChannelRead(AbstractChannelHandlerContext.java:365) ~[netty-transport-4.1.82.Final.jar:?]
	at io.netty.channel.AbstractChannelHandlerContext.fireChannelRead(AbstractChannelHandlerContext.java:357) ~[netty-transport-4.1.82.Final.jar:?]
	at io.netty.handler.codec.ByteToMessageDecoder.fireChannelRead(ByteToMessageDecoder.java:336) ~[netty-codec-4.1.82.Final.jar:?]
	at io.netty.handler.codec.ByteToMessageDecoder.fireChannelRead(ByteToMessageDecoder.java:323) ~[netty-codec-4.1.82.Final.jar:?]
	at io.netty.handler.codec.ByteToMessageDecoder.callDecode(ByteToMessageDecoder.java:444) ~[netty-codec-4.1.82.Final.jar:?]
	at io.netty.handler.codec.ByteToMessageDecoder.channelRead(ByteToMessageDecoder.java:280) ~[netty-codec-4.1.82.Final.jar:?]
	at io.netty.channel.AbstractChannelHandlerContext.invokeChannelRead(AbstractChannelHandlerContext.java:379) ~[netty-transport-4.1.82.Final.jar:?]
	at io.netty.channel.AbstractChannelHandlerContext.invokeChannelRead(AbstractChannelHandlerContext.java:365) ~[netty-transport-4.1.82.Final.jar:?]
	at io.netty.channel.AbstractChannelHandlerContext.fireChannelRead(AbstractChannelHandlerContext.java:357) ~[netty-transport-4.1.82.Final.jar:?]
	at net.minecraft.network.LegacyQueryHandler.channelRead(LegacyQueryHandler.java:95) ~[server-intermediary.jar:?]
	at io.netty.channel.AbstractChannelHandlerContext.invokeChannelRead(AbstractChannelHandlerContext.java:379) ~[netty-transport-4.1.82.Final.jar:?]
	at io.netty.channel.AbstractChannelHandlerContext.invokeChannelRead(AbstractChannelHandlerContext.java:365) ~[netty-transport-4.1.82.Final.jar:?]
	at io.netty.channel.AbstractChannelHandlerContext.fireChannelRead(AbstractChannelHandlerContext.java:357) ~[netty-transport-4.1.82.Final.jar:?]
	at io.netty.handler.timeout.IdleStateHandler.channelRead(IdleStateHandler.java:286) ~[netty-handler-4.1.82.Final.jar:?]
	at io.netty.channel.AbstractChannelHandlerContext.invokeChannelRead(AbstractChannelHandlerContext.java:379) ~[netty-transport-4.1.82.Final.jar:?]
	at io.netty.channel.AbstractChannelHandlerContext.invokeChannelRead(AbstractChannelHandlerContext.java:365) ~[netty-transport-4.1.82.Final.jar:?]
	at io.netty.channel.AbstractChannelHandlerContext.fireChannelRead(AbstractChannelHandlerContext.java:357) ~[netty-transport-4.1.82.Final.jar:?]
	at io.netty.channel.DefaultChannelPipeline$HeadContext.channelRead(DefaultChannelPipeline.java:1410) ~[netty-transport-4.1.82.Final.jar:?]
	at io.netty.channel.AbstractChannelHandlerContext.invokeChannelRead(AbstractChannelHandlerContext.java:379) ~[netty-transport-4.1.82.Final.jar:?]
	at io.netty.channel.AbstractChannelHandlerContext.invokeChannelRead(AbstractChannelHandlerContext.java:365) ~[netty-transport-4.1.82.Final.jar:?]
	at io.netty.channel.DefaultChannelPipeline.fireChannelRead(DefaultChannelPipeline.java:919) ~[netty-transport-4.1.82.Final.jar:?]
	at io.netty.channel.epoll.AbstractEpollStreamChannel$EpollStreamUnsafe.epollInReady(AbstractEpollStreamChannel.java:800) ~[netty-transport-classes-epoll-4.1.82.Final.jar:?]
	at io.netty.channel.epoll.EpollEventLoop.processReady(EpollEventLoop.java:499) ~[netty-transport-classes-epoll-4.1.82.Final.jar:?]
	at io.netty.channel.epoll.EpollEventLoop.run(EpollEventLoop.java:397) ~[netty-transport-classes-epoll-4.1.82.Final.jar:?]
	at io.netty.util.concurrent.SingleThreadEventExecutor$4.run(SingleThreadEventExecutor.java:997) ~[netty-common-4.1.82.Final.jar:?]
	at io.netty.util.internal.ThreadExecutorMap$2.run(ThreadExecutorMap.java:74) ~[netty-common-4.1.82.Final.jar:?]
	at java.lang.Thread.run(Thread.java:840) ~[?:?]
Caused by: java.lang.IndexOutOfBoundsException: Index 3 out of bounds for length 1
	at jdk.internal.util.Preconditions.outOfBounds(Preconditions.java:64) ~[?:?]
	at jdk.internal.util.Preconditions.outOfBoundsCheckIndex(Preconditions.java:70) ~[?:?]
	at jdk.internal.util.Preconditions.checkIndex(Preconditions.java:266) ~[?:?]
	at java.util.Objects.checkIndex(Objects.java:361) ~[?:?]
	at java.util.ArrayList.get(ArrayList.java:427) ~[?:?]
	at net.minecraft.network.NetworkState$PacketHandler.createPacket(NetworkState.java:458) ~[server-intermediary.jar:?]
	at net.minecraft.network.NetworkState.getPacketHandler(NetworkState.java:522) ~[server-intermediary.jar:?]
	at net.minecraft.network.DecoderHandler.decode(DecoderHandler.java:32) ~[server-intermediary.jar:?]
	at io.netty.handler.codec.ByteToMessageDecoder.decodeRemovalReentryProtection(ByteToMessageDecoder.java:519) ~[netty-codec-4.1.82.Final.jar:?]
	at io.netty.handler.codec.ByteToMessageDecoder.callDecode(ByteToMessageDecoder.java:458) ~[netty-codec-4.1.82.Final.jar:?]
	... 29 more
[00:09:51] [Netty Epoll Server IO #1/ERROR]: Exception occurred in netty pipeline
io.netty.handler.codec.DecoderException: java.lang.IndexOutOfBoundsException: Index 3 out of bounds for length 1
	at io.netty.handler.codec.ByteToMessageDecoder.callDecode(ByteToMessageDecoder.java:489) ~[netty-codec-4.1.82.Final.jar:?]
	at io.netty.handler.codec.ByteToMessageDecoder.channelRead(ByteToMessageDecoder.java:280) ~[netty-codec-4.1.82.Final.jar:?]
	at io.netty.channel.AbstractChannelHandlerContext.invokeChannelRead(AbstractChannelHandlerContext.java:379) ~[netty-transport-4.1.82.Final.jar:?]
	at io.netty.channel.AbstractChannelHandlerContext.invokeChannelRead(AbstractChannelHandlerContext.java:365) ~[netty-transport-4.1.82.Final.jar:?]
	at io.netty.channel.AbstractChannelHandlerContext.fireChannelRead(AbstractChannelHandlerContext.java:357) ~[netty-transport-4.1.82.Final.jar:?]
	at io.netty.handler.codec.ByteToMessageDecoder.fireChannelRead(ByteToMessageDecoder.java:336) ~[netty-codec-4.1.82.Final.jar:?]
	at io.netty.handler.codec.ByteToMessageDecoder.fireChannelRead(ByteToMessageDecoder.java:323) ~[netty-codec-4.1.82.Final.jar:?]
	at io.netty.handler.codec.ByteToMessageDecoder.callDecode(ByteToMessageDecoder.java:444) ~[netty-codec-4.1.82.Final.jar:?]
	at io.netty.handler.codec.ByteToMessageDecoder.channelRead(ByteToMessageDecoder.java:280) ~[netty-codec-4.1.82.Final.jar:?]
	at io.netty.channel.AbstractChannelHandlerContext.invokeChannelRead(AbstractChannelHandlerContext.java:379) ~[netty-transport-4.1.82.Final.jar:?]
	at io.netty.channel.AbstractChannelHandlerContext.invokeChannelRead(AbstractChannelHandlerContext.java:365) ~[netty-transport-4.1.82.Final.jar:?]
	at io.netty.channel.AbstractChannelHandlerContext.fireChannelRead(AbstractChannelHandlerContext.java:357) ~[netty-transport-4.1.82.Final.jar:?]
	at net.minecraft.network.LegacyQueryHandler.channelRead(LegacyQueryHandler.java:95) ~[server-intermediary.jar:?]
	at io.netty.channel.AbstractChannelHandlerContext.invokeChannelRead(AbstractChannelHandlerContext.java:379) ~[netty-transport-4.1.82.Final.jar:?]
	at io.netty.channel.AbstractChannelHandlerContext.invokeChannelRead(AbstractChannelHandlerContext.java:365) ~[netty-transport-4.1.82.Final.jar:?]
	at io.netty.channel.AbstractChannelHandlerContext.fireChannelRead(AbstractChannelHandlerContext.java:357) ~[netty-transport-4.1.82.Final.jar:?]
	at io.netty.handler.timeout.IdleStateHandler.channelRead(IdleStateHandler.java:286) ~[netty-handler-4.1.82.Final.jar:?]
	at io.netty.channel.AbstractChannelHandlerContext.invokeChannelRead(AbstractChannelHandlerContext.java:379) ~[netty-transport-4.1.82.Final.jar:?]
	at io.netty.channel.AbstractChannelHandlerContext.invokeChannelRead(AbstractChannelHandlerContext.java:365) ~[netty-transport-4.1.82.Final.jar:?]
	at io.netty.channel.AbstractChannelHandlerContext.fireChannelRead(AbstractChannelHandlerContext.java:357) ~[netty-transport-4.1.82.Final.jar:?]
	at io.netty.channel.DefaultChannelPipeline$HeadContext.channelRead(DefaultChannelPipeline.java:1410) ~[netty-transport-4.1.82.Final.jar:?]
	at io.netty.channel.AbstractChannelHandlerContext.invokeChannelRead(AbstractChannelHandlerContext.java:379) ~[netty-transport-4.1.82.Final.jar:?]
	at io.netty.channel.AbstractChannelHandlerContext.invokeChannelRead(AbstractChannelHandlerContext.java:365) ~[netty-transport-4.1.82.Final.jar:?]
	at io.netty.channel.DefaultChannelPipeline.fireChannelRead(DefaultChannelPipeline.java:919) ~[netty-transport-4.1.82.Final.jar:?]
	at io.netty.channel.epoll.AbstractEpollStreamChannel$EpollStreamUnsafe.epollInReady(AbstractEpollStreamChannel.java:800) ~[netty-transport-classes-epoll-4.1.82.Final.jar:?]
	at io.netty.channel.epoll.EpollEventLoop.processReady(EpollEventLoop.java:499) ~[netty-transport-classes-epoll-4.1.82.Final.jar:?]
	at io.netty.channel.epoll.EpollEventLoop.run(EpollEventLoop.java:397) ~[netty-transport-classes-epoll-4.1.82.Final.jar:?]
	at io.netty.util.concurrent.SingleThreadEventExecutor$4.run(SingleThreadEventExecutor.java:997) ~[netty-common-4.1.82.Final.jar:?]
	at io.netty.util.internal.ThreadExecutorMap$2.run(ThreadExecutorMap.java:74) ~[netty-common-4.1.82.Final.jar:?]
	at java.lang.Thread.run(Thread.java:840) ~[?:?]
Caused by: java.lang.IndexOutOfBoundsException: Index 3 out of bounds for length 1
	at jdk.internal.util.Preconditions.outOfBounds(Preconditions.java:64) ~[?:?]
	at jdk.internal.util.Preconditions.outOfBoundsCheckIndex(Preconditions.java:70) ~[?:?]
	at jdk.internal.util.Preconditions.checkIndex(Preconditions.java:266) ~[?:?]
	at java.util.Objects.checkIndex(Objects.java:361) ~[?:?]
	at java.util.ArrayList.get(ArrayList.java:427) ~[?:?]
	at net.minecraft.network.NetworkState$PacketHandler.createPacket(NetworkState.java:458) ~[server-intermediary.jar:?]
	at net.minecraft.network.NetworkState.getPacketHandler(NetworkState.java:522) ~[server-intermediary.jar:?]
	at net.minecraft.network.DecoderHandler.decode(DecoderHandler.java:32) ~[server-intermediary.jar:?]
	at io.netty.handler.codec.ByteToMessageDecoder.decodeRemovalReentryProtection(ByteToMessageDecoder.java:519) ~[netty-codec-4.1.82.Final.jar:?]
	at io.netty.handler.codec.ByteToMessageDecoder.callDecode(ByteToMessageDecoder.java:458) ~[netty-codec-4.1.82.Final.jar:?]
	... 29 more
[00:09:51] [Netty Epoll Server IO #2/ERROR]: Exception occurred in netty pipeline
io.netty.handler.codec.DecoderException: java.lang.IndexOutOfBoundsException: Index 3 out of bounds for length 1
	at io.netty.handler.codec.ByteToMessageDecoder.callDecode(ByteToMessageDecoder.java:489) ~[netty-codec-4.1.82.Final.jar:?]
	at io.netty.handler.codec.ByteToMessageDecoder.channelRead(ByteToMessageDecoder.java:280) ~[netty-codec-4.1.82.Final.jar:?]
	at io.netty.channel.AbstractChannelHandlerContext.invokeChannelRead(AbstractChannelHandlerContext.java:379) ~[netty-transport-4.1.82.Final.jar:?]
	at io.netty.channel.AbstractChannelHandlerContext.invokeChannelRead(AbstractChannelHandlerContext.java:365) ~[netty-transport-4.1.82.Final.jar:?]
	at io.netty.channel.AbstractChannelHandlerContext.fireChannelRead(AbstractChannelHandlerContext.java:357) ~[netty-transport-4.1.82.Final.jar:?]
	at io.netty.handler.codec.ByteToMessageDecoder.fireChannelRead(ByteToMessageDecoder.java:336) ~[netty-codec-4.1.82.Final.jar:?]
	at io.netty.handler.codec.ByteToMessageDecoder.fireChannelRead(ByteToMessageDecoder.java:323) ~[netty-codec-4.1.82.Final.jar:?]
	at io.netty.handler.codec.ByteToMessageDecoder.callDecode(ByteToMessageDecoder.java:444) ~[netty-codec-4.1.82.Final.jar:?]
	at io.netty.handler.codec.ByteToMessageDecoder.channelRead(ByteToMessageDecoder.java:280) ~[netty-codec-4.1.82.Final.jar:?]
	at io.netty.channel.AbstractChannelHandlerContext.invokeChannelRead(AbstractChannelHandlerContext.java:379) ~[netty-transport-4.1.82.Final.jar:?]
	at io.netty.channel.AbstractChannelHandlerContext.invokeChannelRead(AbstractChannelHandlerContext.java:365) ~[netty-transport-4.1.82.Final.jar:?]
	at io.netty.channel.AbstractChannelHandlerContext.fireChannelRead(AbstractChannelHandlerContext.java:357) ~[netty-transport-4.1.82.Final.jar:?]
	at net.minecraft.network.LegacyQueryHandler.channelRead(LegacyQueryHandler.java:95) ~[server-intermediary.jar:?]
	at io.netty.channel.AbstractChannelHandlerContext.invokeChannelRead(AbstractChannelHandlerContext.java:379) ~[netty-transport-4.1.82.Final.jar:?]
	at io.netty.channel.AbstractChannelHandlerContext.invokeChannelRead(AbstractChannelHandlerContext.java:365) ~[netty-transport-4.1.82.Final.jar:?]
	at io.netty.channel.AbstractChannelHandlerContext.fireChannelRead(AbstractChannelHandlerContext.java:357) ~[netty-transport-4.1.82.Final.jar:?]
	at io.netty.handler.timeout.IdleStateHandler.channelRead(IdleStateHandler.java:286) ~[netty-handler-4.1.82.Final.jar:?]
	at io.netty.channel.AbstractChannelHandlerContext.invokeChannelRead(AbstractChannelHandlerContext.java:379) ~[netty-transport-4.1.82.Final.jar:?]
	at io.netty.channel.AbstractChannelHandlerContext.invokeChannelRead(AbstractChannelHandlerContext.java:365) ~[netty-transport-4.1.82.Final.jar:?]
	at io.netty.channel.AbstractChannelHandlerContext.fireChannelRead(AbstractChannelHandlerContext.java:357) ~[netty-transport-4.1.82.Final.jar:?]
	at io.netty.channel.DefaultChannelPipeline$HeadContext.channelRead(DefaultChannelPipeline.java:1410) ~[netty-transport-4.1.82.Final.jar:?]
	at io.netty.channel.AbstractChannelHandlerContext.invokeChannelRead(AbstractChannelHandlerContext.java:379) ~[netty-transport-4.1.82.Final.jar:?]
	at io.netty.channel.AbstractChannelHandlerContext.invokeChannelRead(AbstractChannelHandlerContext.java:365) ~[netty-transport-4.1.82.Final.jar:?]
	at io.netty.channel.DefaultChannelPipeline.fireChannelRead(DefaultChannelPipeline.java:919) ~[netty-transport-4.1.82.Final.jar:?]
	at io.netty.channel.epoll.AbstractEpollStreamChannel$EpollStreamUnsafe.epollInReady(AbstractEpollStreamChannel.java:800) ~[netty-transport-classes-epoll-4.1.82.Final.jar:?]
	at io.netty.channel.epoll.EpollEventLoop.processReady(EpollEventLoop.java:499) ~[netty-transport-classes-epoll-4.1.82.Final.jar:?]
	at io.netty.channel.epoll.EpollEventLoop.run(EpollEventLoop.java:397) ~[netty-transport-classes-epoll-4.1.82.Final.jar:?]
	at io.netty.util.concurrent.SingleThreadEventExecutor$4.run(SingleThreadEventExecutor.java:997) ~[netty-common-4.1.82.Final.jar:?]
	at io.netty.util.internal.ThreadExecutorMap$2.run(ThreadExecutorMap.java:74) ~[netty-common-4.1.82.Final.jar:?]
	at java.lang.Thread.run(Thread.java:840) ~[?:?]
Caused by: java.lang.IndexOutOfBoundsException: Index 3 out of bounds for length 1
	at jdk.internal.util.Preconditions.outOfBounds(Preconditions.java:64) ~[?:?]
	at jdk.internal.util.Preconditions.outOfBoundsCheckIndex(Preconditions.java:70) ~[?:?]
	at jdk.internal.util.Preconditions.checkIndex(Preconditions.java:266) ~[?:?]
	at java.util.Objects.checkIndex(Objects.java:361) ~[?:?]
	at java.util.ArrayList.get(ArrayList.java:427) ~[?:?]
	at net.minecraft.network.NetworkState$PacketHandler.createPacket(NetworkState.java:458) ~[server-intermediary.jar:?]
	at net.minecraft.network.NetworkState.getPacketHandler(NetworkState.java:522) ~[server-intermediary.jar:?]
	at net.minecraft.network.DecoderHandler.decode(DecoderHandler.java:32) ~[server-intermediary.jar:?]
	at io.netty.handler.codec.ByteToMessageDecoder.decodeRemovalReentryProtection(ByteToMessageDecoder.java:519) ~[netty-codec-4.1.82.Final.jar:?]
	at io.netty.handler.codec.ByteToMessageDecoder.callDecode(ByteToMessageDecoder.java:458) ~[netty-codec-4.1.82.Final.jar:?]
	... 29 more
[00:09:55] [Netty Epoll Server IO #3/ERROR]: Exception occurred in netty pipeline
io.netty.handler.codec.DecoderException: java.lang.IndexOutOfBoundsException: Index 3 out of bounds for length 1
	at io.netty.handler.codec.ByteToMessageDecoder.callDecode(ByteToMessageDecoder.java:489) ~[netty-codec-4.1.82.Final.jar:?]
	at io.netty.handler.codec.ByteToMessageDecoder.channelRead(ByteToMessageDecoder.java:280) ~[netty-codec-4.1.82.Final.jar:?]
	at io.netty.channel.AbstractChannelHandlerContext.invokeChannelRead(AbstractChannelHandlerContext.java:379) ~[netty-transport-4.1.82.Final.jar:?]
	at io.netty.channel.AbstractChannelHandlerContext.invokeChannelRead(AbstractChannelHandlerContext.java:365) ~[netty-transport-4.1.82.Final.jar:?]
	at io.netty.channel.AbstractChannelHandlerContext.fireChannelRead(AbstractChannelHandlerContext.java:357) ~[netty-transport-4.1.82.Final.jar:?]
	at io.netty.handler.codec.ByteToMessageDecoder.fireChannelRead(ByteToMessageDecoder.java:336) ~[netty-codec-4.1.82.Final.jar:?]
	at io.netty.handler.codec.ByteToMessageDecoder.fireChannelRead(ByteToMessageDecoder.java:323) ~[netty-codec-4.1.82.Final.jar:?]
	at io.netty.handler.codec.ByteToMessageDecoder.callDecode(ByteToMessageDecoder.java:444) ~[netty-codec-4.1.82.Final.jar:?]
	at io.netty.handler.codec.ByteToMessageDecoder.channelRead(ByteToMessageDecoder.java:280) ~[netty-codec-4.1.82.Final.jar:?]
	at io.netty.channel.AbstractChannelHandlerContext.invokeChannelRead(AbstractChannelHandlerContext.java:379) ~[netty-transport-4.1.82.Final.jar:?]
	at io.netty.channel.AbstractChannelHandlerContext.invokeChannelRead(AbstractChannelHandlerContext.java:365) ~[netty-transport-4.1.82.Final.jar:?]
	at io.netty.channel.AbstractChannelHandlerContext.fireChannelRead(AbstractChannelHandlerContext.java:357) ~[netty-transport-4.1.82.Final.jar:?]
	at net.minecraft.network.LegacyQueryHandler.channelRead(LegacyQueryHandler.java:95) ~[server-intermediary.jar:?]
	at io.netty.channel.AbstractChannelHandlerContext.invokeChannelRead(AbstractChannelHandlerContext.java:379) ~[netty-transport-4.1.82.Final.jar:?]
	at io.netty.channel.AbstractChannelHandlerContext.invokeChannelRead(AbstractChannelHandlerContext.java:365) ~[netty-transport-4.1.82.Final.jar:?]
	at io.netty.channel.AbstractChannelHandlerContext.fireChannelRead(AbstractChannelHandlerContext.java:357) ~[netty-transport-4.1.82.Final.jar:?]
	at io.netty.handler.timeout.IdleStateHandler.channelRead(IdleStateHandler.java:286) ~[netty-handler-4.1.82.Final.jar:?]
	at io.netty.channel.AbstractChannelHandlerContext.invokeChannelRead(AbstractChannelHandlerContext.java:379) ~[netty-transport-4.1.82.Final.jar:?]
	at io.netty.channel.AbstractChannelHandlerContext.invokeChannelRead(AbstractChannelHandlerContext.java:365) ~[netty-transport-4.1.82.Final.jar:?]
	at io.netty.channel.AbstractChannelHandlerContext.fireChannelRead(AbstractChannelHandlerContext.java:357) ~[netty-transport-4.1.82.Final.jar:?]
	at io.netty.channel.DefaultChannelPipeline$HeadContext.channelRead(DefaultChannelPipeline.java:1410) ~[netty-transport-4.1.82.Final.jar:?]
	at io.netty.channel.AbstractChannelHandlerContext.invokeChannelRead(AbstractChannelHandlerContext.java:379) ~[netty-transport-4.1.82.Final.jar:?]
	at io.netty.channel.AbstractChannelHandlerContext.invokeChannelRead(AbstractChannelHandlerContext.java:365) ~[netty-transport-4.1.82.Final.jar:?]
	at io.netty.channel.DefaultChannelPipeline.fireChannelRead(DefaultChannelPipeline.java:919) ~[netty-transport-4.1.82.Final.jar:?]
	at io.netty.channel.epoll.AbstractEpollStreamChannel$EpollStreamUnsafe.epollInReady(AbstractEpollStreamChannel.java:800) ~[netty-transport-classes-epoll-4.1.82.Final.jar:?]
	at io.netty.channel.epoll.EpollEventLoop.processReady(EpollEventLoop.java:499) ~[netty-transport-classes-epoll-4.1.82.Final.jar:?]
	at io.netty.channel.epoll.EpollEventLoop.run(EpollEventLoop.java:397) ~[netty-transport-classes-epoll-4.1.82.Final.jar:?]
	at io.netty.util.concurrent.SingleThreadEventExecutor$4.run(SingleThreadEventExecutor.java:997) ~[netty-common-4.1.82.Final.jar:?]
	at io.netty.util.internal.ThreadExecutorMap$2.run(ThreadExecutorMap.java:74) ~[netty-common-4.1.82.Final.jar:?]
	at java.lang.Thread.run(Thread.java:840) ~[?:?]
Caused by: java.lang.IndexOutOfBoundsException: Index 3 out of bounds for length 1
	at jdk.internal.util.Preconditions.outOfBounds(Preconditions.java:64) ~[?:?]
	at jdk.internal.util.Preconditions.outOfBoundsCheckIndex(Preconditions.java:70) ~[?:?]
	at jdk.internal.util.Preconditions.checkIndex(Preconditions.java:266) ~[?:?]
	at java.util.Objects.checkIndex(Objects.java:361) ~[?:?]
	at java.util.ArrayList.get(ArrayList.java:427) ~[?:?]
	at net.minecraft.network.NetworkState$PacketHandler.createPacket(NetworkState.java:458) ~[server-intermediary.jar:?]
	at net.minecraft.network.NetworkState.getPacketHandler(NetworkState.java:522) ~[server-intermediary.jar:?]
	at net.minecraft.network.DecoderHandler.decode(DecoderHandler.java:32) ~[server-intermediary.jar:?]
	at io.netty.handler.codec.ByteToMessageDecoder.decodeRemovalReentryProtection(ByteToMessageDecoder.java:519) ~[netty-codec-4.1.82.Final.jar:?]
	at io.netty.handler.codec.ByteToMessageDecoder.callDecode(ByteToMessageDecoder.java:458) ~[netty-codec-4.1.82.Final.jar:?]
	... 29 more
[00:10:10] [Netty Epoll Server IO #4/ERROR]: Exception occurred in netty pipeline
io.netty.handler.codec.DecoderException: java.lang.IndexOutOfBoundsException: Index 3 out of bounds for length 1
	at io.netty.handler.codec.ByteToMessageDecoder.callDecode(ByteToMessageDecoder.java:489) ~[netty-codec-4.1.82.Final.jar:?]
	at io.netty.handler.codec.ByteToMessageDecoder.channelRead(ByteToMessageDecoder.java:280) ~[netty-codec-4.1.82.Final.jar:?]
	at io.netty.channel.AbstractChannelHandlerContext.invokeChannelRead(AbstractChannelHandlerContext.java:379) ~[netty-transport-4.1.82.Final.jar:?]
	at io.netty.channel.AbstractChannelHandlerContext.invokeChannelRead(AbstractChannelHandlerContext.java:365) ~[netty-transport-4.1.82.Final.jar:?]
	at io.netty.channel.AbstractChannelHandlerContext.fireChannelRead(AbstractChannelHandlerContext.java:357) ~[netty-transport-4.1.82.Final.jar:?]
	at io.netty.handler.codec.ByteToMessageDecoder.fireChannelRead(ByteToMessageDecoder.java:336) ~[netty-codec-4.1.82.Final.jar:?]
	at io.netty.handler.codec.ByteToMessageDecoder.fireChannelRead(ByteToMessageDecoder.java:323) ~[netty-codec-4.1.82.Final.jar:?]
	at io.netty.handler.codec.ByteToMessageDecoder.callDecode(ByteToMessageDecoder.java:444) ~[netty-codec-4.1.82.Final.jar:?]
	at io.netty.handler.codec.ByteToMessageDecoder.channelRead(ByteToMessageDecoder.java:280) ~[netty-codec-4.1.82.Final.jar:?]
	at io.netty.channel.AbstractChannelHandlerContext.invokeChannelRead(AbstractChannelHandlerContext.java:379) ~[netty-transport-4.1.82.Final.jar:?]
	at io.netty.channel.AbstractChannelHandlerContext.invokeChannelRead(AbstractChannelHandlerContext.java:365) ~[netty-transport-4.1.82.Final.jar:?]
	at io.netty.channel.AbstractChannelHandlerContext.fireChannelRead(AbstractChannelHandlerContext.java:357) ~[netty-transport-4.1.82.Final.jar:?]
	at net.minecraft.network.LegacyQueryHandler.channelRead(LegacyQueryHandler.java:95) ~[server-intermediary.jar:?]
	at io.netty.channel.AbstractChannelHandlerContext.invokeChannelRead(AbstractChannelHandlerContext.java:379) ~[netty-transport-4.1.82.Final.jar:?]
	at io.netty.channel.AbstractChannelHandlerContext.invokeChannelRead(AbstractChannelHandlerContext.java:365) ~[netty-transport-4.1.82.Final.jar:?]
	at io.netty.channel.AbstractChannelHandlerContext.fireChannelRead(AbstractChannelHandlerContext.java:357) ~[netty-transport-4.1.82.Final.jar:?]
	at io.netty.handler.timeout.IdleStateHandler.channelRead(IdleStateHandler.java:286) ~[netty-handler-4.1.82.Final.jar:?]
	at io.netty.channel.AbstractChannelHandlerContext.invokeChannelRead(AbstractChannelHandlerContext.java:379) ~[netty-transport-4.1.82.Final.jar:?]
	at io.netty.channel.AbstractChannelHandlerContext.invokeChannelRead(AbstractChannelHandlerContext.java:365) ~[netty-transport-4.1.82.Final.jar:?]
	at io.netty.channel.AbstractChannelHandlerContext.fireChannelRead(AbstractChannelHandlerContext.java:357) ~[netty-transport-4.1.82.Final.jar:?]
	at io.netty.channel.DefaultChannelPipeline$HeadContext.channelRead(DefaultChannelPipeline.java:1410) ~[netty-transport-4.1.82.Final.jar:?]
	at io.netty.channel.AbstractChannelHandlerContext.invokeChannelRead(AbstractChannelHandlerContext.java:379) ~[netty-transport-4.1.82.Final.jar:?]
	at io.netty.channel.AbstractChannelHandlerContext.invokeChannelRead(AbstractChannelHandlerContext.java:365) ~[netty-transport-4.1.82.Final.jar:?]
	at io.netty.channel.DefaultChannelPipeline.fireChannelRead(DefaultChannelPipeline.java:919) ~[netty-transport-4.1.82.Final.jar:?]
	at io.netty.channel.epoll.AbstractEpollStreamChannel$EpollStreamUnsafe.epollInReady(AbstractEpollStreamChannel.java:800) ~[netty-transport-classes-epoll-4.1.82.Final.jar:?]
	at io.netty.channel.epoll.EpollEventLoop.processReady(EpollEventLoop.java:499) ~[netty-transport-classes-epoll-4.1.82.Final.jar:?]
	at io.netty.channel.epoll.EpollEventLoop.run(EpollEventLoop.java:397) ~[netty-transport-classes-epoll-4.1.82.Final.jar:?]
	at io.netty.util.concurrent.SingleThreadEventExecutor$4.run(SingleThreadEventExecutor.java:997) ~[netty-common-4.1.82.Final.jar:?]
	at io.netty.util.internal.ThreadExecutorMap$2.run(ThreadExecutorMap.java:74) ~[netty-common-4.1.82.Final.jar:?]
	at java.lang.Thread.run(Thread.java:840) ~[?:?]
Caused by: java.lang.IndexOutOfBoundsException: Index 3 out of bounds for length 1
	at jdk.internal.util.Preconditions.outOfBounds(Preconditions.java:64) ~[?:?]
	at jdk.internal.util.Preconditions.outOfBoundsCheckIndex(Preconditions.java:70) ~[?:?]
	at jdk.internal.util.Preconditions.checkIndex(Preconditions.java:266) ~[?:?]
	at java.util.Objects.checkIndex(Objects.java:361) ~[?:?]
	at java.util.ArrayList.get(ArrayList.java:427) ~[?:?]
	at net.minecraft.network.NetworkState$PacketHandler.createPacket(NetworkState.java:458) ~[server-intermediary.jar:?]
	at net.minecraft.network.NetworkState.getPacketHandler(NetworkState.java:522) ~[server-intermediary.jar:?]
	at net.minecraft.network.DecoderHandler.decode(DecoderHandler.java:32) ~[server-intermediary.jar:?]
	at io.netty.handler.codec.ByteToMessageDecoder.decodeRemovalReentryProtection(ByteToMessageDecoder.java:519) ~[netty-codec-4.1.82.Final.jar:?]
	at io.netty.handler.codec.ByteToMessageDecoder.callDecode(ByteToMessageDecoder.java:458) ~[netty-codec-4.1.82.Final.jar:?]
	... 29 more
[00:10:10] [Netty Epoll Server IO #5/ERROR]: Exception occurred in netty pipeline
io.netty.handler.codec.DecoderException: java.lang.IndexOutOfBoundsException: Index 3 out of bounds for length 1
	at io.netty.handler.codec.ByteToMessageDecoder.callDecode(ByteToMessageDecoder.java:489) ~[netty-codec-4.1.82.Final.jar:?]
	at io.netty.handler.codec.ByteToMessageDecoder.channelRead(ByteToMessageDecoder.java:280) ~[netty-codec-4.1.82.Final.jar:?]
	at io.netty.channel.AbstractChannelHandlerContext.invokeChannelRead(AbstractChannelHandlerContext.java:379) ~[netty-transport-4.1.82.Final.jar:?]
	at io.netty.channel.AbstractChannelHandlerContext.invokeChannelRead(AbstractChannelHandlerContext.java:365) ~[netty-transport-4.1.82.Final.jar:?]
	at io.netty.channel.AbstractChannelHandlerContext.fireChannelRead(AbstractChannelHandlerContext.java:357) ~[netty-transport-4.1.82.Final.jar:?]
	at io.netty.handler.codec.ByteToMessageDecoder.fireChannelRead(ByteToMessageDecoder.java:336) ~[netty-codec-4.1.82.Final.jar:?]
	at io.netty.handler.codec.ByteToMessageDecoder.fireChannelRead(ByteToMessageDecoder.java:323) ~[netty-codec-4.1.82.Final.jar:?]
	at io.netty.handler.codec.ByteToMessageDecoder.callDecode(ByteToMessageDecoder.java:444) ~[netty-codec-4.1.82.Final.jar:?]
	at io.netty.handler.codec.ByteToMessageDecoder.channelRead(ByteToMessageDecoder.java:280) ~[netty-codec-4.1.82.Final.jar:?]
	at io.netty.channel.AbstractChannelHandlerContext.invokeChannelRead(AbstractChannelHandlerContext.java:379) ~[netty-transport-4.1.82.Final.jar:?]
	at io.netty.channel.AbstractChannelHandlerContext.invokeChannelRead(AbstractChannelHandlerContext.java:365) ~[netty-transport-4.1.82.Final.jar:?]
	at io.netty.channel.AbstractChannelHandlerContext.fireChannelRead(AbstractChannelHandlerContext.java:357) ~[netty-transport-4.1.82.Final.jar:?]
	at net.minecraft.network.LegacyQueryHandler.channelRead(LegacyQueryHandler.java:95) ~[server-intermediary.jar:?]
	at io.netty.channel.AbstractChannelHandlerContext.invokeChannelRead(AbstractChannelHandlerContext.java:379) ~[netty-transport-4.1.82.Final.jar:?]
	at io.netty.channel.AbstractChannelHandlerContext.invokeChannelRead(AbstractChannelHandlerContext.java:365) ~[netty-transport-4.1.82.Final.jar:?]
	at io.netty.channel.AbstractChannelHandlerContext.fireChannelRead(AbstractChannelHandlerContext.java:357) ~[netty-transport-4.1.82.Final.jar:?]
	at io.netty.handler.timeout.IdleStateHandler.channelRead(IdleStateHandler.java:286) ~[netty-handler-4.1.82.Final.jar:?]
	at io.netty.channel.AbstractChannelHandlerContext.invokeChannelRead(AbstractChannelHandlerContext.java:379) ~[netty-transport-4.1.82.Final.jar:?]
	at io.netty.channel.AbstractChannelHandlerContext.invokeChannelRead(AbstractChannelHandlerContext.java:365) ~[netty-transport-4.1.82.Final.jar:?]
	at io.netty.channel.AbstractChannelHandlerContext.fireChannelRead(AbstractChannelHandlerContext.java:357) ~[netty-transport-4.1.82.Final.jar:?]
	at io.netty.channel.DefaultChannelPipeline$HeadContext.channelRead(DefaultChannelPipeline.java:1410) ~[netty-transport-4.1.82.Final.jar:?]
	at io.netty.channel.AbstractChannelHandlerContext.invokeChannelRead(AbstractChannelHandlerContext.java:379) ~[netty-transport-4.1.82.Final.jar:?]
	at io.netty.channel.AbstractChannelHandlerContext.invokeChannelRead(AbstractChannelHandlerContext.java:365) ~[netty-transport-4.1.82.Final.jar:?]
	at io.netty.channel.DefaultChannelPipeline.fireChannelRead(DefaultChannelPipeline.java:919) ~[netty-transport-4.1.82.Final.jar:?]
	at io.netty.channel.epoll.AbstractEpollStreamChannel$EpollStreamUnsafe.epollInReady(AbstractEpollStreamChannel.java:800) ~[netty-transport-classes-epoll-4.1.82.Final.jar:?]
	at io.netty.channel.epoll.EpollEventLoop.processReady(EpollEventLoop.java:499) ~[netty-transport-classes-epoll-4.1.82.Final.jar:?]
	at io.netty.channel.epoll.EpollEventLoop.run(EpollEventLoop.java:397) ~[netty-transport-classes-epoll-4.1.82.Final.jar:?]
	at io.netty.util.concurrent.SingleThreadEventExecutor$4.run(SingleThreadEventExecutor.java:997) ~[netty-common-4.1.82.Final.jar:?]
	at io.netty.util.internal.ThreadExecutorMap$2.run(ThreadExecutorMap.java:74) ~[netty-common-4.1.82.Final.jar:?]
	at java.lang.Thread.run(Thread.java:840) ~[?:?]
Caused by: java.lang.IndexOutOfBoundsException: Index 3 out of bounds for length 1
	at jdk.internal.util.Preconditions.outOfBounds(Preconditions.java:64) ~[?:?]
	at jdk.internal.util.Preconditions.outOfBoundsCheckIndex(Preconditions.java:70) ~[?:?]
	at jdk.internal.util.Preconditions.checkIndex(Preconditions.java:266) ~[?:?]
	at java.util.Objects.checkIndex(Objects.java:361) ~[?:?]
	at java.util.ArrayList.get(ArrayList.java:427) ~[?:?]
	at net.minecraft.network.NetworkState$PacketHandler.createPacket(NetworkState.java:458) ~[server-intermediary.jar:?]
	at net.minecraft.network.NetworkState.getPacketHandler(NetworkState.java:522) ~[server-intermediary.jar:?]
	at net.minecraft.network.DecoderHandler.decode(DecoderHandler.java:32) ~[server-intermediary.jar:?]
	at io.netty.handler.codec.ByteToMessageDecoder.decodeRemovalReentryProtection(ByteToMessageDecoder.java:519) ~[netty-codec-4.1.82.Final.jar:?]
	at io.netty.handler.codec.ByteToMessageDecoder.callDecode(ByteToMessageDecoder.java:458) ~[netty-codec-4.1.82.Final.jar:?]
	... 29 more
[00:13:33] [Netty Epoll Server IO #0/ERROR]: Exception occurred in netty pipeline
io.netty.handler.codec.DecoderException: java.lang.IndexOutOfBoundsException: Index 50 out of bounds for length 1
	at io.netty.handler.codec.ByteToMessageDecoder.callDecode(ByteToMessageDecoder.java:489) ~[netty-codec-4.1.82.Final.jar:?]
	at io.netty.handler.codec.ByteToMessageDecoder.channelRead(ByteToMessageDecoder.java:280) ~[netty-codec-4.1.82.Final.jar:?]
	at io.netty.channel.AbstractChannelHandlerContext.invokeChannelRead(AbstractChannelHandlerContext.java:379) ~[netty-transport-4.1.82.Final.jar:?]
	at io.netty.channel.AbstractChannelHandlerContext.invokeChannelRead(AbstractChannelHandlerContext.java:365) ~[netty-transport-4.1.82.Final.jar:?]
	at io.netty.channel.AbstractChannelHandlerContext.fireChannelRead(AbstractChannelHandlerContext.java:357) ~[netty-transport-4.1.82.Final.jar:?]
	at io.netty.handler.codec.ByteToMessageDecoder.fireChannelRead(ByteToMessageDecoder.java:336) ~[netty-codec-4.1.82.Final.jar:?]
	at io.netty.handler.codec.ByteToMessageDecoder.fireChannelRead(ByteToMessageDecoder.java:323) ~[netty-codec-4.1.82.Final.jar:?]
	at io.netty.handler.codec.ByteToMessageDecoder.callDecode(ByteToMessageDecoder.java:444) ~[netty-codec-4.1.82.Final.jar:?]
	at io.netty.handler.codec.ByteToMessageDecoder.channelRead(ByteToMessageDecoder.java:280) ~[netty-codec-4.1.82.Final.jar:?]
	at io.netty.channel.AbstractChannelHandlerContext.invokeChannelRead(AbstractChannelHandlerContext.java:379) ~[netty-transport-4.1.82.Final.jar:?]
	at io.netty.channel.AbstractChannelHandlerContext.invokeChannelRead(AbstractChannelHandlerContext.java:365) ~[netty-transport-4.1.82.Final.jar:?]
	at io.netty.channel.AbstractChannelHandlerContext.fireChannelRead(AbstractChannelHandlerContext.java:357) ~[netty-transport-4.1.82.Final.jar:?]
	at net.minecraft.network.LegacyQueryHandler.channelRead(LegacyQueryHandler.java:95) ~[server-intermediary.jar:?]
	at io.netty.channel.AbstractChannelHandlerContext.invokeChannelRead(AbstractChannelHandlerContext.java:379) ~[netty-transport-4.1.82.Final.jar:?]
	at io.netty.channel.AbstractChannelHandlerContext.invokeChannelRead(AbstractChannelHandlerContext.java:365) ~[netty-transport-4.1.82.Final.jar:?]
	at io.netty.channel.AbstractChannelHandlerContext.fireChannelRead(AbstractChannelHandlerContext.java:357) ~[netty-transport-4.1.82.Final.jar:?]
	at io.netty.handler.timeout.IdleStateHandler.channelRead(IdleStateHandler.java:286) ~[netty-handler-4.1.82.Final.jar:?]
	at io.netty.channel.AbstractChannelHandlerContext.invokeChannelRead(AbstractChannelHandlerContext.java:379) ~[netty-transport-4.1.82.Final.jar:?]
	at io.netty.channel.AbstractChannelHandlerContext.invokeChannelRead(AbstractChannelHandlerContext.java:365) ~[netty-transport-4.1.82.Final.jar:?]
	at io.netty.channel.AbstractChannelHandlerContext.fireChannelRead(AbstractChannelHandlerContext.java:357) ~[netty-transport-4.1.82.Final.jar:?]
	at io.netty.channel.DefaultChannelPipeline$HeadContext.channelRead(DefaultChannelPipeline.java:1410) ~[netty-transport-4.1.82.Final.jar:?]
	at io.netty.channel.AbstractChannelHandlerContext.invokeChannelRead(AbstractChannelHandlerContext.java:379) ~[netty-transport-4.1.82.Final.jar:?]
	at io.netty.channel.AbstractChannelHandlerContext.invokeChannelRead(AbstractChannelHandlerContext.java:365) ~[netty-transport-4.1.82.Final.jar:?]
	at io.netty.channel.DefaultChannelPipeline.fireChannelRead(DefaultChannelPipeline.java:919) ~[netty-transport-4.1.82.Final.jar:?]
	at io.netty.channel.epoll.AbstractEpollStreamChannel$EpollStreamUnsafe.epollInReady(AbstractEpollStreamChannel.java:800) ~[netty-transport-classes-epoll-4.1.82.Final.jar:?]
	at io.netty.channel.epoll.EpollEventLoop.processReady(EpollEventLoop.java:499) ~[netty-transport-classes-epoll-4.1.82.Final.jar:?]
	at io.netty.channel.epoll.EpollEventLoop.run(EpollEventLoop.java:397) ~[netty-transport-classes-epoll-4.1.82.Final.jar:?]
	at io.netty.util.concurrent.SingleThreadEventExecutor$4.run(SingleThreadEventExecutor.java:997) ~[netty-common-4.1.82.Final.jar:?]
	at io.netty.util.internal.ThreadExecutorMap$2.run(ThreadExecutorMap.java:74) ~[netty-common-4.1.82.Final.jar:?]
	at java.lang.Thread.run(Thread.java:840) ~[?:?]
Caused by: java.lang.IndexOutOfBoundsException: Index 50 out of bounds for length 1
	at jdk.internal.util.Preconditions.outOfBounds(Preconditions.java:64) ~[?:?]
	at jdk.internal.util.Preconditions.outOfBoundsCheckIndex(Preconditions.java:70) ~[?:?]
	at jdk.internal.util.Preconditions.checkIndex(Preconditions.java:266) ~[?:?]
	at java.util.Objects.checkIndex(Objects.java:361) ~[?:?]
	at java.util.ArrayList.get(ArrayList.java:427) ~[?:?]
	at net.minecraft.network.NetworkState$PacketHandler.createPacket(NetworkState.java:458) ~[server-intermediary.jar:?]
	at net.minecraft.network.NetworkState.getPacketHandler(NetworkState.java:522) ~[server-intermediary.jar:?]
	at net.minecraft.network.DecoderHandler.decode(DecoderHandler.java:32) ~[server-intermediary.jar:?]
	at io.netty.handler.codec.ByteToMessageDecoder.decodeRemovalReentryProtection(ByteToMessageDecoder.java:519) ~[netty-codec-4.1.82.Final.jar:?]
	at io.netty.handler.codec.ByteToMessageDecoder.callDecode(ByteToMessageDecoder.java:458) ~[netty-codec-4.1.82.Final.jar:?]
	... 29 more
[00:18:49] [Netty Epoll Server IO #2/ERROR]: Exception occurred in netty pipeline
io.netty.handler.codec.DecoderException: java.lang.IndexOutOfBoundsException: Index 50 out of bounds for length 1
	at io.netty.handler.codec.ByteToMessageDecoder.callDecode(ByteToMessageDecoder.java:489) ~[netty-codec-4.1.82.Final.jar:?]
	at io.netty.handler.codec.ByteToMessageDecoder.channelRead(ByteToMessageDecoder.java:280) ~[netty-codec-4.1.82.Final.jar:?]
	at io.netty.channel.AbstractChannelHandlerContext.invokeChannelRead(AbstractChannelHandlerContext.java:379) ~[netty-transport-4.1.82.Final.jar:?]
	at io.netty.channel.AbstractChannelHandlerContext.invokeChannelRead(AbstractChannelHandlerContext.java:365) ~[netty-transport-4.1.82.Final.jar:?]
	at io.netty.channel.AbstractChannelHandlerContext.fireChannelRead(AbstractChannelHandlerContext.java:357) ~[netty-transport-4.1.82.Final.jar:?]
	at io.netty.handler.codec.ByteToMessageDecoder.fireChannelRead(ByteToMessageDecoder.java:336) ~[netty-codec-4.1.82.Final.jar:?]
	at io.netty.handler.codec.ByteToMessageDecoder.fireChannelRead(ByteToMessageDecoder.java:323) ~[netty-codec-4.1.82.Final.jar:?]
	at io.netty.handler.codec.ByteToMessageDecoder.callDecode(ByteToMessageDecoder.java:444) ~[netty-codec-4.1.82.Final.jar:?]
	at io.netty.handler.codec.ByteToMessageDecoder.channelRead(ByteToMessageDecoder.java:280) ~[netty-codec-4.1.82.Final.jar:?]
	at io.netty.channel.AbstractChannelHandlerContext.invokeChannelRead(AbstractChannelHandlerContext.java:379) ~[netty-transport-4.1.82.Final.jar:?]
	at io.netty.channel.AbstractChannelHandlerContext.invokeChannelRead(AbstractChannelHandlerContext.java:365) ~[netty-transport-4.1.82.Final.jar:?]
	at io.netty.channel.AbstractChannelHandlerContext.fireChannelRead(AbstractChannelHandlerContext.java:357) ~[netty-transport-4.1.82.Final.jar:?]
	at net.minecraft.network.LegacyQueryHandler.channelRead(LegacyQueryHandler.java:95) ~[server-intermediary.jar:?]
	at io.netty.channel.AbstractChannelHandlerContext.invokeChannelRead(AbstractChannelHandlerContext.java:379) ~[netty-transport-4.1.82.Final.jar:?]
	at io.netty.channel.AbstractChannelHandlerContext.invokeChannelRead(AbstractChannelHandlerContext.java:365) ~[netty-transport-4.1.82.Final.jar:?]
	at io.netty.channel.AbstractChannelHandlerContext.fireChannelRead(AbstractChannelHandlerContext.java:357) ~[netty-transport-4.1.82.Final.jar:?]
	at io.netty.handler.timeout.IdleStateHandler.channelRead(IdleStateHandler.java:286) ~[netty-handler-4.1.82.Final.jar:?]
	at io.netty.channel.AbstractChannelHandlerContext.invokeChannelRead(AbstractChannelHandlerContext.java:379) ~[netty-transport-4.1.82.Final.jar:?]
	at io.netty.channel.AbstractChannelHandlerContext.invokeChannelRead(AbstractChannelHandlerContext.java:365) ~[netty-transport-4.1.82.Final.jar:?]
	at io.netty.channel.AbstractChannelHandlerContext.fireChannelRead(AbstractChannelHandlerContext.java:357) ~[netty-transport-4.1.82.Final.jar:?]
	at io.netty.channel.DefaultChannelPipeline$HeadContext.channelRead(DefaultChannelPipeline.java:1410) ~[netty-transport-4.1.82.Final.jar:?]
	at io.netty.channel.AbstractChannelHandlerContext.invokeChannelRead(AbstractChannelHandlerContext.java:379) ~[netty-transport-4.1.82.Final.jar:?]
	at io.netty.channel.AbstractChannelHandlerContext.invokeChannelRead(AbstractChannelHandlerContext.java:365) ~[netty-transport-4.1.82.Final.jar:?]
	at io.netty.channel.DefaultChannelPipeline.fireChannelRead(DefaultChannelPipeline.java:919) ~[netty-transport-4.1.82.Final.jar:?]
	at io.netty.channel.epoll.AbstractEpollStreamChannel$EpollStreamUnsafe.epollInReady(AbstractEpollStreamChannel.java:800) ~[netty-transport-classes-epoll-4.1.82.Final.jar:?]
	at io.netty.channel.epoll.EpollEventLoop.processReady(EpollEventLoop.java:499) ~[netty-transport-classes-epoll-4.1.82.Final.jar:?]
	at io.netty.channel.epoll.EpollEventLoop.run(EpollEventLoop.java:397) ~[netty-transport-classes-epoll-4.1.82.Final.jar:?]
	at io.netty.util.concurrent.SingleThreadEventExecutor$4.run(SingleThreadEventExecutor.java:997) ~[netty-common-4.1.82.Final.jar:?]
	at io.netty.util.internal.ThreadExecutorMap$2.run(ThreadExecutorMap.java:74) ~[netty-common-4.1.82.Final.jar:?]
	at java.lang.Thread.run(Thread.java:840) ~[?:?]
Caused by: java.lang.IndexOutOfBoundsException: Index 50 out of bounds for length 1
	at jdk.internal.util.Preconditions.outOfBounds(Preconditions.java:64) ~[?:?]
	at jdk.internal.util.Preconditions.outOfBoundsCheckIndex(Preconditions.java:70) ~[?:?]
	at jdk.internal.util.Preconditions.checkIndex(Preconditions.java:266) ~[?:?]
	at java.util.Objects.checkIndex(Objects.java:361) ~[?:?]
	at java.util.ArrayList.get(ArrayList.java:427) ~[?:?]
	at net.minecraft.network.NetworkState$PacketHandler.createPacket(NetworkState.java:458) ~[server-intermediary.jar:?]
	at net.minecraft.network.NetworkState.getPacketHandler(NetworkState.java:522) ~[server-intermediary.jar:?]
	at net.minecraft.network.DecoderHandler.decode(DecoderHandler.java:32) ~[server-intermediary.jar:?]
	at io.netty.handler.codec.ByteToMessageDecoder.decodeRemovalReentryProtection(ByteToMessageDecoder.java:519) ~[netty-codec-4.1.82.Final.jar:?]
	at io.netty.handler.codec.ByteToMessageDecoder.callDecode(ByteToMessageDecoder.java:458) ~[netty-codec-4.1.82.Final.jar:?]
	... 29 more
[00:20:37] [Netty Epoll Server IO #4/ERROR]: Exception occurred in netty pipeline
io.netty.handler.codec.DecoderException: java.lang.IndexOutOfBoundsException: Index 50 out of bounds for length 1
	at io.netty.handler.codec.ByteToMessageDecoder.callDecode(ByteToMessageDecoder.java:489) ~[netty-codec-4.1.82.Final.jar:?]
	at io.netty.handler.codec.ByteToMessageDecoder.channelRead(ByteToMessageDecoder.java:280) ~[netty-codec-4.1.82.Final.jar:?]
	at io.netty.channel.AbstractChannelHandlerContext.invokeChannelRead(AbstractChannelHandlerContext.java:379) ~[netty-transport-4.1.82.Final.jar:?]
	at io.netty.channel.AbstractChannelHandlerContext.invokeChannelRead(AbstractChannelHandlerContext.java:365) ~[netty-transport-4.1.82.Final.jar:?]
	at io.netty.channel.AbstractChannelHandlerContext.fireChannelRead(AbstractChannelHandlerContext.java:357) ~[netty-transport-4.1.82.Final.jar:?]
	at io.netty.handler.codec.ByteToMessageDecoder.fireChannelRead(ByteToMessageDecoder.java:336) ~[netty-codec-4.1.82.Final.jar:?]
	at io.netty.handler.codec.ByteToMessageDecoder.fireChannelRead(ByteToMessageDecoder.java:323) ~[netty-codec-4.1.82.Final.jar:?]
	at io.netty.handler.codec.ByteToMessageDecoder.callDecode(ByteToMessageDecoder.java:444) ~[netty-codec-4.1.82.Final.jar:?]
	at io.netty.handler.codec.ByteToMessageDecoder.channelRead(ByteToMessageDecoder.java:280) ~[netty-codec-4.1.82.Final.jar:?]
	at io.netty.channel.AbstractChannelHandlerContext.invokeChannelRead(AbstractChannelHandlerContext.java:379) ~[netty-transport-4.1.82.Final.jar:?]
	at io.netty.channel.AbstractChannelHandlerContext.invokeChannelRead(AbstractChannelHandlerContext.java:365) ~[netty-transport-4.1.82.Final.jar:?]
	at io.netty.channel.AbstractChannelHandlerContext.fireChannelRead(AbstractChannelHandlerContext.java:357) ~[netty-transport-4.1.82.Final.jar:?]
	at net.minecraft.network.LegacyQueryHandler.channelRead(LegacyQueryHandler.java:95) ~[server-intermediary.jar:?]
	at io.netty.channel.AbstractChannelHandlerContext.invokeChannelRead(AbstractChannelHandlerContext.java:379) ~[netty-transport-4.1.82.Final.jar:?]
	at io.netty.channel.AbstractChannelHandlerContext.invokeChannelRead(AbstractChannelHandlerContext.java:365) ~[netty-transport-4.1.82.Final.jar:?]
	at io.netty.channel.AbstractChannelHandlerContext.fireChannelRead(AbstractChannelHandlerContext.java:357) ~[netty-transport-4.1.82.Final.jar:?]
	at io.netty.handler.timeout.IdleStateHandler.channelRead(IdleStateHandler.java:286) ~[netty-handler-4.1.82.Final.jar:?]
	at io.netty.channel.AbstractChannelHandlerContext.invokeChannelRead(AbstractChannelHandlerContext.java:379) ~[netty-transport-4.1.82.Final.jar:?]
	at io.netty.channel.AbstractChannelHandlerContext.invokeChannelRead(AbstractChannelHandlerContext.java:365) ~[netty-transport-4.1.82.Final.jar:?]
	at io.netty.channel.AbstractChannelHandlerContext.fireChannelRead(AbstractChannelHandlerContext.java:357) ~[netty-transport-4.1.82.Final.jar:?]
	at io.netty.channel.DefaultChannelPipeline$HeadContext.channelRead(DefaultChannelPipeline.java:1410) ~[netty-transport-4.1.82.Final.jar:?]
	at io.netty.channel.AbstractChannelHandlerContext.invokeChannelRead(AbstractChannelHandlerContext.java:379) ~[netty-transport-4.1.82.Final.jar:?]
	at io.netty.channel.AbstractChannelHandlerContext.invokeChannelRead(AbstractChannelHandlerContext.java:365) ~[netty-transport-4.1.82.Final.jar:?]
	at io.netty.channel.DefaultChannelPipeline.fireChannelRead(DefaultChannelPipeline.java:919) ~[netty-transport-4.1.82.Final.jar:?]
	at io.netty.channel.epoll.AbstractEpollStreamChannel$EpollStreamUnsafe.epollInReady(AbstractEpollStreamChannel.java:800) ~[netty-transport-classes-epoll-4.1.82.Final.jar:?]
	at io.netty.channel.epoll.EpollEventLoop.processReady(EpollEventLoop.java:499) ~[netty-transport-classes-epoll-4.1.82.Final.jar:?]
	at io.netty.channel.epoll.EpollEventLoop.run(EpollEventLoop.java:397) ~[netty-transport-classes-epoll-4.1.82.Final.jar:?]
	at io.netty.util.concurrent.SingleThreadEventExecutor$4.run(SingleThreadEventExecutor.java:997) ~[netty-common-4.1.82.Final.jar:?]
	at io.netty.util.internal.ThreadExecutorMap$2.run(ThreadExecutorMap.java:74) ~[netty-common-4.1.82.Final.jar:?]
	at java.lang.Thread.run(Thread.java:840) ~[?:?]
Caused by: java.lang.IndexOutOfBoundsException: Index 50 out of bounds for length 1
	at jdk.internal.util.Preconditions.outOfBounds(Preconditions.java:64) ~[?:?]
	at jdk.internal.util.Preconditions.outOfBoundsCheckIndex(Preconditions.java:70) ~[?:?]
	at jdk.internal.util.Preconditions.checkIndex(Preconditions.java:266) ~[?:?]
	at java.util.Objects.checkIndex(Objects.java:361) ~[?:?]
	at java.util.ArrayList.get(ArrayList.java:427) ~[?:?]
	at net.minecraft.network.NetworkState$PacketHandler.createPacket(NetworkState.java:458) ~[server-intermediary.jar:?]
	at net.minecraft.network.NetworkState.getPacketHandler(NetworkState.java:522) ~[server-intermediary.jar:?]
	at net.minecraft.network.DecoderHandler.decode(DecoderHandler.java:32) ~[server-intermediary.jar:?]
	at io.netty.handler.codec.ByteToMessageDecoder.decodeRemovalReentryProtection(ByteToMessageDecoder.java:519) ~[netty-codec-4.1.82.Final.jar:?]
	at io.netty.handler.codec.ByteToMessageDecoder.callDecode(ByteToMessageDecoder.java:458) ~[netty-codec-4.1.82.Final.jar:?]
	... 29 more
[00:24:08] [Netty Epoll Server IO #6/ERROR]: Exception occurred in netty pipeline
io.netty.handler.codec.DecoderException: java.lang.IndexOutOfBoundsException: Index 50 out of bounds for length 1
	at io.netty.handler.codec.ByteToMessageDecoder.callDecode(ByteToMessageDecoder.java:489) ~[netty-codec-4.1.82.Final.jar:?]
	at io.netty.handler.codec.ByteToMessageDecoder.channelRead(ByteToMessageDecoder.java:280) ~[netty-codec-4.1.82.Final.jar:?]
	at io.netty.channel.AbstractChannelHandlerContext.invokeChannelRead(AbstractChannelHandlerContext.java:379) ~[netty-transport-4.1.82.Final.jar:?]
	at io.netty.channel.AbstractChannelHandlerContext.invokeChannelRead(AbstractChannelHandlerContext.java:365) ~[netty-transport-4.1.82.Final.jar:?]
	at io.netty.channel.AbstractChannelHandlerContext.fireChannelRead(AbstractChannelHandlerContext.java:357) ~[netty-transport-4.1.82.Final.jar:?]
	at io.netty.handler.codec.ByteToMessageDecoder.fireChannelRead(ByteToMessageDecoder.java:336) ~[netty-codec-4.1.82.Final.jar:?]
	at io.netty.handler.codec.ByteToMessageDecoder.fireChannelRead(ByteToMessageDecoder.java:323) ~[netty-codec-4.1.82.Final.jar:?]
	at io.netty.handler.codec.ByteToMessageDecoder.callDecode(ByteToMessageDecoder.java:444) ~[netty-codec-4.1.82.Final.jar:?]
	at io.netty.handler.codec.ByteToMessageDecoder.channelRead(ByteToMessageDecoder.java:280) ~[netty-codec-4.1.82.Final.jar:?]
	at io.netty.channel.AbstractChannelHandlerContext.invokeChannelRead(AbstractChannelHandlerContext.java:379) ~[netty-transport-4.1.82.Final.jar:?]
	at io.netty.channel.AbstractChannelHandlerContext.invokeChannelRead(AbstractChannelHandlerContext.java:365) ~[netty-transport-4.1.82.Final.jar:?]
	at io.netty.channel.AbstractChannelHandlerContext.fireChannelRead(AbstractChannelHandlerContext.java:357) ~[netty-transport-4.1.82.Final.jar:?]
	at net.minecraft.network.LegacyQueryHandler.channelRead(LegacyQueryHandler.java:95) ~[server-intermediary.jar:?]
	at io.netty.channel.AbstractChannelHandlerContext.invokeChannelRead(AbstractChannelHandlerContext.java:379) ~[netty-transport-4.1.82.Final.jar:?]
	at io.netty.channel.AbstractChannelHandlerContext.invokeChannelRead(AbstractChannelHandlerContext.java:365) ~[netty-transport-4.1.82.Final.jar:?]
	at io.netty.channel.AbstractChannelHandlerContext.fireChannelRead(AbstractChannelHandlerContext.java:357) ~[netty-transport-4.1.82.Final.jar:?]
	at io.netty.handler.timeout.IdleStateHandler.channelRead(IdleStateHandler.java:286) ~[netty-handler-4.1.82.Final.jar:?]
	at io.netty.channel.AbstractChannelHandlerContext.invokeChannelRead(AbstractChannelHandlerContext.java:379) ~[netty-transport-4.1.82.Final.jar:?]
	at io.netty.channel.AbstractChannelHandlerContext.invokeChannelRead(AbstractChannelHandlerContext.java:365) ~[netty-transport-4.1.82.Final.jar:?]
	at io.netty.channel.AbstractChannelHandlerContext.fireChannelRead(AbstractChannelHandlerContext.java:357) ~[netty-transport-4.1.82.Final.jar:?]
	at io.netty.channel.DefaultChannelPipeline$HeadContext.channelRead(DefaultChannelPipeline.java:1410) ~[netty-transport-4.1.82.Final.jar:?]
	at io.netty.channel.AbstractChannelHandlerContext.invokeChannelRead(AbstractChannelHandlerContext.java:379) ~[netty-transport-4.1.82.Final.jar:?]
	at io.netty.channel.AbstractChannelHandlerContext.invokeChannelRead(AbstractChannelHandlerContext.java:365) ~[netty-transport-4.1.82.Final.jar:?]
	at io.netty.channel.DefaultChannelPipeline.fireChannelRead(DefaultChannelPipeline.java:919) ~[netty-transport-4.1.82.Final.jar:?]
	at io.netty.channel.epoll.AbstractEpollStreamChannel$EpollStreamUnsafe.epollInReady(AbstractEpollStreamChannel.java:800) ~[netty-transport-classes-epoll-4.1.82.Final.jar:?]
	at io.netty.channel.epoll.EpollEventLoop.processReady(EpollEventLoop.java:499) ~[netty-transport-classes-epoll-4.1.82.Final.jar:?]
	at io.netty.channel.epoll.EpollEventLoop.run(EpollEventLoop.java:397) ~[netty-transport-classes-epoll-4.1.82.Final.jar:?]
	at io.netty.util.concurrent.SingleThreadEventExecutor$4.run(SingleThreadEventExecutor.java:997) ~[netty-common-4.1.82.Final.jar:?]
	at io.netty.util.internal.ThreadExecutorMap$2.run(ThreadExecutorMap.java:74) ~[netty-common-4.1.82.Final.jar:?]
	at java.lang.Thread.run(Thread.java:840) ~[?:?]
Caused by: java.lang.IndexOutOfBoundsException: Index 50 out of bounds for length 1
	at jdk.internal.util.Preconditions.outOfBounds(Preconditions.java:64) ~[?:?]
	at jdk.internal.util.Preconditions.outOfBoundsCheckIndex(Preconditions.java:70) ~[?:?]
	at jdk.internal.util.Preconditions.checkIndex(Preconditions.java:266) ~[?:?]
	at java.util.Objects.checkIndex(Objects.java:361) ~[?:?]
	at java.util.ArrayList.get(ArrayList.java:427) ~[?:?]
	at net.minecraft.network.NetworkState$PacketHandler.createPacket(NetworkState.java:458) ~[server-intermediary.jar:?]
	at net.minecraft.network.NetworkState.getPacketHandler(NetworkState.java:522) ~[server-intermediary.jar:?]
	at net.minecraft.network.DecoderHandler.decode(DecoderHandler.java:32) ~[server-intermediary.jar:?]
	at io.netty.handler.codec.ByteToMessageDecoder.decodeRemovalReentryProtection(ByteToMessageDecoder.java:519) ~[netty-codec-4.1.82.Final.jar:?]
	at io.netty.handler.codec.ByteToMessageDecoder.callDecode(ByteToMessageDecoder.java:458) ~[netty-codec-4.1.82.Final.jar:?]
	... 29 more
[00:29:09] [Netty Epoll Server IO #7/ERROR]: Exception occurred in netty pipeline
io.netty.handler.codec.DecoderException: java.lang.IndexOutOfBoundsException: Index 50 out of bounds for length 1
	at io.netty.handler.codec.ByteToMessageDecoder.callDecode(ByteToMessageDecoder.java:489) ~[netty-codec-4.1.82.Final.jar:?]
	at io.netty.handler.codec.ByteToMessageDecoder.channelRead(ByteToMessageDecoder.java:280) ~[netty-codec-4.1.82.Final.jar:?]
	at io.netty.channel.AbstractChannelHandlerContext.invokeChannelRead(AbstractChannelHandlerContext.java:379) ~[netty-transport-4.1.82.Final.jar:?]
	at io.netty.channel.AbstractChannelHandlerContext.invokeChannelRead(AbstractChannelHandlerContext.java:365) ~[netty-transport-4.1.82.Final.jar:?]
	at io.netty.channel.AbstractChannelHandlerContext.fireChannelRead(AbstractChannelHandlerContext.java:357) ~[netty-transport-4.1.82.Final.jar:?]
	at io.netty.handler.codec.ByteToMessageDecoder.fireChannelRead(ByteToMessageDecoder.java:336) ~[netty-codec-4.1.82.Final.jar:?]
	at io.netty.handler.codec.ByteToMessageDecoder.fireChannelRead(ByteToMessageDecoder.java:323) ~[netty-codec-4.1.82.Final.jar:?]
	at io.netty.handler.codec.ByteToMessageDecoder.callDecode(ByteToMessageDecoder.java:444) ~[netty-codec-4.1.82.Final.jar:?]
	at io.netty.handler.codec.ByteToMessageDecoder.channelRead(ByteToMessageDecoder.java:280) ~[netty-codec-4.1.82.Final.jar:?]
	at io.netty.channel.AbstractChannelHandlerContext.invokeChannelRead(AbstractChannelHandlerContext.java:379) ~[netty-transport-4.1.82.Final.jar:?]
	at io.netty.channel.AbstractChannelHandlerContext.invokeChannelRead(AbstractChannelHandlerContext.java:365) ~[netty-transport-4.1.82.Final.jar:?]
	at io.netty.channel.AbstractChannelHandlerContext.fireChannelRead(AbstractChannelHandlerContext.java:357) ~[netty-transport-4.1.82.Final.jar:?]
	at io.netty.handler.timeout.IdleStateHandler.channelRead(IdleStateHandler.java:286) ~[netty-handler-4.1.82.Final.jar:?]
	at io.netty.channel.AbstractChannelHandlerContext.invokeChannelRead(AbstractChannelHandlerContext.java:379) ~[netty-transport-4.1.82.Final.jar:?]
	at io.netty.channel.AbstractChannelHandlerContext.invokeChannelRead(AbstractChannelHandlerContext.java:365) ~[netty-transport-4.1.82.Final.jar:?]
	at io.netty.channel.AbstractChannelHandlerContext.fireChannelRead(AbstractChannelHandlerContext.java:357) ~[netty-transport-4.1.82.Final.jar:?]
	at io.netty.channel.DefaultChannelPipeline$HeadContext.channelRead(DefaultChannelPipeline.java:1410) ~[netty-transport-4.1.82.Final.jar:?]
	at io.netty.channel.AbstractChannelHandlerContext.invokeChannelRead(AbstractChannelHandlerContext.java:379) ~[netty-transport-4.1.82.Final.jar:?]
	at io.netty.channel.AbstractChannelHandlerContext.invokeChannelRead(AbstractChannelHandlerContext.java:365) ~[netty-transport-4.1.82.Final.jar:?]
	at io.netty.channel.DefaultChannelPipeline.fireChannelRead(DefaultChannelPipeline.java:919) ~[netty-transport-4.1.82.Final.jar:?]
	at io.netty.channel.epoll.AbstractEpollStreamChannel$EpollStreamUnsafe.epollInReady(AbstractEpollStreamChannel.java:800) ~[netty-transport-classes-epoll-4.1.82.Final.jar:?]
	at io.netty.channel.epoll.EpollEventLoop.processReady(EpollEventLoop.java:499) ~[netty-transport-classes-epoll-4.1.82.Final.jar:?]
	at io.netty.channel.epoll.EpollEventLoop.run(EpollEventLoop.java:397) ~[netty-transport-classes-epoll-4.1.82.Final.jar:?]
	at io.netty.util.concurrent.SingleThreadEventExecutor$4.run(SingleThreadEventExecutor.java:997) ~[netty-common-4.1.82.Final.jar:?]
	at io.netty.util.internal.ThreadExecutorMap$2.run(ThreadExecutorMap.java:74) ~[netty-common-4.1.82.Final.jar:?]
	at java.lang.Thread.run(Thread.java:840) ~[?:?]
Caused by: java.lang.IndexOutOfBoundsException: Index 50 out of bounds for length 1
	at jdk.internal.util.Preconditions.outOfBounds(Preconditions.java:64) ~[?:?]
	at jdk.internal.util.Preconditions.outOfBoundsCheckIndex(Preconditions.java:70) ~[?:?]
	at jdk.internal.util.Preconditions.checkIndex(Preconditions.java:266) ~[?:?]
	at java.util.Objects.checkIndex(Objects.java:361) ~[?:?]
	at java.util.ArrayList.get(ArrayList.java:427) ~[?:?]
	at net.minecraft.network.NetworkState$PacketHandler.createPacket(NetworkState.java:458) ~[server-intermediary.jar:?]
	at net.minecraft.network.NetworkState.getPacketHandler(NetworkState.java:522) ~[server-intermediary.jar:?]
	at net.minecraft.network.DecoderHandler.decode(DecoderHandler.java:32) ~[server-intermediary.jar:?]
	at io.netty.handler.codec.ByteToMessageDecoder.decodeRemovalReentryProtection(ByteToMessageDecoder.java:519) ~[netty-codec-4.1.82.Final.jar:?]
	at io.netty.handler.codec.ByteToMessageDecoder.callDecode(ByteToMessageDecoder.java:458) ~[netty-codec-4.1.82.Final.jar:?]
	... 25 more
[00:29:24] [Netty Epoll Server IO #1/ERROR]: Exception occurred in netty pipeline
io.netty.handler.codec.DecoderException: java.lang.IndexOutOfBoundsException: Index 50 out of bounds for length 1
	at io.netty.handler.codec.ByteToMessageDecoder.callDecode(ByteToMessageDecoder.java:489) ~[netty-codec-4.1.82.Final.jar:?]
	at io.netty.handler.codec.ByteToMessageDecoder.channelRead(ByteToMessageDecoder.java:280) ~[netty-codec-4.1.82.Final.jar:?]
	at io.netty.channel.AbstractChannelHandlerContext.invokeChannelRead(AbstractChannelHandlerContext.java:379) ~[netty-transport-4.1.82.Final.jar:?]
	at io.netty.channel.AbstractChannelHandlerContext.invokeChannelRead(AbstractChannelHandlerContext.java:365) ~[netty-transport-4.1.82.Final.jar:?]
	at io.netty.channel.AbstractChannelHandlerContext.fireChannelRead(AbstractChannelHandlerContext.java:357) ~[netty-transport-4.1.82.Final.jar:?]
	at io.netty.handler.codec.ByteToMessageDecoder.fireChannelRead(ByteToMessageDecoder.java:336) ~[netty-codec-4.1.82.Final.jar:?]
	at io.netty.handler.codec.ByteToMessageDecoder.fireChannelRead(ByteToMessageDecoder.java:323) ~[netty-codec-4.1.82.Final.jar:?]
	at io.netty.handler.codec.ByteToMessageDecoder.callDecode(ByteToMessageDecoder.java:444) ~[netty-codec-4.1.82.Final.jar:?]
	at io.netty.handler.codec.ByteToMessageDecoder.channelRead(ByteToMessageDecoder.java:280) ~[netty-codec-4.1.82.Final.jar:?]
	at io.netty.channel.AbstractChannelHandlerContext.invokeChannelRead(AbstractChannelHandlerContext.java:379) ~[netty-transport-4.1.82.Final.jar:?]
	at io.netty.channel.AbstractChannelHandlerContext.invokeChannelRead(AbstractChannelHandlerContext.java:365) ~[netty-transport-4.1.82.Final.jar:?]
	at io.netty.channel.AbstractChannelHandlerContext.fireChannelRead(AbstractChannelHandlerContext.java:357) ~[netty-transport-4.1.82.Final.jar:?]
	at net.minecraft.network.LegacyQueryHandler.channelRead(LegacyQueryHandler.java:95) ~[server-intermediary.jar:?]
	at io.netty.channel.AbstractChannelHandlerContext.invokeChannelRead(AbstractChannelHandlerContext.java:379) ~[netty-transport-4.1.82.Final.jar:?]
	at io.netty.channel.AbstractChannelHandlerContext.invokeChannelRead(AbstractChannelHandlerContext.java:365) ~[netty-transport-4.1.82.Final.jar:?]
	at io.netty.channel.AbstractChannelHandlerContext.fireChannelRead(AbstractChannelHandlerContext.java:357) ~[netty-transport-4.1.82.Final.jar:?]
	at io.netty.handler.timeout.IdleStateHandler.channelRead(IdleStateHandler.java:286) ~[netty-handler-4.1.82.Final.jar:?]
	at io.netty.channel.AbstractChannelHandlerContext.invokeChannelRead(AbstractChannelHandlerContext.java:379) ~[netty-transport-4.1.82.Final.jar:?]
	at io.netty.channel.AbstractChannelHandlerContext.invokeChannelRead(AbstractChannelHandlerContext.java:365) ~[netty-transport-4.1.82.Final.jar:?]
	at io.netty.channel.AbstractChannelHandlerContext.fireChannelRead(AbstractChannelHandlerContext.java:357) ~[netty-transport-4.1.82.Final.jar:?]
	at io.netty.channel.DefaultChannelPipeline$HeadContext.channelRead(DefaultChannelPipeline.java:1410) ~[netty-transport-4.1.82.Final.jar:?]
	at io.netty.channel.AbstractChannelHandlerContext.invokeChannelRead(AbstractChannelHandlerContext.java:379) ~[netty-transport-4.1.82.Final.jar:?]
	at io.netty.channel.AbstractChannelHandlerContext.invokeChannelRead(AbstractChannelHandlerContext.java:365) ~[netty-transport-4.1.82.Final.jar:?]
	at io.netty.channel.DefaultChannelPipeline.fireChannelRead(DefaultChannelPipeline.java:919) ~[netty-transport-4.1.82.Final.jar:?]
	at io.netty.channel.epoll.AbstractEpollStreamChannel$EpollStreamUnsafe.epollInReady(AbstractEpollStreamChannel.java:800) ~[netty-transport-classes-epoll-4.1.82.Final.jar:?]
	at io.netty.channel.epoll.EpollEventLoop.processReady(EpollEventLoop.java:499) ~[netty-transport-classes-epoll-4.1.82.Final.jar:?]
	at io.netty.channel.epoll.EpollEventLoop.run(EpollEventLoop.java:397) ~[netty-transport-classes-epoll-4.1.82.Final.jar:?]
	at io.netty.util.concurrent.SingleThreadEventExecutor$4.run(SingleThreadEventExecutor.java:997) ~[netty-common-4.1.82.Final.jar:?]
	at io.netty.util.internal.ThreadExecutorMap$2.run(ThreadExecutorMap.java:74) ~[netty-common-4.1.82.Final.jar:?]
	at java.lang.Thread.run(Thread.java:840) ~[?:?]
Caused by: java.lang.IndexOutOfBoundsException: Index 50 out of bounds for length 1
	at jdk.internal.util.Preconditions.outOfBounds(Preconditions.java:64) ~[?:?]
	at jdk.internal.util.Preconditions.outOfBoundsCheckIndex(Preconditions.java:70) ~[?:?]
	at jdk.internal.util.Preconditions.checkIndex(Preconditions.java:266) ~[?:?]
	at java.util.Objects.checkIndex(Objects.java:361) ~[?:?]
	at java.util.ArrayList.get(ArrayList.java:427) ~[?:?]
	at net.minecraft.network.NetworkState$PacketHandler.createPacket(NetworkState.java:458) ~[server-intermediary.jar:?]
	at net.minecraft.network.NetworkState.getPacketHandler(NetworkState.java:522) ~[server-intermediary.jar:?]
	at net.minecraft.network.DecoderHandler.decode(DecoderHandler.java:32) ~[server-intermediary.jar:?]
	at io.netty.handler.codec.ByteToMessageDecoder.decodeRemovalReentryProtection(ByteToMessageDecoder.java:519) ~[netty-codec-4.1.82.Final.jar:?]
	at io.netty.handler.codec.ByteToMessageDecoder.callDecode(ByteToMessageDecoder.java:458) ~[netty-codec-4.1.82.Final.jar:?]
	... 29 more
[00:34:40] [Netty Epoll Server IO #3/ERROR]: Exception occurred in netty pipeline
io.netty.handler.codec.DecoderException: java.lang.IndexOutOfBoundsException: Index 50 out of bounds for length 1
	at io.netty.handler.codec.ByteToMessageDecoder.callDecode(ByteToMessageDecoder.java:489) ~[netty-codec-4.1.82.Final.jar:?]
	at io.netty.handler.codec.ByteToMessageDecoder.channelRead(ByteToMessageDecoder.java:280) ~[netty-codec-4.1.82.Final.jar:?]
	at io.netty.channel.AbstractChannelHandlerContext.invokeChannelRead(AbstractChannelHandlerContext.java:379) ~[netty-transport-4.1.82.Final.jar:?]
	at io.netty.channel.AbstractChannelHandlerContext.invokeChannelRead(AbstractChannelHandlerContext.java:365) ~[netty-transport-4.1.82.Final.jar:?]
	at io.netty.channel.AbstractChannelHandlerContext.fireChannelRead(AbstractChannelHandlerContext.java:357) ~[netty-transport-4.1.82.Final.jar:?]
	at io.netty.handler.codec.ByteToMessageDecoder.fireChannelRead(ByteToMessageDecoder.java:336) ~[netty-codec-4.1.82.Final.jar:?]
	at io.netty.handler.codec.ByteToMessageDecoder.fireChannelRead(ByteToMessageDecoder.java:323) ~[netty-codec-4.1.82.Final.jar:?]
	at io.netty.handler.codec.ByteToMessageDecoder.callDecode(ByteToMessageDecoder.java:444) ~[netty-codec-4.1.82.Final.jar:?]
	at io.netty.handler.codec.ByteToMessageDecoder.channelRead(ByteToMessageDecoder.java:280) ~[netty-codec-4.1.82.Final.jar:?]
	at io.netty.channel.AbstractChannelHandlerContext.invokeChannelRead(AbstractChannelHandlerContext.java:379) ~[netty-transport-4.1.82.Final.jar:?]
	at io.netty.channel.AbstractChannelHandlerContext.invokeChannelRead(AbstractChannelHandlerContext.java:365) ~[netty-transport-4.1.82.Final.jar:?]
	at io.netty.channel.AbstractChannelHandlerContext.fireChannelRead(AbstractChannelHandlerContext.java:357) ~[netty-transport-4.1.82.Final.jar:?]
	at net.minecraft.network.LegacyQueryHandler.channelRead(LegacyQueryHandler.java:95) ~[server-intermediary.jar:?]
	at io.netty.channel.AbstractChannelHandlerContext.invokeChannelRead(AbstractChannelHandlerContext.java:379) ~[netty-transport-4.1.82.Final.jar:?]
	at io.netty.channel.AbstractChannelHandlerContext.invokeChannelRead(AbstractChannelHandlerContext.java:365) ~[netty-transport-4.1.82.Final.jar:?]
	at io.netty.channel.AbstractChannelHandlerContext.fireChannelRead(AbstractChannelHandlerContext.java:357) ~[netty-transport-4.1.82.Final.jar:?]
	at io.netty.handler.timeout.IdleStateHandler.channelRead(IdleStateHandler.java:286) ~[netty-handler-4.1.82.Final.jar:?]
	at io.netty.channel.AbstractChannelHandlerContext.invokeChannelRead(AbstractChannelHandlerContext.java:379) ~[netty-transport-4.1.82.Final.jar:?]
	at io.netty.channel.AbstractChannelHandlerContext.invokeChannelRead(AbstractChannelHandlerContext.java:365) ~[netty-transport-4.1.82.Final.jar:?]
	at io.netty.channel.AbstractChannelHandlerContext.fireChannelRead(AbstractChannelHandlerContext.java:357) ~[netty-transport-4.1.82.Final.jar:?]
	at io.netty.channel.DefaultChannelPipeline$HeadContext.channelRead(DefaultChannelPipeline.java:1410) ~[netty-transport-4.1.82.Final.jar:?]
	at io.netty.channel.AbstractChannelHandlerContext.invokeChannelRead(AbstractChannelHandlerContext.java:379) ~[netty-transport-4.1.82.Final.jar:?]
	at io.netty.channel.AbstractChannelHandlerContext.invokeChannelRead(AbstractChannelHandlerContext.java:365) ~[netty-transport-4.1.82.Final.jar:?]
	at io.netty.channel.DefaultChannelPipeline.fireChannelRead(DefaultChannelPipeline.java:919) ~[netty-transport-4.1.82.Final.jar:?]
	at io.netty.channel.epoll.AbstractEpollStreamChannel$EpollStreamUnsafe.epollInReady(AbstractEpollStreamChannel.java:800) ~[netty-transport-classes-epoll-4.1.82.Final.jar:?]
	at io.netty.channel.epoll.EpollEventLoop.processReady(EpollEventLoop.java:499) ~[netty-transport-classes-epoll-4.1.82.Final.jar:?]
	at io.netty.channel.epoll.EpollEventLoop.run(EpollEventLoop.java:397) ~[netty-transport-classes-epoll-4.1.82.Final.jar:?]
	at io.netty.util.concurrent.SingleThreadEventExecutor$4.run(SingleThreadEventExecutor.java:997) ~[netty-common-4.1.82.Final.jar:?]
	at io.netty.util.internal.ThreadExecutorMap$2.run(ThreadExecutorMap.java:74) ~[netty-common-4.1.82.Final.jar:?]
	at java.lang.Thread.run(Thread.java:840) ~[?:?]
Caused by: java.lang.IndexOutOfBoundsException: Index 50 out of bounds for length 1
	at jdk.internal.util.Preconditions.outOfBounds(Preconditions.java:64) ~[?:?]
	at jdk.internal.util.Preconditions.outOfBoundsCheckIndex(Preconditions.java:70) ~[?:?]
	at jdk.internal.util.Preconditions.checkIndex(Preconditions.java:266) ~[?:?]
	at java.util.Objects.checkIndex(Objects.java:361) ~[?:?]
	at java.util.ArrayList.get(ArrayList.java:427) ~[?:?]
	at net.minecraft.network.NetworkState$PacketHandler.createPacket(NetworkState.java:458) ~[server-intermediary.jar:?]
	at net.minecraft.network.NetworkState.getPacketHandler(NetworkState.java:522) ~[server-intermediary.jar:?]
	at net.minecraft.network.DecoderHandler.decode(DecoderHandler.java:32) ~[server-intermediary.jar:?]
	at io.netty.handler.codec.ByteToMessageDecoder.decodeRemovalReentryProtection(ByteToMessageDecoder.java:519) ~[netty-codec-4.1.82.Final.jar:?]
	at io.netty.handler.codec.ByteToMessageDecoder.callDecode(ByteToMessageDecoder.java:458) ~[netty-codec-4.1.82.Final.jar:?]
	... 29 more
[00:39:06] [Netty Epoll Server IO #5/ERROR]: Exception occurred in netty pipeline
io.netty.handler.codec.DecoderException: java.lang.IndexOutOfBoundsException: Index 50 out of bounds for length 1
	at io.netty.handler.codec.ByteToMessageDecoder.callDecode(ByteToMessageDecoder.java:489) ~[netty-codec-4.1.82.Final.jar:?]
	at io.netty.handler.codec.ByteToMessageDecoder.channelRead(ByteToMessageDecoder.java:280) ~[netty-codec-4.1.82.Final.jar:?]
	at io.netty.channel.AbstractChannelHandlerContext.invokeChannelRead(AbstractChannelHandlerContext.java:379) ~[netty-transport-4.1.82.Final.jar:?]
	at io.netty.channel.AbstractChannelHandlerContext.invokeChannelRead(AbstractChannelHandlerContext.java:365) ~[netty-transport-4.1.82.Final.jar:?]
	at io.netty.channel.AbstractChannelHandlerContext.fireChannelRead(AbstractChannelHandlerContext.java:357) ~[netty-transport-4.1.82.Final.jar:?]
	at io.netty.handler.codec.ByteToMessageDecoder.fireChannelRead(ByteToMessageDecoder.java:336) ~[netty-codec-4.1.82.Final.jar:?]
	at io.netty.handler.codec.ByteToMessageDecoder.fireChannelRead(ByteToMessageDecoder.java:323) ~[netty-codec-4.1.82.Final.jar:?]
	at io.netty.handler.codec.ByteToMessageDecoder.callDecode(ByteToMessageDecoder.java:444) ~[netty-codec-4.1.82.Final.jar:?]
	at io.netty.handler.codec.ByteToMessageDecoder.channelRead(ByteToMessageDecoder.java:280) ~[netty-codec-4.1.82.Final.jar:?]
	at io.netty.channel.AbstractChannelHandlerContext.invokeChannelRead(AbstractChannelHandlerContext.java:379) ~[netty-transport-4.1.82.Final.jar:?]
	at io.netty.channel.AbstractChannelHandlerContext.invokeChannelRead(AbstractChannelHandlerContext.java:365) ~[netty-transport-4.1.82.Final.jar:?]
	at io.netty.channel.AbstractChannelHandlerContext.fireChannelRead(AbstractChannelHandlerContext.java:357) ~[netty-transport-4.1.82.Final.jar:?]
	at net.minecraft.network.LegacyQueryHandler.channelRead(LegacyQueryHandler.java:95) ~[server-intermediary.jar:?]
	at io.netty.channel.AbstractChannelHandlerContext.invokeChannelRead(AbstractChannelHandlerContext.java:379) ~[netty-transport-4.1.82.Final.jar:?]
	at io.netty.channel.AbstractChannelHandlerContext.invokeChannelRead(AbstractChannelHandlerContext.java:365) ~[netty-transport-4.1.82.Final.jar:?]
	at io.netty.channel.AbstractChannelHandlerContext.fireChannelRead(AbstractChannelHandlerContext.java:357) ~[netty-transport-4.1.82.Final.jar:?]
	at io.netty.handler.timeout.IdleStateHandler.channelRead(IdleStateHandler.java:286) ~[netty-handler-4.1.82.Final.jar:?]
	at io.netty.channel.AbstractChannelHandlerContext.invokeChannelRead(AbstractChannelHandlerContext.java:379) ~[netty-transport-4.1.82.Final.jar:?]
	at io.netty.channel.AbstractChannelHandlerContext.invokeChannelRead(AbstractChannelHandlerContext.java:365) ~[netty-transport-4.1.82.Final.jar:?]
	at io.netty.channel.AbstractChannelHandlerContext.fireChannelRead(AbstractChannelHandlerContext.java:357) ~[netty-transport-4.1.82.Final.jar:?]
	at io.netty.channel.DefaultChannelPipeline$HeadContext.channelRead(DefaultChannelPipeline.java:1410) ~[netty-transport-4.1.82.Final.jar:?]
	at io.netty.channel.AbstractChannelHandlerContext.invokeChannelRead(AbstractChannelHandlerContext.java:379) ~[netty-transport-4.1.82.Final.jar:?]
	at io.netty.channel.AbstractChannelHandlerContext.invokeChannelRead(AbstractChannelHandlerContext.java:365) ~[netty-transport-4.1.82.Final.jar:?]
	at io.netty.channel.DefaultChannelPipeline.fireChannelRead(DefaultChannelPipeline.java:919) ~[netty-transport-4.1.82.Final.jar:?]
	at io.netty.channel.epoll.AbstractEpollStreamChannel$EpollStreamUnsafe.epollInReady(AbstractEpollStreamChannel.java:800) ~[netty-transport-classes-epoll-4.1.82.Final.jar:?]
	at io.netty.channel.epoll.EpollEventLoop.processReady(EpollEventLoop.java:499) ~[netty-transport-classes-epoll-4.1.82.Final.jar:?]
	at io.netty.channel.epoll.EpollEventLoop.run(EpollEventLoop.java:397) ~[netty-transport-classes-epoll-4.1.82.Final.jar:?]
	at io.netty.util.concurrent.SingleThreadEventExecutor$4.run(SingleThreadEventExecutor.java:997) ~[netty-common-4.1.82.Final.jar:?]
	at io.netty.util.internal.ThreadExecutorMap$2.run(ThreadExecutorMap.java:74) ~[netty-common-4.1.82.Final.jar:?]
	at java.lang.Thread.run(Thread.java:840) ~[?:?]
Caused by: java.lang.IndexOutOfBoundsException: Index 50 out of bounds for length 1
	at jdk.internal.util.Preconditions.outOfBounds(Preconditions.java:64) ~[?:?]
	at jdk.internal.util.Preconditions.outOfBoundsCheckIndex(Preconditions.java:70) ~[?:?]
	at jdk.internal.util.Preconditions.checkIndex(Preconditions.java:266) ~[?:?]
	at java.util.Objects.checkIndex(Objects.java:361) ~[?:?]
	at java.util.ArrayList.get(ArrayList.java:427) ~[?:?]
	at net.minecraft.network.NetworkState$PacketHandler.createPacket(NetworkState.java:458) ~[server-intermediary.jar:?]
	at net.minecraft.network.NetworkState.getPacketHandler(NetworkState.java:522) ~[server-intermediary.jar:?]
	at net.minecraft.network.DecoderHandler.decode(DecoderHandler.java:32) ~[server-intermediary.jar:?]
	at io.netty.handler.codec.ByteToMessageDecoder.decodeRemovalReentryProtection(ByteToMessageDecoder.java:519) ~[netty-codec-4.1.82.Final.jar:?]
	at io.netty.handler.codec.ByteToMessageDecoder.callDecode(ByteToMessageDecoder.java:458) ~[netty-codec-4.1.82.Final.jar:?]
	... 29 more
[00:39:55] [Netty Epoll Server IO #7/ERROR]: Exception occurred in netty pipeline
io.netty.handler.codec.DecoderException: java.lang.IndexOutOfBoundsException: Index 50 out of bounds for length 1
	at io.netty.handler.codec.ByteToMessageDecoder.callDecode(ByteToMessageDecoder.java:489) ~[netty-codec-4.1.82.Final.jar:?]
	at io.netty.handler.codec.ByteToMessageDecoder.channelRead(ByteToMessageDecoder.java:280) ~[netty-codec-4.1.82.Final.jar:?]
	at io.netty.channel.AbstractChannelHandlerContext.invokeChannelRead(AbstractChannelHandlerContext.java:379) ~[netty-transport-4.1.82.Final.jar:?]
	at io.netty.channel.AbstractChannelHandlerContext.invokeChannelRead(AbstractChannelHandlerContext.java:365) ~[netty-transport-4.1.82.Final.jar:?]
	at io.netty.channel.AbstractChannelHandlerContext.fireChannelRead(AbstractChannelHandlerContext.java:357) ~[netty-transport-4.1.82.Final.jar:?]
	at io.netty.handler.codec.ByteToMessageDecoder.fireChannelRead(ByteToMessageDecoder.java:336) ~[netty-codec-4.1.82.Final.jar:?]
	at io.netty.handler.codec.ByteToMessageDecoder.fireChannelRead(ByteToMessageDecoder.java:323) ~[netty-codec-4.1.82.Final.jar:?]
	at io.netty.handler.codec.ByteToMessageDecoder.callDecode(ByteToMessageDecoder.java:444) ~[netty-codec-4.1.82.Final.jar:?]
	at io.netty.handler.codec.ByteToMessageDecoder.channelRead(ByteToMessageDecoder.java:280) ~[netty-codec-4.1.82.Final.jar:?]
	at io.netty.channel.AbstractChannelHandlerContext.invokeChannelRead(AbstractChannelHandlerContext.java:379) ~[netty-transport-4.1.82.Final.jar:?]
	at io.netty.channel.AbstractChannelHandlerContext.invokeChannelRead(AbstractChannelHandlerContext.java:365) ~[netty-transport-4.1.82.Final.jar:?]
	at io.netty.channel.AbstractChannelHandlerContext.fireChannelRead(AbstractChannelHandlerContext.java:357) ~[netty-transport-4.1.82.Final.jar:?]
	at net.minecraft.network.LegacyQueryHandler.channelRead(LegacyQueryHandler.java:95) ~[server-intermediary.jar:?]
	at io.netty.channel.AbstractChannelHandlerContext.invokeChannelRead(AbstractChannelHandlerContext.java:379) ~[netty-transport-4.1.82.Final.jar:?]
	at io.netty.channel.AbstractChannelHandlerContext.invokeChannelRead(AbstractChannelHandlerContext.java:365) ~[netty-transport-4.1.82.Final.jar:?]
	at io.netty.channel.AbstractChannelHandlerContext.fireChannelRead(AbstractChannelHandlerContext.java:357) ~[netty-transport-4.1.82.Final.jar:?]
	at io.netty.handler.timeout.IdleStateHandler.channelRead(IdleStateHandler.java:286) ~[netty-handler-4.1.82.Final.jar:?]
	at io.netty.channel.AbstractChannelHandlerContext.invokeChannelRead(AbstractChannelHandlerContext.java:379) ~[netty-transport-4.1.82.Final.jar:?]
	at io.netty.channel.AbstractChannelHandlerContext.invokeChannelRead(AbstractChannelHandlerContext.java:365) ~[netty-transport-4.1.82.Final.jar:?]
	at io.netty.channel.AbstractChannelHandlerContext.fireChannelRead(AbstractChannelHandlerContext.java:357) ~[netty-transport-4.1.82.Final.jar:?]
	at io.netty.channel.DefaultChannelPipeline$HeadContext.channelRead(DefaultChannelPipeline.java:1410) ~[netty-transport-4.1.82.Final.jar:?]
	at io.netty.channel.AbstractChannelHandlerContext.invokeChannelRead(AbstractChannelHandlerContext.java:379) ~[netty-transport-4.1.82.Final.jar:?]
	at io.netty.channel.AbstractChannelHandlerContext.invokeChannelRead(AbstractChannelHandlerContext.java:365) ~[netty-transport-4.1.82.Final.jar:?]
	at io.netty.channel.DefaultChannelPipeline.fireChannelRead(DefaultChannelPipeline.java:919) ~[netty-transport-4.1.82.Final.jar:?]
	at io.netty.channel.epoll.AbstractEpollStreamChannel$EpollStreamUnsafe.epollInReady(AbstractEpollStreamChannel.java:800) ~[netty-transport-classes-epoll-4.1.82.Final.jar:?]
	at io.netty.channel.epoll.EpollEventLoop.processReady(EpollEventLoop.java:499) ~[netty-transport-classes-epoll-4.1.82.Final.jar:?]
	at io.netty.channel.epoll.EpollEventLoop.run(EpollEventLoop.java:397) ~[netty-transport-classes-epoll-4.1.82.Final.jar:?]
	at io.netty.util.concurrent.SingleThreadEventExecutor$4.run(SingleThreadEventExecutor.java:997) ~[netty-common-4.1.82.Final.jar:?]
	at io.netty.util.internal.ThreadExecutorMap$2.run(ThreadExecutorMap.java:74) ~[netty-common-4.1.82.Final.jar:?]
	at java.lang.Thread.run(Thread.java:840) ~[?:?]
Caused by: java.lang.IndexOutOfBoundsException: Index 50 out of bounds for length 1
	at jdk.internal.util.Preconditions.outOfBounds(Preconditions.java:64) ~[?:?]
	at jdk.internal.util.Preconditions.outOfBoundsCheckIndex(Preconditions.java:70) ~[?:?]
	at jdk.internal.util.Preconditions.checkIndex(Preconditions.java:266) ~[?:?]
	at java.util.Objects.checkIndex(Objects.java:361) ~[?:?]
	at java.util.ArrayList.get(ArrayList.java:427) ~[?:?]
	at net.minecraft.network.NetworkState$PacketHandler.createPacket(NetworkState.java:458) ~[server-intermediary.jar:?]
	at net.minecraft.network.NetworkState.getPacketHandler(NetworkState.java:522) ~[server-intermediary.jar:?]
	at net.minecraft.network.DecoderHandler.decode(DecoderHandler.java:32) ~[server-intermediary.jar:?]
	at io.netty.handler.codec.ByteToMessageDecoder.decodeRemovalReentryProtection(ByteToMessageDecoder.java:519) ~[netty-codec-4.1.82.Final.jar:?]
	at io.netty.handler.codec.ByteToMessageDecoder.callDecode(ByteToMessageDecoder.java:458) ~[netty-codec-4.1.82.Final.jar:?]
	... 29 more
[00:40:37] [Netty Epoll Server IO #0/ERROR]: Exception occurred in netty pipeline
io.netty.handler.codec.DecoderException: java.lang.IndexOutOfBoundsException: Index 50 out of bounds for length 1
	at io.netty.handler.codec.ByteToMessageDecoder.callDecode(ByteToMessageDecoder.java:489) ~[netty-codec-4.1.82.Final.jar:?]
	at io.netty.handler.codec.ByteToMessageDecoder.channelRead(ByteToMessageDecoder.java:280) ~[netty-codec-4.1.82.Final.jar:?]
	at io.netty.channel.AbstractChannelHandlerContext.invokeChannelRead(AbstractChannelHandlerContext.java:379) ~[netty-transport-4.1.82.Final.jar:?]
	at io.netty.channel.AbstractChannelHandlerContext.invokeChannelRead(AbstractChannelHandlerContext.java:365) ~[netty-transport-4.1.82.Final.jar:?]
	at io.netty.channel.AbstractChannelHandlerContext.fireChannelRead(AbstractChannelHandlerContext.java:357) ~[netty-transport-4.1.82.Final.jar:?]
	at io.netty.handler.codec.ByteToMessageDecoder.fireChannelRead(ByteToMessageDecoder.java:336) ~[netty-codec-4.1.82.Final.jar:?]
	at io.netty.handler.codec.ByteToMessageDecoder.fireChannelRead(ByteToMessageDecoder.java:323) ~[netty-codec-4.1.82.Final.jar:?]
	at io.netty.handler.codec.ByteToMessageDecoder.callDecode(ByteToMessageDecoder.java:444) ~[netty-codec-4.1.82.Final.jar:?]
	at io.netty.handler.codec.ByteToMessageDecoder.channelRead(ByteToMessageDecoder.java:280) ~[netty-codec-4.1.82.Final.jar:?]
	at io.netty.channel.AbstractChannelHandlerContext.invokeChannelRead(AbstractChannelHandlerContext.java:379) ~[netty-transport-4.1.82.Final.jar:?]
	at io.netty.channel.AbstractChannelHandlerContext.invokeChannelRead(AbstractChannelHandlerContext.java:365) ~[netty-transport-4.1.82.Final.jar:?]
	at io.netty.channel.AbstractChannelHandlerContext.fireChannelRead(AbstractChannelHandlerContext.java:357) ~[netty-transport-4.1.82.Final.jar:?]
	at io.netty.handler.timeout.IdleStateHandler.channelRead(IdleStateHandler.java:286) ~[netty-handler-4.1.82.Final.jar:?]
	at io.netty.channel.AbstractChannelHandlerContext.invokeChannelRead(AbstractChannelHandlerContext.java:379) ~[netty-transport-4.1.82.Final.jar:?]
	at io.netty.channel.AbstractChannelHandlerContext.invokeChannelRead(AbstractChannelHandlerContext.java:365) ~[netty-transport-4.1.82.Final.jar:?]
	at io.netty.channel.AbstractChannelHandlerContext.fireChannelRead(AbstractChannelHandlerContext.java:357) ~[netty-transport-4.1.82.Final.jar:?]
	at io.netty.channel.DefaultChannelPipeline$HeadContext.channelRead(DefaultChannelPipeline.java:1410) ~[netty-transport-4.1.82.Final.jar:?]
	at io.netty.channel.AbstractChannelHandlerContext.invokeChannelRead(AbstractChannelHandlerContext.java:379) ~[netty-transport-4.1.82.Final.jar:?]
	at io.netty.channel.AbstractChannelHandlerContext.invokeChannelRead(AbstractChannelHandlerContext.java:365) ~[netty-transport-4.1.82.Final.jar:?]
	at io.netty.channel.DefaultChannelPipeline.fireChannelRead(DefaultChannelPipeline.java:919) ~[netty-transport-4.1.82.Final.jar:?]
	at io.netty.channel.epoll.AbstractEpollStreamChannel$EpollStreamUnsafe.epollInReady(AbstractEpollStreamChannel.java:800) ~[netty-transport-classes-epoll-4.1.82.Final.jar:?]
	at io.netty.channel.epoll.EpollEventLoop.processReady(EpollEventLoop.java:499) ~[netty-transport-classes-epoll-4.1.82.Final.jar:?]
	at io.netty.channel.epoll.EpollEventLoop.run(EpollEventLoop.java:397) ~[netty-transport-classes-epoll-4.1.82.Final.jar:?]
	at io.netty.util.concurrent.SingleThreadEventExecutor$4.run(SingleThreadEventExecutor.java:997) ~[netty-common-4.1.82.Final.jar:?]
	at io.netty.util.internal.ThreadExecutorMap$2.run(ThreadExecutorMap.java:74) ~[netty-common-4.1.82.Final.jar:?]
	at java.lang.Thread.run(Thread.java:840) ~[?:?]
Caused by: java.lang.IndexOutOfBoundsException: Index 50 out of bounds for length 1
	at jdk.internal.util.Preconditions.outOfBounds(Preconditions.java:64) ~[?:?]
	at jdk.internal.util.Preconditions.outOfBoundsCheckIndex(Preconditions.java:70) ~[?:?]
	at jdk.internal.util.Preconditions.checkIndex(Preconditions.java:266) ~[?:?]
	at java.util.Objects.checkIndex(Objects.java:361) ~[?:?]
	at java.util.ArrayList.get(ArrayList.java:427) ~[?:?]
	at net.minecraft.network.NetworkState$PacketHandler.createPacket(NetworkState.java:458) ~[server-intermediary.jar:?]
	at net.minecraft.network.NetworkState.getPacketHandler(NetworkState.java:522) ~[server-intermediary.jar:?]
	at net.minecraft.network.DecoderHandler.decode(DecoderHandler.java:32) ~[server-intermediary.jar:?]
	at io.netty.handler.codec.ByteToMessageDecoder.decodeRemovalReentryProtection(ByteToMessageDecoder.java:519) ~[netty-codec-4.1.82.Final.jar:?]
	at io.netty.handler.codec.ByteToMessageDecoder.callDecode(ByteToMessageDecoder.java:458) ~[netty-codec-4.1.82.Final.jar:?]
	... 25 more
[00:45:11] [Netty Epoll Server IO #3/ERROR]: Exception occurred in netty pipeline
io.netty.handler.codec.DecoderException: java.lang.IndexOutOfBoundsException: Index 50 out of bounds for length 1
	at io.netty.handler.codec.ByteToMessageDecoder.callDecode(ByteToMessageDecoder.java:489) ~[netty-codec-4.1.82.Final.jar:?]
	at io.netty.handler.codec.ByteToMessageDecoder.channelRead(ByteToMessageDecoder.java:280) ~[netty-codec-4.1.82.Final.jar:?]
	at io.netty.channel.AbstractChannelHandlerContext.invokeChannelRead(AbstractChannelHandlerContext.java:379) ~[netty-transport-4.1.82.Final.jar:?]
	at io.netty.channel.AbstractChannelHandlerContext.invokeChannelRead(AbstractChannelHandlerContext.java:365) ~[netty-transport-4.1.82.Final.jar:?]
	at io.netty.channel.AbstractChannelHandlerContext.fireChannelRead(AbstractChannelHandlerContext.java:357) ~[netty-transport-4.1.82.Final.jar:?]
	at io.netty.handler.codec.ByteToMessageDecoder.fireChannelRead(ByteToMessageDecoder.java:336) ~[netty-codec-4.1.82.Final.jar:?]
	at io.netty.handler.codec.ByteToMessageDecoder.fireChannelRead(ByteToMessageDecoder.java:323) ~[netty-codec-4.1.82.Final.jar:?]
	at io.netty.handler.codec.ByteToMessageDecoder.callDecode(ByteToMessageDecoder.java:444) ~[netty-codec-4.1.82.Final.jar:?]
	at io.netty.handler.codec.ByteToMessageDecoder.channelRead(ByteToMessageDecoder.java:280) ~[netty-codec-4.1.82.Final.jar:?]
	at io.netty.channel.AbstractChannelHandlerContext.invokeChannelRead(AbstractChannelHandlerContext.java:379) ~[netty-transport-4.1.82.Final.jar:?]
	at io.netty.channel.AbstractChannelHandlerContext.invokeChannelRead(AbstractChannelHandlerContext.java:365) ~[netty-transport-4.1.82.Final.jar:?]
	at io.netty.channel.AbstractChannelHandlerContext.fireChannelRead(AbstractChannelHandlerContext.java:357) ~[netty-transport-4.1.82.Final.jar:?]
	at net.minecraft.network.LegacyQueryHandler.channelRead(LegacyQueryHandler.java:95) ~[server-intermediary.jar:?]
	at io.netty.channel.AbstractChannelHandlerContext.invokeChannelRead(AbstractChannelHandlerContext.java:379) ~[netty-transport-4.1.82.Final.jar:?]
	at io.netty.channel.AbstractChannelHandlerContext.invokeChannelRead(AbstractChannelHandlerContext.java:365) ~[netty-transport-4.1.82.Final.jar:?]
	at io.netty.channel.AbstractChannelHandlerContext.fireChannelRead(AbstractChannelHandlerContext.java:357) ~[netty-transport-4.1.82.Final.jar:?]
	at io.netty.handler.timeout.IdleStateHandler.channelRead(IdleStateHandler.java:286) ~[netty-handler-4.1.82.Final.jar:?]
	at io.netty.channel.AbstractChannelHandlerContext.invokeChannelRead(AbstractChannelHandlerContext.java:379) ~[netty-transport-4.1.82.Final.jar:?]
	at io.netty.channel.AbstractChannelHandlerContext.invokeChannelRead(AbstractChannelHandlerContext.java:365) ~[netty-transport-4.1.82.Final.jar:?]
	at io.netty.channel.AbstractChannelHandlerContext.fireChannelRead(AbstractChannelHandlerContext.java:357) ~[netty-transport-4.1.82.Final.jar:?]
	at io.netty.channel.DefaultChannelPipeline$HeadContext.channelRead(DefaultChannelPipeline.java:1410) ~[netty-transport-4.1.82.Final.jar:?]
	at io.netty.channel.AbstractChannelHandlerContext.invokeChannelRead(AbstractChannelHandlerContext.java:379) ~[netty-transport-4.1.82.Final.jar:?]
	at io.netty.channel.AbstractChannelHandlerContext.invokeChannelRead(AbstractChannelHandlerContext.java:365) ~[netty-transport-4.1.82.Final.jar:?]
	at io.netty.channel.DefaultChannelPipeline.fireChannelRead(DefaultChannelPipeline.java:919) ~[netty-transport-4.1.82.Final.jar:?]
	at io.netty.channel.epoll.AbstractEpollStreamChannel$EpollStreamUnsafe.epollInReady(AbstractEpollStreamChannel.java:800) ~[netty-transport-classes-epoll-4.1.82.Final.jar:?]
	at io.netty.channel.epoll.EpollEventLoop.processReady(EpollEventLoop.java:499) ~[netty-transport-classes-epoll-4.1.82.Final.jar:?]
	at io.netty.channel.epoll.EpollEventLoop.run(EpollEventLoop.java:397) ~[netty-transport-classes-epoll-4.1.82.Final.jar:?]
	at io.netty.util.concurrent.SingleThreadEventExecutor$4.run(SingleThreadEventExecutor.java:997) ~[netty-common-4.1.82.Final.jar:?]
	at io.netty.util.internal.ThreadExecutorMap$2.run(ThreadExecutorMap.java:74) ~[netty-common-4.1.82.Final.jar:?]
	at java.lang.Thread.run(Thread.java:840) ~[?:?]
Caused by: java.lang.IndexOutOfBoundsException: Index 50 out of bounds for length 1
	at jdk.internal.util.Preconditions.outOfBounds(Preconditions.java:64) ~[?:?]
	at jdk.internal.util.Preconditions.outOfBoundsCheckIndex(Preconditions.java:70) ~[?:?]
	at jdk.internal.util.Preconditions.checkIndex(Preconditions.java:266) ~[?:?]
	at java.util.Objects.checkIndex(Objects.java:361) ~[?:?]
	at java.util.ArrayList.get(ArrayList.java:427) ~[?:?]
	at net.minecraft.network.NetworkState$PacketHandler.createPacket(NetworkState.java:458) ~[server-intermediary.jar:?]
	at net.minecraft.network.NetworkState.getPacketHandler(NetworkState.java:522) ~[server-intermediary.jar:?]
	at net.minecraft.network.DecoderHandler.decode(DecoderHandler.java:32) ~[server-intermediary.jar:?]
	at io.netty.handler.codec.ByteToMessageDecoder.decodeRemovalReentryProtection(ByteToMessageDecoder.java:519) ~[netty-codec-4.1.82.Final.jar:?]
	at io.netty.handler.codec.ByteToMessageDecoder.callDecode(ByteToMessageDecoder.java:458) ~[netty-codec-4.1.82.Final.jar:?]
	... 29 more
[00:50:27] [Netty Epoll Server IO #5/ERROR]: Exception occurred in netty pipeline
io.netty.handler.codec.DecoderException: java.lang.IndexOutOfBoundsException: Index 50 out of bounds for length 1
	at io.netty.handler.codec.ByteToMessageDecoder.callDecode(ByteToMessageDecoder.java:489) ~[netty-codec-4.1.82.Final.jar:?]
	at io.netty.handler.codec.ByteToMessageDecoder.channelRead(ByteToMessageDecoder.java:280) ~[netty-codec-4.1.82.Final.jar:?]
	at io.netty.channel.AbstractChannelHandlerContext.invokeChannelRead(AbstractChannelHandlerContext.java:379) ~[netty-transport-4.1.82.Final.jar:?]
	at io.netty.channel.AbstractChannelHandlerContext.invokeChannelRead(AbstractChannelHandlerContext.java:365) ~[netty-transport-4.1.82.Final.jar:?]
	at io.netty.channel.AbstractChannelHandlerContext.fireChannelRead(AbstractChannelHandlerContext.java:357) ~[netty-transport-4.1.82.Final.jar:?]
	at io.netty.handler.codec.ByteToMessageDecoder.fireChannelRead(ByteToMessageDecoder.java:336) ~[netty-codec-4.1.82.Final.jar:?]
	at io.netty.handler.codec.ByteToMessageDecoder.fireChannelRead(ByteToMessageDecoder.java:323) ~[netty-codec-4.1.82.Final.jar:?]
	at io.netty.handler.codec.ByteToMessageDecoder.callDecode(ByteToMessageDecoder.java:444) ~[netty-codec-4.1.82.Final.jar:?]
	at io.netty.handler.codec.ByteToMessageDecoder.channelRead(ByteToMessageDecoder.java:280) ~[netty-codec-4.1.82.Final.jar:?]
	at io.netty.channel.AbstractChannelHandlerContext.invokeChannelRead(AbstractChannelHandlerContext.java:379) ~[netty-transport-4.1.82.Final.jar:?]
	at io.netty.channel.AbstractChannelHandlerContext.invokeChannelRead(AbstractChannelHandlerContext.java:365) ~[netty-transport-4.1.82.Final.jar:?]
	at io.netty.channel.AbstractChannelHandlerContext.fireChannelRead(AbstractChannelHandlerContext.java:357) ~[netty-transport-4.1.82.Final.jar:?]
	at net.minecraft.network.LegacyQueryHandler.channelRead(LegacyQueryHandler.java:95) ~[server-intermediary.jar:?]
	at io.netty.channel.AbstractChannelHandlerContext.invokeChannelRead(AbstractChannelHandlerContext.java:379) ~[netty-transport-4.1.82.Final.jar:?]
	at io.netty.channel.AbstractChannelHandlerContext.invokeChannelRead(AbstractChannelHandlerContext.java:365) ~[netty-transport-4.1.82.Final.jar:?]
	at io.netty.channel.AbstractChannelHandlerContext.fireChannelRead(AbstractChannelHandlerContext.java:357) ~[netty-transport-4.1.82.Final.jar:?]
	at io.netty.handler.timeout.IdleStateHandler.channelRead(IdleStateHandler.java:286) ~[netty-handler-4.1.82.Final.jar:?]
	at io.netty.channel.AbstractChannelHandlerContext.invokeChannelRead(AbstractChannelHandlerContext.java:379) ~[netty-transport-4.1.82.Final.jar:?]
	at io.netty.channel.AbstractChannelHandlerContext.invokeChannelRead(AbstractChannelHandlerContext.java:365) ~[netty-transport-4.1.82.Final.jar:?]
	at io.netty.channel.AbstractChannelHandlerContext.fireChannelRead(AbstractChannelHandlerContext.java:357) ~[netty-transport-4.1.82.Final.jar:?]
	at io.netty.channel.DefaultChannelPipeline$HeadContext.channelRead(DefaultChannelPipeline.java:1410) ~[netty-transport-4.1.82.Final.jar:?]
	at io.netty.channel.AbstractChannelHandlerContext.invokeChannelRead(AbstractChannelHandlerContext.java:379) ~[netty-transport-4.1.82.Final.jar:?]
	at io.netty.channel.AbstractChannelHandlerContext.invokeChannelRead(AbstractChannelHandlerContext.java:365) ~[netty-transport-4.1.82.Final.jar:?]
	at io.netty.channel.DefaultChannelPipeline.fireChannelRead(DefaultChannelPipeline.java:919) ~[netty-transport-4.1.82.Final.jar:?]
	at io.netty.channel.epoll.AbstractEpollStreamChannel$EpollStreamUnsafe.epollInReady(AbstractEpollStreamChannel.java:800) ~[netty-transport-classes-epoll-4.1.82.Final.jar:?]
	at io.netty.channel.epoll.EpollEventLoop.processReady(EpollEventLoop.java:499) ~[netty-transport-classes-epoll-4.1.82.Final.jar:?]
	at io.netty.channel.epoll.EpollEventLoop.run(EpollEventLoop.java:397) ~[netty-transport-classes-epoll-4.1.82.Final.jar:?]
	at io.netty.util.concurrent.SingleThreadEventExecutor$4.run(SingleThreadEventExecutor.java:997) ~[netty-common-4.1.82.Final.jar:?]
	at io.netty.util.internal.ThreadExecutorMap$2.run(ThreadExecutorMap.java:74) ~[netty-common-4.1.82.Final.jar:?]
	at java.lang.Thread.run(Thread.java:840) ~[?:?]
Caused by: java.lang.IndexOutOfBoundsException: Index 50 out of bounds for length 1
	at jdk.internal.util.Preconditions.outOfBounds(Preconditions.java:64) ~[?:?]
	at jdk.internal.util.Preconditions.outOfBoundsCheckIndex(Preconditions.java:70) ~[?:?]
	at jdk.internal.util.Preconditions.checkIndex(Preconditions.java:266) ~[?:?]
	at java.util.Objects.checkIndex(Objects.java:361) ~[?:?]
	at java.util.ArrayList.get(ArrayList.java:427) ~[?:?]
	at net.minecraft.network.NetworkState$PacketHandler.createPacket(NetworkState.java:458) ~[server-intermediary.jar:?]
	at net.minecraft.network.NetworkState.getPacketHandler(NetworkState.java:522) ~[server-intermediary.jar:?]
	at net.minecraft.network.DecoderHandler.decode(DecoderHandler.java:32) ~[server-intermediary.jar:?]
	at io.netty.handler.codec.ByteToMessageDecoder.decodeRemovalReentryProtection(ByteToMessageDecoder.java:519) ~[netty-codec-4.1.82.Final.jar:?]
	at io.netty.handler.codec.ByteToMessageDecoder.callDecode(ByteToMessageDecoder.java:458) ~[netty-codec-4.1.82.Final.jar:?]
	... 29 more
[00:50:39] [Netty Epoll Server IO #6/ERROR]: Exception occurred in netty pipeline
io.netty.handler.codec.DecoderException: java.lang.IndexOutOfBoundsException: Index 50 out of bounds for length 1
	at io.netty.handler.codec.ByteToMessageDecoder.callDecode(ByteToMessageDecoder.java:489) ~[netty-codec-4.1.82.Final.jar:?]
	at io.netty.handler.codec.ByteToMessageDecoder.channelRead(ByteToMessageDecoder.java:280) ~[netty-codec-4.1.82.Final.jar:?]
	at io.netty.channel.AbstractChannelHandlerContext.invokeChannelRead(AbstractChannelHandlerContext.java:379) ~[netty-transport-4.1.82.Final.jar:?]
	at io.netty.channel.AbstractChannelHandlerContext.invokeChannelRead(AbstractChannelHandlerContext.java:365) ~[netty-transport-4.1.82.Final.jar:?]
	at io.netty.channel.AbstractChannelHandlerContext.fireChannelRead(AbstractChannelHandlerContext.java:357) ~[netty-transport-4.1.82.Final.jar:?]
	at io.netty.handler.codec.ByteToMessageDecoder.fireChannelRead(ByteToMessageDecoder.java:336) ~[netty-codec-4.1.82.Final.jar:?]
	at io.netty.handler.codec.ByteToMessageDecoder.fireChannelRead(ByteToMessageDecoder.java:323) ~[netty-codec-4.1.82.Final.jar:?]
	at io.netty.handler.codec.ByteToMessageDecoder.callDecode(ByteToMessageDecoder.java:444) ~[netty-codec-4.1.82.Final.jar:?]
	at io.netty.handler.codec.ByteToMessageDecoder.channelRead(ByteToMessageDecoder.java:280) ~[netty-codec-4.1.82.Final.jar:?]
	at io.netty.channel.AbstractChannelHandlerContext.invokeChannelRead(AbstractChannelHandlerContext.java:379) ~[netty-transport-4.1.82.Final.jar:?]
	at io.netty.channel.AbstractChannelHandlerContext.invokeChannelRead(AbstractChannelHandlerContext.java:365) ~[netty-transport-4.1.82.Final.jar:?]
	at io.netty.channel.AbstractChannelHandlerContext.fireChannelRead(AbstractChannelHandlerContext.java:357) ~[netty-transport-4.1.82.Final.jar:?]
	at io.netty.handler.timeout.IdleStateHandler.channelRead(IdleStateHandler.java:286) ~[netty-handler-4.1.82.Final.jar:?]
	at io.netty.channel.AbstractChannelHandlerContext.invokeChannelRead(AbstractChannelHandlerContext.java:379) ~[netty-transport-4.1.82.Final.jar:?]
	at io.netty.channel.AbstractChannelHandlerContext.invokeChannelRead(AbstractChannelHandlerContext.java:365) ~[netty-transport-4.1.82.Final.jar:?]
	at io.netty.channel.AbstractChannelHandlerContext.fireChannelRead(AbstractChannelHandlerContext.java:357) ~[netty-transport-4.1.82.Final.jar:?]
	at io.netty.channel.DefaultChannelPipeline$HeadContext.channelRead(DefaultChannelPipeline.java:1410) ~[netty-transport-4.1.82.Final.jar:?]
	at io.netty.channel.AbstractChannelHandlerContext.invokeChannelRead(AbstractChannelHandlerContext.java:379) ~[netty-transport-4.1.82.Final.jar:?]
	at io.netty.channel.AbstractChannelHandlerContext.invokeChannelRead(AbstractChannelHandlerContext.java:365) ~[netty-transport-4.1.82.Final.jar:?]
	at io.netty.channel.DefaultChannelPipeline.fireChannelRead(DefaultChannelPipeline.java:919) ~[netty-transport-4.1.82.Final.jar:?]
	at io.netty.channel.epoll.AbstractEpollStreamChannel$EpollStreamUnsafe.epollInReady(AbstractEpollStreamChannel.java:800) ~[netty-transport-classes-epoll-4.1.82.Final.jar:?]
	at io.netty.channel.epoll.EpollEventLoop.processReady(EpollEventLoop.java:499) ~[netty-transport-classes-epoll-4.1.82.Final.jar:?]
	at io.netty.channel.epoll.EpollEventLoop.run(EpollEventLoop.java:397) ~[netty-transport-classes-epoll-4.1.82.Final.jar:?]
	at io.netty.util.concurrent.SingleThreadEventExecutor$4.run(SingleThreadEventExecutor.java:997) ~[netty-common-4.1.82.Final.jar:?]
	at io.netty.util.internal.ThreadExecutorMap$2.run(ThreadExecutorMap.java:74) ~[netty-common-4.1.82.Final.jar:?]
	at java.lang.Thread.run(Thread.java:840) ~[?:?]
Caused by: java.lang.IndexOutOfBoundsException: Index 50 out of bounds for length 1
	at jdk.internal.util.Preconditions.outOfBounds(Preconditions.java:64) ~[?:?]
	at jdk.internal.util.Preconditions.outOfBoundsCheckIndex(Preconditions.java:70) ~[?:?]
	at jdk.internal.util.Preconditions.checkIndex(Preconditions.java:266) ~[?:?]
	at java.util.Objects.checkIndex(Objects.java:361) ~[?:?]
	at java.util.ArrayList.get(ArrayList.java:427) ~[?:?]
	at net.minecraft.network.NetworkState$PacketHandler.createPacket(NetworkState.java:458) ~[server-intermediary.jar:?]
	at net.minecraft.network.NetworkState.getPacketHandler(NetworkState.java:522) ~[server-intermediary.jar:?]
	at net.minecraft.network.DecoderHandler.decode(DecoderHandler.java:32) ~[server-intermediary.jar:?]
	at io.netty.handler.codec.ByteToMessageDecoder.decodeRemovalReentryProtection(ByteToMessageDecoder.java:519) ~[netty-codec-4.1.82.Final.jar:?]
	at io.netty.handler.codec.ByteToMessageDecoder.callDecode(ByteToMessageDecoder.java:458) ~[netty-codec-4.1.82.Final.jar:?]
	... 25 more
[00:55:44] [Netty Epoll Server IO #0/ERROR]: Exception occurred in netty pipeline
io.netty.handler.codec.DecoderException: java.lang.IndexOutOfBoundsException: Index 50 out of bounds for length 1
	at io.netty.handler.codec.ByteToMessageDecoder.callDecode(ByteToMessageDecoder.java:489) ~[netty-codec-4.1.82.Final.jar:?]
	at io.netty.handler.codec.ByteToMessageDecoder.channelRead(ByteToMessageDecoder.java:280) ~[netty-codec-4.1.82.Final.jar:?]
	at io.netty.channel.AbstractChannelHandlerContext.invokeChannelRead(AbstractChannelHandlerContext.java:379) ~[netty-transport-4.1.82.Final.jar:?]
	at io.netty.channel.AbstractChannelHandlerContext.invokeChannelRead(AbstractChannelHandlerContext.java:365) ~[netty-transport-4.1.82.Final.jar:?]
	at io.netty.channel.AbstractChannelHandlerContext.fireChannelRead(AbstractChannelHandlerContext.java:357) ~[netty-transport-4.1.82.Final.jar:?]
	at io.netty.handler.codec.ByteToMessageDecoder.fireChannelRead(ByteToMessageDecoder.java:336) ~[netty-codec-4.1.82.Final.jar:?]
	at io.netty.handler.codec.ByteToMessageDecoder.fireChannelRead(ByteToMessageDecoder.java:323) ~[netty-codec-4.1.82.Final.jar:?]
	at io.netty.handler.codec.ByteToMessageDecoder.callDecode(ByteToMessageDecoder.java:444) ~[netty-codec-4.1.82.Final.jar:?]
	at io.netty.handler.codec.ByteToMessageDecoder.channelRead(ByteToMessageDecoder.java:280) ~[netty-codec-4.1.82.Final.jar:?]
	at io.netty.channel.AbstractChannelHandlerContext.invokeChannelRead(AbstractChannelHandlerContext.java:379) ~[netty-transport-4.1.82.Final.jar:?]
	at io.netty.channel.AbstractChannelHandlerContext.invokeChannelRead(AbstractChannelHandlerContext.java:365) ~[netty-transport-4.1.82.Final.jar:?]
	at io.netty.channel.AbstractChannelHandlerContext.fireChannelRead(AbstractChannelHandlerContext.java:357) ~[netty-transport-4.1.82.Final.jar:?]
	at net.minecraft.network.LegacyQueryHandler.channelRead(LegacyQueryHandler.java:95) ~[server-intermediary.jar:?]
	at io.netty.channel.AbstractChannelHandlerContext.invokeChannelRead(AbstractChannelHandlerContext.java:379) ~[netty-transport-4.1.82.Final.jar:?]
	at io.netty.channel.AbstractChannelHandlerContext.invokeChannelRead(AbstractChannelHandlerContext.java:365) ~[netty-transport-4.1.82.Final.jar:?]
	at io.netty.channel.AbstractChannelHandlerContext.fireChannelRead(AbstractChannelHandlerContext.java:357) ~[netty-transport-4.1.82.Final.jar:?]
	at io.netty.handler.timeout.IdleStateHandler.channelRead(IdleStateHandler.java:286) ~[netty-handler-4.1.82.Final.jar:?]
	at io.netty.channel.AbstractChannelHandlerContext.invokeChannelRead(AbstractChannelHandlerContext.java:379) ~[netty-transport-4.1.82.Final.jar:?]
	at io.netty.channel.AbstractChannelHandlerContext.invokeChannelRead(AbstractChannelHandlerContext.java:365) ~[netty-transport-4.1.82.Final.jar:?]
	at io.netty.channel.AbstractChannelHandlerContext.fireChannelRead(AbstractChannelHandlerContext.java:357) ~[netty-transport-4.1.82.Final.jar:?]
	at io.netty.channel.DefaultChannelPipeline$HeadContext.channelRead(DefaultChannelPipeline.java:1410) ~[netty-transport-4.1.82.Final.jar:?]
	at io.netty.channel.AbstractChannelHandlerContext.invokeChannelRead(AbstractChannelHandlerContext.java:379) ~[netty-transport-4.1.82.Final.jar:?]
	at io.netty.channel.AbstractChannelHandlerContext.invokeChannelRead(AbstractChannelHandlerContext.java:365) ~[netty-transport-4.1.82.Final.jar:?]
	at io.netty.channel.DefaultChannelPipeline.fireChannelRead(DefaultChannelPipeline.java:919) ~[netty-transport-4.1.82.Final.jar:?]
	at io.netty.channel.epoll.AbstractEpollStreamChannel$EpollStreamUnsafe.epollInReady(AbstractEpollStreamChannel.java:800) ~[netty-transport-classes-epoll-4.1.82.Final.jar:?]
	at io.netty.channel.epoll.EpollEventLoop.processReady(EpollEventLoop.java:499) ~[netty-transport-classes-epoll-4.1.82.Final.jar:?]
	at io.netty.channel.epoll.EpollEventLoop.run(EpollEventLoop.java:397) ~[netty-transport-classes-epoll-4.1.82.Final.jar:?]
	at io.netty.util.concurrent.SingleThreadEventExecutor$4.run(SingleThreadEventExecutor.java:997) ~[netty-common-4.1.82.Final.jar:?]
	at io.netty.util.internal.ThreadExecutorMap$2.run(ThreadExecutorMap.java:74) ~[netty-common-4.1.82.Final.jar:?]
	at java.lang.Thread.run(Thread.java:840) ~[?:?]
Caused by: java.lang.IndexOutOfBoundsException: Index 50 out of bounds for length 1
	at jdk.internal.util.Preconditions.outOfBounds(Preconditions.java:64) ~[?:?]
	at jdk.internal.util.Preconditions.outOfBoundsCheckIndex(Preconditions.java:70) ~[?:?]
	at jdk.internal.util.Preconditions.checkIndex(Preconditions.java:266) ~[?:?]
	at java.util.Objects.checkIndex(Objects.java:361) ~[?:?]
	at java.util.ArrayList.get(ArrayList.java:427) ~[?:?]
	at net.minecraft.network.NetworkState$PacketHandler.createPacket(NetworkState.java:458) ~[server-intermediary.jar:?]
	at net.minecraft.network.NetworkState.getPacketHandler(NetworkState.java:522) ~[server-intermediary.jar:?]
	at net.minecraft.network.DecoderHandler.decode(DecoderHandler.java:32) ~[server-intermediary.jar:?]
	at io.netty.handler.codec.ByteToMessageDecoder.decodeRemovalReentryProtection(ByteToMessageDecoder.java:519) ~[netty-codec-4.1.82.Final.jar:?]
	at io.netty.handler.codec.ByteToMessageDecoder.callDecode(ByteToMessageDecoder.java:458) ~[netty-codec-4.1.82.Final.jar:?]
	... 29 more
[00:57:29] [Netty Epoll Server IO #2/ERROR]: Exception occurred in netty pipeline
io.netty.handler.codec.DecoderException: java.lang.IndexOutOfBoundsException: Index 50 out of bounds for length 1
	at io.netty.handler.codec.ByteToMessageDecoder.callDecode(ByteToMessageDecoder.java:489) ~[netty-codec-4.1.82.Final.jar:?]
	at io.netty.handler.codec.ByteToMessageDecoder.channelRead(ByteToMessageDecoder.java:280) ~[netty-codec-4.1.82.Final.jar:?]
	at io.netty.channel.AbstractChannelHandlerContext.invokeChannelRead(AbstractChannelHandlerContext.java:379) ~[netty-transport-4.1.82.Final.jar:?]
	at io.netty.channel.AbstractChannelHandlerContext.invokeChannelRead(AbstractChannelHandlerContext.java:365) ~[netty-transport-4.1.82.Final.jar:?]
	at io.netty.channel.AbstractChannelHandlerContext.fireChannelRead(AbstractChannelHandlerContext.java:357) ~[netty-transport-4.1.82.Final.jar:?]
	at io.netty.handler.codec.ByteToMessageDecoder.fireChannelRead(ByteToMessageDecoder.java:336) ~[netty-codec-4.1.82.Final.jar:?]
	at io.netty.handler.codec.ByteToMessageDecoder.fireChannelRead(ByteToMessageDecoder.java:323) ~[netty-codec-4.1.82.Final.jar:?]
	at io.netty.handler.codec.ByteToMessageDecoder.callDecode(ByteToMessageDecoder.java:444) ~[netty-codec-4.1.82.Final.jar:?]
	at io.netty.handler.codec.ByteToMessageDecoder.channelRead(ByteToMessageDecoder.java:280) ~[netty-codec-4.1.82.Final.jar:?]
	at io.netty.channel.AbstractChannelHandlerContext.invokeChannelRead(AbstractChannelHandlerContext.java:379) ~[netty-transport-4.1.82.Final.jar:?]
	at io.netty.channel.AbstractChannelHandlerContext.invokeChannelRead(AbstractChannelHandlerContext.java:365) ~[netty-transport-4.1.82.Final.jar:?]
	at io.netty.channel.AbstractChannelHandlerContext.fireChannelRead(AbstractChannelHandlerContext.java:357) ~[netty-transport-4.1.82.Final.jar:?]
	at net.minecraft.network.LegacyQueryHandler.channelRead(LegacyQueryHandler.java:95) ~[server-intermediary.jar:?]
	at io.netty.channel.AbstractChannelHandlerContext.invokeChannelRead(AbstractChannelHandlerContext.java:379) ~[netty-transport-4.1.82.Final.jar:?]
	at io.netty.channel.AbstractChannelHandlerContext.invokeChannelRead(AbstractChannelHandlerContext.java:365) ~[netty-transport-4.1.82.Final.jar:?]
	at io.netty.channel.AbstractChannelHandlerContext.fireChannelRead(AbstractChannelHandlerContext.java:357) ~[netty-transport-4.1.82.Final.jar:?]
	at io.netty.handler.timeout.IdleStateHandler.channelRead(IdleStateHandler.java:286) ~[netty-handler-4.1.82.Final.jar:?]
	at io.netty.channel.AbstractChannelHandlerContext.invokeChannelRead(AbstractChannelHandlerContext.java:379) ~[netty-transport-4.1.82.Final.jar:?]
	at io.netty.channel.AbstractChannelHandlerContext.invokeChannelRead(AbstractChannelHandlerContext.java:365) ~[netty-transport-4.1.82.Final.jar:?]
	at io.netty.channel.AbstractChannelHandlerContext.fireChannelRead(AbstractChannelHandlerContext.java:357) ~[netty-transport-4.1.82.Final.jar:?]
	at io.netty.channel.DefaultChannelPipeline$HeadContext.channelRead(DefaultChannelPipeline.java:1410) ~[netty-transport-4.1.82.Final.jar:?]
	at io.netty.channel.AbstractChannelHandlerContext.invokeChannelRead(AbstractChannelHandlerContext.java:379) ~[netty-transport-4.1.82.Final.jar:?]
	at io.netty.channel.AbstractChannelHandlerContext.invokeChannelRead(AbstractChannelHandlerContext.java:365) ~[netty-transport-4.1.82.Final.jar:?]
	at io.netty.channel.DefaultChannelPipeline.fireChannelRead(DefaultChannelPipeline.java:919) ~[netty-transport-4.1.82.Final.jar:?]
	at io.netty.channel.epoll.AbstractEpollStreamChannel$EpollStreamUnsafe.epollInReady(AbstractEpollStreamChannel.java:800) ~[netty-transport-classes-epoll-4.1.82.Final.jar:?]
	at io.netty.channel.epoll.EpollEventLoop.processReady(EpollEventLoop.java:499) ~[netty-transport-classes-epoll-4.1.82.Final.jar:?]
	at io.netty.channel.epoll.EpollEventLoop.run(EpollEventLoop.java:397) ~[netty-transport-classes-epoll-4.1.82.Final.jar:?]
	at io.netty.util.concurrent.SingleThreadEventExecutor$4.run(SingleThreadEventExecutor.java:997) ~[netty-common-4.1.82.Final.jar:?]
	at io.netty.util.internal.ThreadExecutorMap$2.run(ThreadExecutorMap.java:74) ~[netty-common-4.1.82.Final.jar:?]
	at java.lang.Thread.run(Thread.java:840) ~[?:?]
Caused by: java.lang.IndexOutOfBoundsException: Index 50 out of bounds for length 1
	at jdk.internal.util.Preconditions.outOfBounds(Preconditions.java:64) ~[?:?]
	at jdk.internal.util.Preconditions.outOfBoundsCheckIndex(Preconditions.java:70) ~[?:?]
	at jdk.internal.util.Preconditions.checkIndex(Preconditions.java:266) ~[?:?]
	at java.util.Objects.checkIndex(Objects.java:361) ~[?:?]
	at java.util.ArrayList.get(ArrayList.java:427) ~[?:?]
	at net.minecraft.network.NetworkState$PacketHandler.createPacket(NetworkState.java:458) ~[server-intermediary.jar:?]
	at net.minecraft.network.NetworkState.getPacketHandler(NetworkState.java:522) ~[server-intermediary.jar:?]
	at net.minecraft.network.DecoderHandler.decode(DecoderHandler.java:32) ~[server-intermediary.jar:?]
	at io.netty.handler.codec.ByteToMessageDecoder.decodeRemovalReentryProtection(ByteToMessageDecoder.java:519) ~[netty-codec-4.1.82.Final.jar:?]
	at io.netty.handler.codec.ByteToMessageDecoder.callDecode(ByteToMessageDecoder.java:458) ~[netty-codec-4.1.82.Final.jar:?]
	... 29 more
[01:00:00] [Netty Epoll Server IO #3/ERROR]: Exception occurred in netty pipeline
io.netty.handler.codec.DecoderException: java.lang.IndexOutOfBoundsException: Index 50 out of bounds for length 1
	at io.netty.handler.codec.ByteToMessageDecoder.callDecode(ByteToMessageDecoder.java:489) ~[netty-codec-4.1.82.Final.jar:?]
	at io.netty.handler.codec.ByteToMessageDecoder.channelRead(ByteToMessageDecoder.java:280) ~[netty-codec-4.1.82.Final.jar:?]
	at io.netty.channel.AbstractChannelHandlerContext.invokeChannelRead(AbstractChannelHandlerContext.java:379) ~[netty-transport-4.1.82.Final.jar:?]
	at io.netty.channel.AbstractChannelHandlerContext.invokeChannelRead(AbstractChannelHandlerContext.java:365) ~[netty-transport-4.1.82.Final.jar:?]
	at io.netty.channel.AbstractChannelHandlerContext.fireChannelRead(AbstractChannelHandlerContext.java:357) ~[netty-transport-4.1.82.Final.jar:?]
	at io.netty.handler.codec.ByteToMessageDecoder.fireChannelRead(ByteToMessageDecoder.java:336) ~[netty-codec-4.1.82.Final.jar:?]
	at io.netty.handler.codec.ByteToMessageDecoder.fireChannelRead(ByteToMessageDecoder.java:323) ~[netty-codec-4.1.82.Final.jar:?]
	at io.netty.handler.codec.ByteToMessageDecoder.callDecode(ByteToMessageDecoder.java:444) ~[netty-codec-4.1.82.Final.jar:?]
	at io.netty.handler.codec.ByteToMessageDecoder.channelRead(ByteToMessageDecoder.java:280) ~[netty-codec-4.1.82.Final.jar:?]
	at io.netty.channel.AbstractChannelHandlerContext.invokeChannelRead(AbstractChannelHandlerContext.java:379) ~[netty-transport-4.1.82.Final.jar:?]
	at io.netty.channel.AbstractChannelHandlerContext.invokeChannelRead(AbstractChannelHandlerContext.java:365) ~[netty-transport-4.1.82.Final.jar:?]
	at io.netty.channel.AbstractChannelHandlerContext.fireChannelRead(AbstractChannelHandlerContext.java:357) ~[netty-transport-4.1.82.Final.jar:?]
	at io.netty.handler.timeout.IdleStateHandler.channelRead(IdleStateHandler.java:286) ~[netty-handler-4.1.82.Final.jar:?]
	at io.netty.channel.AbstractChannelHandlerContext.invokeChannelRead(AbstractChannelHandlerContext.java:379) ~[netty-transport-4.1.82.Final.jar:?]
	at io.netty.channel.AbstractChannelHandlerContext.invokeChannelRead(AbstractChannelHandlerContext.java:365) ~[netty-transport-4.1.82.Final.jar:?]
	at io.netty.channel.AbstractChannelHandlerContext.fireChannelRead(AbstractChannelHandlerContext.java:357) ~[netty-transport-4.1.82.Final.jar:?]
	at io.netty.channel.DefaultChannelPipeline$HeadContext.channelRead(DefaultChannelPipeline.java:1410) ~[netty-transport-4.1.82.Final.jar:?]
	at io.netty.channel.AbstractChannelHandlerContext.invokeChannelRead(AbstractChannelHandlerContext.java:379) ~[netty-transport-4.1.82.Final.jar:?]
	at io.netty.channel.AbstractChannelHandlerContext.invokeChannelRead(AbstractChannelHandlerContext.java:365) ~[netty-transport-4.1.82.Final.jar:?]
	at io.netty.channel.DefaultChannelPipeline.fireChannelRead(DefaultChannelPipeline.java:919) ~[netty-transport-4.1.82.Final.jar:?]
	at io.netty.channel.epoll.AbstractEpollStreamChannel$EpollStreamUnsafe.epollInReady(AbstractEpollStreamChannel.java:800) ~[netty-transport-classes-epoll-4.1.82.Final.jar:?]
	at io.netty.channel.epoll.EpollEventLoop.processReady(EpollEventLoop.java:499) ~[netty-transport-classes-epoll-4.1.82.Final.jar:?]
	at io.netty.channel.epoll.EpollEventLoop.run(EpollEventLoop.java:397) ~[netty-transport-classes-epoll-4.1.82.Final.jar:?]
	at io.netty.util.concurrent.SingleThreadEventExecutor$4.run(SingleThreadEventExecutor.java:997) ~[netty-common-4.1.82.Final.jar:?]
	at io.netty.util.internal.ThreadExecutorMap$2.run(ThreadExecutorMap.java:74) ~[netty-common-4.1.82.Final.jar:?]
	at java.lang.Thread.run(Thread.java:840) ~[?:?]
Caused by: java.lang.IndexOutOfBoundsException: Index 50 out of bounds for length 1
	at jdk.internal.util.Preconditions.outOfBounds(Preconditions.java:64) ~[?:?]
	at jdk.internal.util.Preconditions.outOfBoundsCheckIndex(Preconditions.java:70) ~[?:?]
	at jdk.internal.util.Preconditions.checkIndex(Preconditions.java:266) ~[?:?]
	at java.util.Objects.checkIndex(Objects.java:361) ~[?:?]
	at java.util.ArrayList.get(ArrayList.java:427) ~[?:?]
	at net.minecraft.network.NetworkState$PacketHandler.createPacket(NetworkState.java:458) ~[server-intermediary.jar:?]
	at net.minecraft.network.NetworkState.getPacketHandler(NetworkState.java:522) ~[server-intermediary.jar:?]
	at net.minecraft.network.DecoderHandler.decode(DecoderHandler.java:32) ~[server-intermediary.jar:?]
	at io.netty.handler.codec.ByteToMessageDecoder.decodeRemovalReentryProtection(ByteToMessageDecoder.java:519) ~[netty-codec-4.1.82.Final.jar:?]
	at io.netty.handler.codec.ByteToMessageDecoder.callDecode(ByteToMessageDecoder.java:458) ~[netty-codec-4.1.82.Final.jar:?]
	... 25 more
[01:01:00] [Netty Epoll Server IO #5/ERROR]: Exception occurred in netty pipeline
io.netty.handler.codec.DecoderException: java.lang.IndexOutOfBoundsException: Index 50 out of bounds for length 1
	at io.netty.handler.codec.ByteToMessageDecoder.callDecode(ByteToMessageDecoder.java:489) ~[netty-codec-4.1.82.Final.jar:?]
	at io.netty.handler.codec.ByteToMessageDecoder.channelRead(ByteToMessageDecoder.java:280) ~[netty-codec-4.1.82.Final.jar:?]
	at io.netty.channel.AbstractChannelHandlerContext.invokeChannelRead(AbstractChannelHandlerContext.java:379) ~[netty-transport-4.1.82.Final.jar:?]
	at io.netty.channel.AbstractChannelHandlerContext.invokeChannelRead(AbstractChannelHandlerContext.java:365) ~[netty-transport-4.1.82.Final.jar:?]
	at io.netty.channel.AbstractChannelHandlerContext.fireChannelRead(AbstractChannelHandlerContext.java:357) ~[netty-transport-4.1.82.Final.jar:?]
	at io.netty.handler.codec.ByteToMessageDecoder.fireChannelRead(ByteToMessageDecoder.java:336) ~[netty-codec-4.1.82.Final.jar:?]
	at io.netty.handler.codec.ByteToMessageDecoder.fireChannelRead(ByteToMessageDecoder.java:323) ~[netty-codec-4.1.82.Final.jar:?]
	at io.netty.handler.codec.ByteToMessageDecoder.callDecode(ByteToMessageDecoder.java:444) ~[netty-codec-4.1.82.Final.jar:?]
	at io.netty.handler.codec.ByteToMessageDecoder.channelRead(ByteToMessageDecoder.java:280) ~[netty-codec-4.1.82.Final.jar:?]
	at io.netty.channel.AbstractChannelHandlerContext.invokeChannelRead(AbstractChannelHandlerContext.java:379) ~[netty-transport-4.1.82.Final.jar:?]
	at io.netty.channel.AbstractChannelHandlerContext.invokeChannelRead(AbstractChannelHandlerContext.java:365) ~[netty-transport-4.1.82.Final.jar:?]
	at io.netty.channel.AbstractChannelHandlerContext.fireChannelRead(AbstractChannelHandlerContext.java:357) ~[netty-transport-4.1.82.Final.jar:?]
	at net.minecraft.network.LegacyQueryHandler.channelRead(LegacyQueryHandler.java:95) ~[server-intermediary.jar:?]
	at io.netty.channel.AbstractChannelHandlerContext.invokeChannelRead(AbstractChannelHandlerContext.java:379) ~[netty-transport-4.1.82.Final.jar:?]
	at io.netty.channel.AbstractChannelHandlerContext.invokeChannelRead(AbstractChannelHandlerContext.java:365) ~[netty-transport-4.1.82.Final.jar:?]
	at io.netty.channel.AbstractChannelHandlerContext.fireChannelRead(AbstractChannelHandlerContext.java:357) ~[netty-transport-4.1.82.Final.jar:?]
	at io.netty.handler.timeout.IdleStateHandler.channelRead(IdleStateHandler.java:286) ~[netty-handler-4.1.82.Final.jar:?]
	at io.netty.channel.AbstractChannelHandlerContext.invokeChannelRead(AbstractChannelHandlerContext.java:379) ~[netty-transport-4.1.82.Final.jar:?]
	at io.netty.channel.AbstractChannelHandlerContext.invokeChannelRead(AbstractChannelHandlerContext.java:365) ~[netty-transport-4.1.82.Final.jar:?]
	at io.netty.channel.AbstractChannelHandlerContext.fireChannelRead(AbstractChannelHandlerContext.java:357) ~[netty-transport-4.1.82.Final.jar:?]
	at io.netty.channel.DefaultChannelPipeline$HeadContext.channelRead(DefaultChannelPipeline.java:1410) ~[netty-transport-4.1.82.Final.jar:?]
	at io.netty.channel.AbstractChannelHandlerContext.invokeChannelRead(AbstractChannelHandlerContext.java:379) ~[netty-transport-4.1.82.Final.jar:?]
	at io.netty.channel.AbstractChannelHandlerContext.invokeChannelRead(AbstractChannelHandlerContext.java:365) ~[netty-transport-4.1.82.Final.jar:?]
	at io.netty.channel.DefaultChannelPipeline.fireChannelRead(DefaultChannelPipeline.java:919) ~[netty-transport-4.1.82.Final.jar:?]
	at io.netty.channel.epoll.AbstractEpollStreamChannel$EpollStreamUnsafe.epollInReady(AbstractEpollStreamChannel.java:800) ~[netty-transport-classes-epoll-4.1.82.Final.jar:?]
	at io.netty.channel.epoll.EpollEventLoop.processReady(EpollEventLoop.java:499) ~[netty-transport-classes-epoll-4.1.82.Final.jar:?]
	at io.netty.channel.epoll.EpollEventLoop.run(EpollEventLoop.java:397) ~[netty-transport-classes-epoll-4.1.82.Final.jar:?]
	at io.netty.util.concurrent.SingleThreadEventExecutor$4.run(SingleThreadEventExecutor.java:997) ~[netty-common-4.1.82.Final.jar:?]
	at io.netty.util.internal.ThreadExecutorMap$2.run(ThreadExecutorMap.java:74) ~[netty-common-4.1.82.Final.jar:?]
	at java.lang.Thread.run(Thread.java:840) ~[?:?]
Caused by: java.lang.IndexOutOfBoundsException: Index 50 out of bounds for length 1
	at jdk.internal.util.Preconditions.outOfBounds(Preconditions.java:64) ~[?:?]
	at jdk.internal.util.Preconditions.outOfBoundsCheckIndex(Preconditions.java:70) ~[?:?]
	at jdk.internal.util.Preconditions.checkIndex(Preconditions.java:266) ~[?:?]
	at java.util.Objects.checkIndex(Objects.java:361) ~[?:?]
	at java.util.ArrayList.get(ArrayList.java:427) ~[?:?]
	at net.minecraft.network.NetworkState$PacketHandler.createPacket(NetworkState.java:458) ~[server-intermediary.jar:?]
	at net.minecraft.network.NetworkState.getPacketHandler(NetworkState.java:522) ~[server-intermediary.jar:?]
	at net.minecraft.network.DecoderHandler.decode(DecoderHandler.java:32) ~[server-intermediary.jar:?]
	at io.netty.handler.codec.ByteToMessageDecoder.decodeRemovalReentryProtection(ByteToMessageDecoder.java:519) ~[netty-codec-4.1.82.Final.jar:?]
	at io.netty.handler.codec.ByteToMessageDecoder.callDecode(ByteToMessageDecoder.java:458) ~[netty-codec-4.1.82.Final.jar:?]
	... 29 more
[01:06:17] [Netty Epoll Server IO #7/ERROR]: Exception occurred in netty pipeline
io.netty.handler.codec.DecoderException: java.lang.IndexOutOfBoundsException: Index 50 out of bounds for length 1
	at io.netty.handler.codec.ByteToMessageDecoder.callDecode(ByteToMessageDecoder.java:489) ~[netty-codec-4.1.82.Final.jar:?]
	at io.netty.handler.codec.ByteToMessageDecoder.channelRead(ByteToMessageDecoder.java:280) ~[netty-codec-4.1.82.Final.jar:?]
	at io.netty.channel.AbstractChannelHandlerContext.invokeChannelRead(AbstractChannelHandlerContext.java:379) ~[netty-transport-4.1.82.Final.jar:?]
	at io.netty.channel.AbstractChannelHandlerContext.invokeChannelRead(AbstractChannelHandlerContext.java:365) ~[netty-transport-4.1.82.Final.jar:?]
	at io.netty.channel.AbstractChannelHandlerContext.fireChannelRead(AbstractChannelHandlerContext.java:357) ~[netty-transport-4.1.82.Final.jar:?]
	at io.netty.handler.codec.ByteToMessageDecoder.fireChannelRead(ByteToMessageDecoder.java:336) ~[netty-codec-4.1.82.Final.jar:?]
	at io.netty.handler.codec.ByteToMessageDecoder.fireChannelRead(ByteToMessageDecoder.java:323) ~[netty-codec-4.1.82.Final.jar:?]
	at io.netty.handler.codec.ByteToMessageDecoder.callDecode(ByteToMessageDecoder.java:444) ~[netty-codec-4.1.82.Final.jar:?]
	at io.netty.handler.codec.ByteToMessageDecoder.channelRead(ByteToMessageDecoder.java:280) ~[netty-codec-4.1.82.Final.jar:?]
	at io.netty.channel.AbstractChannelHandlerContext.invokeChannelRead(AbstractChannelHandlerContext.java:379) ~[netty-transport-4.1.82.Final.jar:?]
	at io.netty.channel.AbstractChannelHandlerContext.invokeChannelRead(AbstractChannelHandlerContext.java:365) ~[netty-transport-4.1.82.Final.jar:?]
	at io.netty.channel.AbstractChannelHandlerContext.fireChannelRead(AbstractChannelHandlerContext.java:357) ~[netty-transport-4.1.82.Final.jar:?]
	at net.minecraft.network.LegacyQueryHandler.channelRead(LegacyQueryHandler.java:95) ~[server-intermediary.jar:?]
	at io.netty.channel.AbstractChannelHandlerContext.invokeChannelRead(AbstractChannelHandlerContext.java:379) ~[netty-transport-4.1.82.Final.jar:?]
	at io.netty.channel.AbstractChannelHandlerContext.invokeChannelRead(AbstractChannelHandlerContext.java:365) ~[netty-transport-4.1.82.Final.jar:?]
	at io.netty.channel.AbstractChannelHandlerContext.fireChannelRead(AbstractChannelHandlerContext.java:357) ~[netty-transport-4.1.82.Final.jar:?]
	at io.netty.handler.timeout.IdleStateHandler.channelRead(IdleStateHandler.java:286) ~[netty-handler-4.1.82.Final.jar:?]
	at io.netty.channel.AbstractChannelHandlerContext.invokeChannelRead(AbstractChannelHandlerContext.java:379) ~[netty-transport-4.1.82.Final.jar:?]
	at io.netty.channel.AbstractChannelHandlerContext.invokeChannelRead(AbstractChannelHandlerContext.java:365) ~[netty-transport-4.1.82.Final.jar:?]
	at io.netty.channel.AbstractChannelHandlerContext.fireChannelRead(AbstractChannelHandlerContext.java:357) ~[netty-transport-4.1.82.Final.jar:?]
	at io.netty.channel.DefaultChannelPipeline$HeadContext.channelRead(DefaultChannelPipeline.java:1410) ~[netty-transport-4.1.82.Final.jar:?]
	at io.netty.channel.AbstractChannelHandlerContext.invokeChannelRead(AbstractChannelHandlerContext.java:379) ~[netty-transport-4.1.82.Final.jar:?]
	at io.netty.channel.AbstractChannelHandlerContext.invokeChannelRead(AbstractChannelHandlerContext.java:365) ~[netty-transport-4.1.82.Final.jar:?]
	at io.netty.channel.DefaultChannelPipeline.fireChannelRead(DefaultChannelPipeline.java:919) ~[netty-transport-4.1.82.Final.jar:?]
	at io.netty.channel.epoll.AbstractEpollStreamChannel$EpollStreamUnsafe.epollInReady(AbstractEpollStreamChannel.java:800) ~[netty-transport-classes-epoll-4.1.82.Final.jar:?]
	at io.netty.channel.epoll.EpollEventLoop.processReady(EpollEventLoop.java:499) ~[netty-transport-classes-epoll-4.1.82.Final.jar:?]
	at io.netty.channel.epoll.EpollEventLoop.run(EpollEventLoop.java:397) ~[netty-transport-classes-epoll-4.1.82.Final.jar:?]
	at io.netty.util.concurrent.SingleThreadEventExecutor$4.run(SingleThreadEventExecutor.java:997) ~[netty-common-4.1.82.Final.jar:?]
	at io.netty.util.internal.ThreadExecutorMap$2.run(ThreadExecutorMap.java:74) ~[netty-common-4.1.82.Final.jar:?]
	at java.lang.Thread.run(Thread.java:840) ~[?:?]
Caused by: java.lang.IndexOutOfBoundsException: Index 50 out of bounds for length 1
	at jdk.internal.util.Preconditions.outOfBounds(Preconditions.java:64) ~[?:?]
	at jdk.internal.util.Preconditions.outOfBoundsCheckIndex(Preconditions.java:70) ~[?:?]
	at jdk.internal.util.Preconditions.checkIndex(Preconditions.java:266) ~[?:?]
	at java.util.Objects.checkIndex(Objects.java:361) ~[?:?]
	at java.util.ArrayList.get(ArrayList.java:427) ~[?:?]
	at net.minecraft.network.NetworkState$PacketHandler.createPacket(NetworkState.java:458) ~[server-intermediary.jar:?]
	at net.minecraft.network.NetworkState.getPacketHandler(NetworkState.java:522) ~[server-intermediary.jar:?]
	at net.minecraft.network.DecoderHandler.decode(DecoderHandler.java:32) ~[server-intermediary.jar:?]
	at io.netty.handler.codec.ByteToMessageDecoder.decodeRemovalReentryProtection(ByteToMessageDecoder.java:519) ~[netty-codec-4.1.82.Final.jar:?]
	at io.netty.handler.codec.ByteToMessageDecoder.callDecode(ByteToMessageDecoder.java:458) ~[netty-codec-4.1.82.Final.jar:?]
	... 29 more
[01:11:34] [Netty Epoll Server IO #1/ERROR]: Exception occurred in netty pipeline
io.netty.handler.codec.DecoderException: java.lang.IndexOutOfBoundsException: Index 50 out of bounds for length 1
	at io.netty.handler.codec.ByteToMessageDecoder.callDecode(ByteToMessageDecoder.java:489) ~[netty-codec-4.1.82.Final.jar:?]
	at io.netty.handler.codec.ByteToMessageDecoder.channelRead(ByteToMessageDecoder.java:280) ~[netty-codec-4.1.82.Final.jar:?]
	at io.netty.channel.AbstractChannelHandlerContext.invokeChannelRead(AbstractChannelHandlerContext.java:379) ~[netty-transport-4.1.82.Final.jar:?]
	at io.netty.channel.AbstractChannelHandlerContext.invokeChannelRead(AbstractChannelHandlerContext.java:365) ~[netty-transport-4.1.82.Final.jar:?]
	at io.netty.channel.AbstractChannelHandlerContext.fireChannelRead(AbstractChannelHandlerContext.java:357) ~[netty-transport-4.1.82.Final.jar:?]
	at io.netty.handler.codec.ByteToMessageDecoder.fireChannelRead(ByteToMessageDecoder.java:336) ~[netty-codec-4.1.82.Final.jar:?]
	at io.netty.handler.codec.ByteToMessageDecoder.fireChannelRead(ByteToMessageDecoder.java:323) ~[netty-codec-4.1.82.Final.jar:?]
	at io.netty.handler.codec.ByteToMessageDecoder.callDecode(ByteToMessageDecoder.java:444) ~[netty-codec-4.1.82.Final.jar:?]
	at io.netty.handler.codec.ByteToMessageDecoder.channelRead(ByteToMessageDecoder.java:280) ~[netty-codec-4.1.82.Final.jar:?]
	at io.netty.channel.AbstractChannelHandlerContext.invokeChannelRead(AbstractChannelHandlerContext.java:379) ~[netty-transport-4.1.82.Final.jar:?]
	at io.netty.channel.AbstractChannelHandlerContext.invokeChannelRead(AbstractChannelHandlerContext.java:365) ~[netty-transport-4.1.82.Final.jar:?]
	at io.netty.channel.AbstractChannelHandlerContext.fireChannelRead(AbstractChannelHandlerContext.java:357) ~[netty-transport-4.1.82.Final.jar:?]
	at net.minecraft.network.LegacyQueryHandler.channelRead(LegacyQueryHandler.java:95) ~[server-intermediary.jar:?]
	at io.netty.channel.AbstractChannelHandlerContext.invokeChannelRead(AbstractChannelHandlerContext.java:379) ~[netty-transport-4.1.82.Final.jar:?]
	at io.netty.channel.AbstractChannelHandlerContext.invokeChannelRead(AbstractChannelHandlerContext.java:365) ~[netty-transport-4.1.82.Final.jar:?]
	at io.netty.channel.AbstractChannelHandlerContext.fireChannelRead(AbstractChannelHandlerContext.java:357) ~[netty-transport-4.1.82.Final.jar:?]
	at io.netty.handler.timeout.IdleStateHandler.channelRead(IdleStateHandler.java:286) ~[netty-handler-4.1.82.Final.jar:?]
	at io.netty.channel.AbstractChannelHandlerContext.invokeChannelRead(AbstractChannelHandlerContext.java:379) ~[netty-transport-4.1.82.Final.jar:?]
	at io.netty.channel.AbstractChannelHandlerContext.invokeChannelRead(AbstractChannelHandlerContext.java:365) ~[netty-transport-4.1.82.Final.jar:?]
	at io.netty.channel.AbstractChannelHandlerContext.fireChannelRead(AbstractChannelHandlerContext.java:357) ~[netty-transport-4.1.82.Final.jar:?]
	at io.netty.channel.DefaultChannelPipeline$HeadContext.channelRead(DefaultChannelPipeline.java:1410) ~[netty-transport-4.1.82.Final.jar:?]
	at io.netty.channel.AbstractChannelHandlerContext.invokeChannelRead(AbstractChannelHandlerContext.java:379) ~[netty-transport-4.1.82.Final.jar:?]
	at io.netty.channel.AbstractChannelHandlerContext.invokeChannelRead(AbstractChannelHandlerContext.java:365) ~[netty-transport-4.1.82.Final.jar:?]
	at io.netty.channel.DefaultChannelPipeline.fireChannelRead(DefaultChannelPipeline.java:919) ~[netty-transport-4.1.82.Final.jar:?]
	at io.netty.channel.epoll.AbstractEpollStreamChannel$EpollStreamUnsafe.epollInReady(AbstractEpollStreamChannel.java:800) ~[netty-transport-classes-epoll-4.1.82.Final.jar:?]
	at io.netty.channel.epoll.EpollEventLoop.processReady(EpollEventLoop.java:499) ~[netty-transport-classes-epoll-4.1.82.Final.jar:?]
	at io.netty.channel.epoll.EpollEventLoop.run(EpollEventLoop.java:397) ~[netty-transport-classes-epoll-4.1.82.Final.jar:?]
	at io.netty.util.concurrent.SingleThreadEventExecutor$4.run(SingleThreadEventExecutor.java:997) ~[netty-common-4.1.82.Final.jar:?]
	at io.netty.util.internal.ThreadExecutorMap$2.run(ThreadExecutorMap.java:74) ~[netty-common-4.1.82.Final.jar:?]
	at java.lang.Thread.run(Thread.java:840) ~[?:?]
Caused by: java.lang.IndexOutOfBoundsException: Index 50 out of bounds for length 1
	at jdk.internal.util.Preconditions.outOfBounds(Preconditions.java:64) ~[?:?]
	at jdk.internal.util.Preconditions.outOfBoundsCheckIndex(Preconditions.java:70) ~[?:?]
	at jdk.internal.util.Preconditions.checkIndex(Preconditions.java:266) ~[?:?]
	at java.util.Objects.checkIndex(Objects.java:361) ~[?:?]
	at java.util.ArrayList.get(ArrayList.java:427) ~[?:?]
	at net.minecraft.network.NetworkState$PacketHandler.createPacket(NetworkState.java:458) ~[server-intermediary.jar:?]
	at net.minecraft.network.NetworkState.getPacketHandler(NetworkState.java:522) ~[server-intermediary.jar:?]
	at net.minecraft.network.DecoderHandler.decode(DecoderHandler.java:32) ~[server-intermediary.jar:?]
	at io.netty.handler.codec.ByteToMessageDecoder.decodeRemovalReentryProtection(ByteToMessageDecoder.java:519) ~[netty-codec-4.1.82.Final.jar:?]
	at io.netty.handler.codec.ByteToMessageDecoder.callDecode(ByteToMessageDecoder.java:458) ~[netty-codec-4.1.82.Final.jar:?]
	... 29 more
[01:15:06] [Netty Epoll Server IO #2/ERROR]: Exception occurred in netty pipeline
io.netty.handler.codec.DecoderException: java.lang.IndexOutOfBoundsException: Index 50 out of bounds for length 1
	at io.netty.handler.codec.ByteToMessageDecoder.callDecode(ByteToMessageDecoder.java:489) ~[netty-codec-4.1.82.Final.jar:?]
	at io.netty.handler.codec.ByteToMessageDecoder.channelRead(ByteToMessageDecoder.java:280) ~[netty-codec-4.1.82.Final.jar:?]
	at io.netty.channel.AbstractChannelHandlerContext.invokeChannelRead(AbstractChannelHandlerContext.java:379) ~[netty-transport-4.1.82.Final.jar:?]
	at io.netty.channel.AbstractChannelHandlerContext.invokeChannelRead(AbstractChannelHandlerContext.java:365) ~[netty-transport-4.1.82.Final.jar:?]
	at io.netty.channel.AbstractChannelHandlerContext.fireChannelRead(AbstractChannelHandlerContext.java:357) ~[netty-transport-4.1.82.Final.jar:?]
	at io.netty.handler.codec.ByteToMessageDecoder.fireChannelRead(ByteToMessageDecoder.java:336) ~[netty-codec-4.1.82.Final.jar:?]
	at io.netty.handler.codec.ByteToMessageDecoder.fireChannelRead(ByteToMessageDecoder.java:323) ~[netty-codec-4.1.82.Final.jar:?]
	at io.netty.handler.codec.ByteToMessageDecoder.callDecode(ByteToMessageDecoder.java:444) ~[netty-codec-4.1.82.Final.jar:?]
	at io.netty.handler.codec.ByteToMessageDecoder.channelRead(ByteToMessageDecoder.java:280) ~[netty-codec-4.1.82.Final.jar:?]
	at io.netty.channel.AbstractChannelHandlerContext.invokeChannelRead(AbstractChannelHandlerContext.java:379) ~[netty-transport-4.1.82.Final.jar:?]
	at io.netty.channel.AbstractChannelHandlerContext.invokeChannelRead(AbstractChannelHandlerContext.java:365) ~[netty-transport-4.1.82.Final.jar:?]
	at io.netty.channel.AbstractChannelHandlerContext.fireChannelRead(AbstractChannelHandlerContext.java:357) ~[netty-transport-4.1.82.Final.jar:?]
	at io.netty.handler.timeout.IdleStateHandler.channelRead(IdleStateHandler.java:286) ~[netty-handler-4.1.82.Final.jar:?]
	at io.netty.channel.AbstractChannelHandlerContext.invokeChannelRead(AbstractChannelHandlerContext.java:379) ~[netty-transport-4.1.82.Final.jar:?]
	at io.netty.channel.AbstractChannelHandlerContext.invokeChannelRead(AbstractChannelHandlerContext.java:365) ~[netty-transport-4.1.82.Final.jar:?]
	at io.netty.channel.AbstractChannelHandlerContext.fireChannelRead(AbstractChannelHandlerContext.java:357) ~[netty-transport-4.1.82.Final.jar:?]
	at io.netty.channel.DefaultChannelPipeline$HeadContext.channelRead(DefaultChannelPipeline.java:1410) ~[netty-transport-4.1.82.Final.jar:?]
	at io.netty.channel.AbstractChannelHandlerContext.invokeChannelRead(AbstractChannelHandlerContext.java:379) ~[netty-transport-4.1.82.Final.jar:?]
	at io.netty.channel.AbstractChannelHandlerContext.invokeChannelRead(AbstractChannelHandlerContext.java:365) ~[netty-transport-4.1.82.Final.jar:?]
	at io.netty.channel.DefaultChannelPipeline.fireChannelRead(DefaultChannelPipeline.java:919) ~[netty-transport-4.1.82.Final.jar:?]
	at io.netty.channel.epoll.AbstractEpollStreamChannel$EpollStreamUnsafe.epollInReady(AbstractEpollStreamChannel.java:800) ~[netty-transport-classes-epoll-4.1.82.Final.jar:?]
	at io.netty.channel.epoll.EpollEventLoop.processReady(EpollEventLoop.java:499) ~[netty-transport-classes-epoll-4.1.82.Final.jar:?]
	at io.netty.channel.epoll.EpollEventLoop.run(EpollEventLoop.java:397) ~[netty-transport-classes-epoll-4.1.82.Final.jar:?]
	at io.netty.util.concurrent.SingleThreadEventExecutor$4.run(SingleThreadEventExecutor.java:997) ~[netty-common-4.1.82.Final.jar:?]
	at io.netty.util.internal.ThreadExecutorMap$2.run(ThreadExecutorMap.java:74) ~[netty-common-4.1.82.Final.jar:?]
	at java.lang.Thread.run(Thread.java:840) ~[?:?]
Caused by: java.lang.IndexOutOfBoundsException: Index 50 out of bounds for length 1
	at jdk.internal.util.Preconditions.outOfBounds(Preconditions.java:64) ~[?:?]
	at jdk.internal.util.Preconditions.outOfBoundsCheckIndex(Preconditions.java:70) ~[?:?]
	at jdk.internal.util.Preconditions.checkIndex(Preconditions.java:266) ~[?:?]
	at java.util.Objects.checkIndex(Objects.java:361) ~[?:?]
	at java.util.ArrayList.get(ArrayList.java:427) ~[?:?]
	at net.minecraft.network.NetworkState$PacketHandler.createPacket(NetworkState.java:458) ~[server-intermediary.jar:?]
	at net.minecraft.network.NetworkState.getPacketHandler(NetworkState.java:522) ~[server-intermediary.jar:?]
	at net.minecraft.network.DecoderHandler.decode(DecoderHandler.java:32) ~[server-intermediary.jar:?]
	at io.netty.handler.codec.ByteToMessageDecoder.decodeRemovalReentryProtection(ByteToMessageDecoder.java:519) ~[netty-codec-4.1.82.Final.jar:?]
	at io.netty.handler.codec.ByteToMessageDecoder.callDecode(ByteToMessageDecoder.java:458) ~[netty-codec-4.1.82.Final.jar:?]
	... 25 more
[01:16:22] [Netty Epoll Server IO #4/ERROR]: Exception occurred in netty pipeline
io.netty.handler.codec.DecoderException: java.lang.IndexOutOfBoundsException: Index 50 out of bounds for length 1
	at io.netty.handler.codec.ByteToMessageDecoder.callDecode(ByteToMessageDecoder.java:489) ~[netty-codec-4.1.82.Final.jar:?]
	at io.netty.handler.codec.ByteToMessageDecoder.channelRead(ByteToMessageDecoder.java:280) ~[netty-codec-4.1.82.Final.jar:?]
	at io.netty.channel.AbstractChannelHandlerContext.invokeChannelRead(AbstractChannelHandlerContext.java:379) ~[netty-transport-4.1.82.Final.jar:?]
	at io.netty.channel.AbstractChannelHandlerContext.invokeChannelRead(AbstractChannelHandlerContext.java:365) ~[netty-transport-4.1.82.Final.jar:?]
	at io.netty.channel.AbstractChannelHandlerContext.fireChannelRead(AbstractChannelHandlerContext.java:357) ~[netty-transport-4.1.82.Final.jar:?]
	at io.netty.handler.codec.ByteToMessageDecoder.fireChannelRead(ByteToMessageDecoder.java:336) ~[netty-codec-4.1.82.Final.jar:?]
	at io.netty.handler.codec.ByteToMessageDecoder.fireChannelRead(ByteToMessageDecoder.java:323) ~[netty-codec-4.1.82.Final.jar:?]
	at io.netty.handler.codec.ByteToMessageDecoder.callDecode(ByteToMessageDecoder.java:444) ~[netty-codec-4.1.82.Final.jar:?]
	at io.netty.handler.codec.ByteToMessageDecoder.channelRead(ByteToMessageDecoder.java:280) ~[netty-codec-4.1.82.Final.jar:?]
	at io.netty.channel.AbstractChannelHandlerContext.invokeChannelRead(AbstractChannelHandlerContext.java:379) ~[netty-transport-4.1.82.Final.jar:?]
	at io.netty.channel.AbstractChannelHandlerContext.invokeChannelRead(AbstractChannelHandlerContext.java:365) ~[netty-transport-4.1.82.Final.jar:?]
	at io.netty.channel.AbstractChannelHandlerContext.fireChannelRead(AbstractChannelHandlerContext.java:357) ~[netty-transport-4.1.82.Final.jar:?]
	at net.minecraft.network.LegacyQueryHandler.channelRead(LegacyQueryHandler.java:95) ~[server-intermediary.jar:?]
	at io.netty.channel.AbstractChannelHandlerContext.invokeChannelRead(AbstractChannelHandlerContext.java:379) ~[netty-transport-4.1.82.Final.jar:?]
	at io.netty.channel.AbstractChannelHandlerContext.invokeChannelRead(AbstractChannelHandlerContext.java:365) ~[netty-transport-4.1.82.Final.jar:?]
	at io.netty.channel.AbstractChannelHandlerContext.fireChannelRead(AbstractChannelHandlerContext.java:357) ~[netty-transport-4.1.82.Final.jar:?]
	at io.netty.handler.timeout.IdleStateHandler.channelRead(IdleStateHandler.java:286) ~[netty-handler-4.1.82.Final.jar:?]
	at io.netty.channel.AbstractChannelHandlerContext.invokeChannelRead(AbstractChannelHandlerContext.java:379) ~[netty-transport-4.1.82.Final.jar:?]
	at io.netty.channel.AbstractChannelHandlerContext.invokeChannelRead(AbstractChannelHandlerContext.java:365) ~[netty-transport-4.1.82.Final.jar:?]
	at io.netty.channel.AbstractChannelHandlerContext.fireChannelRead(AbstractChannelHandlerContext.java:357) ~[netty-transport-4.1.82.Final.jar:?]
	at io.netty.channel.DefaultChannelPipeline$HeadContext.channelRead(DefaultChannelPipeline.java:1410) ~[netty-transport-4.1.82.Final.jar:?]
	at io.netty.channel.AbstractChannelHandlerContext.invokeChannelRead(AbstractChannelHandlerContext.java:379) ~[netty-transport-4.1.82.Final.jar:?]
	at io.netty.channel.AbstractChannelHandlerContext.invokeChannelRead(AbstractChannelHandlerContext.java:365) ~[netty-transport-4.1.82.Final.jar:?]
	at io.netty.channel.DefaultChannelPipeline.fireChannelRead(DefaultChannelPipeline.java:919) ~[netty-transport-4.1.82.Final.jar:?]
	at io.netty.channel.epoll.AbstractEpollStreamChannel$EpollStreamUnsafe.epollInReady(AbstractEpollStreamChannel.java:800) ~[netty-transport-classes-epoll-4.1.82.Final.jar:?]
	at io.netty.channel.epoll.EpollEventLoop.processReady(EpollEventLoop.java:499) ~[netty-transport-classes-epoll-4.1.82.Final.jar:?]
	at io.netty.channel.epoll.EpollEventLoop.run(EpollEventLoop.java:397) ~[netty-transport-classes-epoll-4.1.82.Final.jar:?]
	at io.netty.util.concurrent.SingleThreadEventExecutor$4.run(SingleThreadEventExecutor.java:997) ~[netty-common-4.1.82.Final.jar:?]
	at io.netty.util.internal.ThreadExecutorMap$2.run(ThreadExecutorMap.java:74) ~[netty-common-4.1.82.Final.jar:?]
	at java.lang.Thread.run(Thread.java:840) ~[?:?]
Caused by: java.lang.IndexOutOfBoundsException: Index 50 out of bounds for length 1
	at jdk.internal.util.Preconditions.outOfBounds(Preconditions.java:64) ~[?:?]
	at jdk.internal.util.Preconditions.outOfBoundsCheckIndex(Preconditions.java:70) ~[?:?]
	at jdk.internal.util.Preconditions.checkIndex(Preconditions.java:266) ~[?:?]
	at java.util.Objects.checkIndex(Objects.java:361) ~[?:?]
	at java.util.ArrayList.get(ArrayList.java:427) ~[?:?]
	at net.minecraft.network.NetworkState$PacketHandler.createPacket(NetworkState.java:458) ~[server-intermediary.jar:?]
	at net.minecraft.network.NetworkState.getPacketHandler(NetworkState.java:522) ~[server-intermediary.jar:?]
	at net.minecraft.network.DecoderHandler.decode(DecoderHandler.java:32) ~[server-intermediary.jar:?]
	at io.netty.handler.codec.ByteToMessageDecoder.decodeRemovalReentryProtection(ByteToMessageDecoder.java:519) ~[netty-codec-4.1.82.Final.jar:?]
	at io.netty.handler.codec.ByteToMessageDecoder.callDecode(ByteToMessageDecoder.java:458) ~[netty-codec-4.1.82.Final.jar:?]
	... 29 more
[01:16:50] [Netty Epoll Server IO #6/ERROR]: Exception occurred in netty pipeline
io.netty.handler.codec.DecoderException: java.lang.IndexOutOfBoundsException: Index 50 out of bounds for length 1
	at io.netty.handler.codec.ByteToMessageDecoder.callDecode(ByteToMessageDecoder.java:489) ~[netty-codec-4.1.82.Final.jar:?]
	at io.netty.handler.codec.ByteToMessageDecoder.channelRead(ByteToMessageDecoder.java:280) ~[netty-codec-4.1.82.Final.jar:?]
	at io.netty.channel.AbstractChannelHandlerContext.invokeChannelRead(AbstractChannelHandlerContext.java:379) ~[netty-transport-4.1.82.Final.jar:?]
	at io.netty.channel.AbstractChannelHandlerContext.invokeChannelRead(AbstractChannelHandlerContext.java:365) ~[netty-transport-4.1.82.Final.jar:?]
	at io.netty.channel.AbstractChannelHandlerContext.fireChannelRead(AbstractChannelHandlerContext.java:357) ~[netty-transport-4.1.82.Final.jar:?]
	at io.netty.handler.codec.ByteToMessageDecoder.fireChannelRead(ByteToMessageDecoder.java:336) ~[netty-codec-4.1.82.Final.jar:?]
	at io.netty.handler.codec.ByteToMessageDecoder.fireChannelRead(ByteToMessageDecoder.java:323) ~[netty-codec-4.1.82.Final.jar:?]
	at io.netty.handler.codec.ByteToMessageDecoder.callDecode(ByteToMessageDecoder.java:444) ~[netty-codec-4.1.82.Final.jar:?]
	at io.netty.handler.codec.ByteToMessageDecoder.channelRead(ByteToMessageDecoder.java:280) ~[netty-codec-4.1.82.Final.jar:?]
	at io.netty.channel.AbstractChannelHandlerContext.invokeChannelRead(AbstractChannelHandlerContext.java:379) ~[netty-transport-4.1.82.Final.jar:?]
	at io.netty.channel.AbstractChannelHandlerContext.invokeChannelRead(AbstractChannelHandlerContext.java:365) ~[netty-transport-4.1.82.Final.jar:?]
	at io.netty.channel.AbstractChannelHandlerContext.fireChannelRead(AbstractChannelHandlerContext.java:357) ~[netty-transport-4.1.82.Final.jar:?]
	at net.minecraft.network.LegacyQueryHandler.channelRead(LegacyQueryHandler.java:95) ~[server-intermediary.jar:?]
	at io.netty.channel.AbstractChannelHandlerContext.invokeChannelRead(AbstractChannelHandlerContext.java:379) ~[netty-transport-4.1.82.Final.jar:?]
	at io.netty.channel.AbstractChannelHandlerContext.invokeChannelRead(AbstractChannelHandlerContext.java:365) ~[netty-transport-4.1.82.Final.jar:?]
	at io.netty.channel.AbstractChannelHandlerContext.fireChannelRead(AbstractChannelHandlerContext.java:357) ~[netty-transport-4.1.82.Final.jar:?]
	at io.netty.handler.timeout.IdleStateHandler.channelRead(IdleStateHandler.java:286) ~[netty-handler-4.1.82.Final.jar:?]
	at io.netty.channel.AbstractChannelHandlerContext.invokeChannelRead(AbstractChannelHandlerContext.java:379) ~[netty-transport-4.1.82.Final.jar:?]
	at io.netty.channel.AbstractChannelHandlerContext.invokeChannelRead(AbstractChannelHandlerContext.java:365) ~[netty-transport-4.1.82.Final.jar:?]
	at io.netty.channel.AbstractChannelHandlerContext.fireChannelRead(AbstractChannelHandlerContext.java:357) ~[netty-transport-4.1.82.Final.jar:?]
	at io.netty.channel.DefaultChannelPipeline$HeadContext.channelRead(DefaultChannelPipeline.java:1410) ~[netty-transport-4.1.82.Final.jar:?]
	at io.netty.channel.AbstractChannelHandlerContext.invokeChannelRead(AbstractChannelHandlerContext.java:379) ~[netty-transport-4.1.82.Final.jar:?]
	at io.netty.channel.AbstractChannelHandlerContext.invokeChannelRead(AbstractChannelHandlerContext.java:365) ~[netty-transport-4.1.82.Final.jar:?]
	at io.netty.channel.DefaultChannelPipeline.fireChannelRead(DefaultChannelPipeline.java:919) ~[netty-transport-4.1.82.Final.jar:?]
	at io.netty.channel.epoll.AbstractEpollStreamChannel$EpollStreamUnsafe.epollInReady(AbstractEpollStreamChannel.java:800) ~[netty-transport-classes-epoll-4.1.82.Final.jar:?]
	at io.netty.channel.epoll.EpollEventLoop.processReady(EpollEventLoop.java:499) ~[netty-transport-classes-epoll-4.1.82.Final.jar:?]
	at io.netty.channel.epoll.EpollEventLoop.run(EpollEventLoop.java:397) ~[netty-transport-classes-epoll-4.1.82.Final.jar:?]
	at io.netty.util.concurrent.SingleThreadEventExecutor$4.run(SingleThreadEventExecutor.java:997) ~[netty-common-4.1.82.Final.jar:?]
	at io.netty.util.internal.ThreadExecutorMap$2.run(ThreadExecutorMap.java:74) ~[netty-common-4.1.82.Final.jar:?]
	at java.lang.Thread.run(Thread.java:840) ~[?:?]
Caused by: java.lang.IndexOutOfBoundsException: Index 50 out of bounds for length 1
	at jdk.internal.util.Preconditions.outOfBounds(Preconditions.java:64) ~[?:?]
	at jdk.internal.util.Preconditions.outOfBoundsCheckIndex(Preconditions.java:70) ~[?:?]
	at jdk.internal.util.Preconditions.checkIndex(Preconditions.java:266) ~[?:?]
	at java.util.Objects.checkIndex(Objects.java:361) ~[?:?]
	at java.util.ArrayList.get(ArrayList.java:427) ~[?:?]
	at net.minecraft.network.NetworkState$PacketHandler.createPacket(NetworkState.java:458) ~[server-intermediary.jar:?]
	at net.minecraft.network.NetworkState.getPacketHandler(NetworkState.java:522) ~[server-intermediary.jar:?]
	at net.minecraft.network.DecoderHandler.decode(DecoderHandler.java:32) ~[server-intermediary.jar:?]
	at io.netty.handler.codec.ByteToMessageDecoder.decodeRemovalReentryProtection(ByteToMessageDecoder.java:519) ~[netty-codec-4.1.82.Final.jar:?]
	at io.netty.handler.codec.ByteToMessageDecoder.callDecode(ByteToMessageDecoder.java:458) ~[netty-codec-4.1.82.Final.jar:?]
	... 29 more
[01:22:06] [Netty Epoll Server IO #0/ERROR]: Exception occurred in netty pipeline
io.netty.handler.codec.DecoderException: java.lang.IndexOutOfBoundsException: Index 50 out of bounds for length 1
	at io.netty.handler.codec.ByteToMessageDecoder.callDecode(ByteToMessageDecoder.java:489) ~[netty-codec-4.1.82.Final.jar:?]
	at io.netty.handler.codec.ByteToMessageDecoder.channelRead(ByteToMessageDecoder.java:280) ~[netty-codec-4.1.82.Final.jar:?]
	at io.netty.channel.AbstractChannelHandlerContext.invokeChannelRead(AbstractChannelHandlerContext.java:379) ~[netty-transport-4.1.82.Final.jar:?]
	at io.netty.channel.AbstractChannelHandlerContext.invokeChannelRead(AbstractChannelHandlerContext.java:365) ~[netty-transport-4.1.82.Final.jar:?]
	at io.netty.channel.AbstractChannelHandlerContext.fireChannelRead(AbstractChannelHandlerContext.java:357) ~[netty-transport-4.1.82.Final.jar:?]
	at io.netty.handler.codec.ByteToMessageDecoder.fireChannelRead(ByteToMessageDecoder.java:336) ~[netty-codec-4.1.82.Final.jar:?]
	at io.netty.handler.codec.ByteToMessageDecoder.fireChannelRead(ByteToMessageDecoder.java:323) ~[netty-codec-4.1.82.Final.jar:?]
	at io.netty.handler.codec.ByteToMessageDecoder.callDecode(ByteToMessageDecoder.java:444) ~[netty-codec-4.1.82.Final.jar:?]
	at io.netty.handler.codec.ByteToMessageDecoder.channelRead(ByteToMessageDecoder.java:280) ~[netty-codec-4.1.82.Final.jar:?]
	at io.netty.channel.AbstractChannelHandlerContext.invokeChannelRead(AbstractChannelHandlerContext.java:379) ~[netty-transport-4.1.82.Final.jar:?]
	at io.netty.channel.AbstractChannelHandlerContext.invokeChannelRead(AbstractChannelHandlerContext.java:365) ~[netty-transport-4.1.82.Final.jar:?]
	at io.netty.channel.AbstractChannelHandlerContext.fireChannelRead(AbstractChannelHandlerContext.java:357) ~[netty-transport-4.1.82.Final.jar:?]
	at net.minecraft.network.LegacyQueryHandler.channelRead(LegacyQueryHandler.java:95) ~[server-intermediary.jar:?]
	at io.netty.channel.AbstractChannelHandlerContext.invokeChannelRead(AbstractChannelHandlerContext.java:379) ~[netty-transport-4.1.82.Final.jar:?]
	at io.netty.channel.AbstractChannelHandlerContext.invokeChannelRead(AbstractChannelHandlerContext.java:365) ~[netty-transport-4.1.82.Final.jar:?]
	at io.netty.channel.AbstractChannelHandlerContext.fireChannelRead(AbstractChannelHandlerContext.java:357) ~[netty-transport-4.1.82.Final.jar:?]
	at io.netty.handler.timeout.IdleStateHandler.channelRead(IdleStateHandler.java:286) ~[netty-handler-4.1.82.Final.jar:?]
	at io.netty.channel.AbstractChannelHandlerContext.invokeChannelRead(AbstractChannelHandlerContext.java:379) ~[netty-transport-4.1.82.Final.jar:?]
	at io.netty.channel.AbstractChannelHandlerContext.invokeChannelRead(AbstractChannelHandlerContext.java:365) ~[netty-transport-4.1.82.Final.jar:?]
	at io.netty.channel.AbstractChannelHandlerContext.fireChannelRead(AbstractChannelHandlerContext.java:357) ~[netty-transport-4.1.82.Final.jar:?]
	at io.netty.channel.DefaultChannelPipeline$HeadContext.channelRead(DefaultChannelPipeline.java:1410) ~[netty-transport-4.1.82.Final.jar:?]
	at io.netty.channel.AbstractChannelHandlerContext.invokeChannelRead(AbstractChannelHandlerContext.java:379) ~[netty-transport-4.1.82.Final.jar:?]
	at io.netty.channel.AbstractChannelHandlerContext.invokeChannelRead(AbstractChannelHandlerContext.java:365) ~[netty-transport-4.1.82.Final.jar:?]
	at io.netty.channel.DefaultChannelPipeline.fireChannelRead(DefaultChannelPipeline.java:919) ~[netty-transport-4.1.82.Final.jar:?]
	at io.netty.channel.epoll.AbstractEpollStreamChannel$EpollStreamUnsafe.epollInReady(AbstractEpollStreamChannel.java:800) ~[netty-transport-classes-epoll-4.1.82.Final.jar:?]
	at io.netty.channel.epoll.EpollEventLoop.processReady(EpollEventLoop.java:499) ~[netty-transport-classes-epoll-4.1.82.Final.jar:?]
	at io.netty.channel.epoll.EpollEventLoop.run(EpollEventLoop.java:397) ~[netty-transport-classes-epoll-4.1.82.Final.jar:?]
	at io.netty.util.concurrent.SingleThreadEventExecutor$4.run(SingleThreadEventExecutor.java:997) ~[netty-common-4.1.82.Final.jar:?]
	at io.netty.util.internal.ThreadExecutorMap$2.run(ThreadExecutorMap.java:74) ~[netty-common-4.1.82.Final.jar:?]
	at java.lang.Thread.run(Thread.java:840) ~[?:?]
Caused by: java.lang.IndexOutOfBoundsException: Index 50 out of bounds for length 1
	at jdk.internal.util.Preconditions.outOfBounds(Preconditions.java:64) ~[?:?]
	at jdk.internal.util.Preconditions.outOfBoundsCheckIndex(Preconditions.java:70) ~[?:?]
	at jdk.internal.util.Preconditions.checkIndex(Preconditions.java:266) ~[?:?]
	at java.util.Objects.checkIndex(Objects.java:361) ~[?:?]
	at java.util.ArrayList.get(ArrayList.java:427) ~[?:?]
	at net.minecraft.network.NetworkState$PacketHandler.createPacket(NetworkState.java:458) ~[server-intermediary.jar:?]
	at net.minecraft.network.NetworkState.getPacketHandler(NetworkState.java:522) ~[server-intermediary.jar:?]
	at net.minecraft.network.DecoderHandler.decode(DecoderHandler.java:32) ~[server-intermediary.jar:?]
	at io.netty.handler.codec.ByteToMessageDecoder.decodeRemovalReentryProtection(ByteToMessageDecoder.java:519) ~[netty-codec-4.1.82.Final.jar:?]
	at io.netty.handler.codec.ByteToMessageDecoder.callDecode(ByteToMessageDecoder.java:458) ~[netty-codec-4.1.82.Final.jar:?]
	... 29 more
[01:27:23] [Netty Epoll Server IO #2/ERROR]: Exception occurred in netty pipeline
io.netty.handler.codec.DecoderException: java.lang.IndexOutOfBoundsException: Index 50 out of bounds for length 1
	at io.netty.handler.codec.ByteToMessageDecoder.callDecode(ByteToMessageDecoder.java:489) ~[netty-codec-4.1.82.Final.jar:?]
	at io.netty.handler.codec.ByteToMessageDecoder.channelRead(ByteToMessageDecoder.java:280) ~[netty-codec-4.1.82.Final.jar:?]
	at io.netty.channel.AbstractChannelHandlerContext.invokeChannelRead(AbstractChannelHandlerContext.java:379) ~[netty-transport-4.1.82.Final.jar:?]
	at io.netty.channel.AbstractChannelHandlerContext.invokeChannelRead(AbstractChannelHandlerContext.java:365) ~[netty-transport-4.1.82.Final.jar:?]
	at io.netty.channel.AbstractChannelHandlerContext.fireChannelRead(AbstractChannelHandlerContext.java:357) ~[netty-transport-4.1.82.Final.jar:?]
	at io.netty.handler.codec.ByteToMessageDecoder.fireChannelRead(ByteToMessageDecoder.java:336) ~[netty-codec-4.1.82.Final.jar:?]
	at io.netty.handler.codec.ByteToMessageDecoder.fireChannelRead(ByteToMessageDecoder.java:323) ~[netty-codec-4.1.82.Final.jar:?]
	at io.netty.handler.codec.ByteToMessageDecoder.callDecode(ByteToMessageDecoder.java:444) ~[netty-codec-4.1.82.Final.jar:?]
	at io.netty.handler.codec.ByteToMessageDecoder.channelRead(ByteToMessageDecoder.java:280) ~[netty-codec-4.1.82.Final.jar:?]
	at io.netty.channel.AbstractChannelHandlerContext.invokeChannelRead(AbstractChannelHandlerContext.java:379) ~[netty-transport-4.1.82.Final.jar:?]
	at io.netty.channel.AbstractChannelHandlerContext.invokeChannelRead(AbstractChannelHandlerContext.java:365) ~[netty-transport-4.1.82.Final.jar:?]
	at io.netty.channel.AbstractChannelHandlerContext.fireChannelRead(AbstractChannelHandlerContext.java:357) ~[netty-transport-4.1.82.Final.jar:?]
	at net.minecraft.network.LegacyQueryHandler.channelRead(LegacyQueryHandler.java:95) ~[server-intermediary.jar:?]
	at io.netty.channel.AbstractChannelHandlerContext.invokeChannelRead(AbstractChannelHandlerContext.java:379) ~[netty-transport-4.1.82.Final.jar:?]
	at io.netty.channel.AbstractChannelHandlerContext.invokeChannelRead(AbstractChannelHandlerContext.java:365) ~[netty-transport-4.1.82.Final.jar:?]
	at io.netty.channel.AbstractChannelHandlerContext.fireChannelRead(AbstractChannelHandlerContext.java:357) ~[netty-transport-4.1.82.Final.jar:?]
	at io.netty.handler.timeout.IdleStateHandler.channelRead(IdleStateHandler.java:286) ~[netty-handler-4.1.82.Final.jar:?]
	at io.netty.channel.AbstractChannelHandlerContext.invokeChannelRead(AbstractChannelHandlerContext.java:379) ~[netty-transport-4.1.82.Final.jar:?]
	at io.netty.channel.AbstractChannelHandlerContext.invokeChannelRead(AbstractChannelHandlerContext.java:365) ~[netty-transport-4.1.82.Final.jar:?]
	at io.netty.channel.AbstractChannelHandlerContext.fireChannelRead(AbstractChannelHandlerContext.java:357) ~[netty-transport-4.1.82.Final.jar:?]
	at io.netty.channel.DefaultChannelPipeline$HeadContext.channelRead(DefaultChannelPipeline.java:1410) ~[netty-transport-4.1.82.Final.jar:?]
	at io.netty.channel.AbstractChannelHandlerContext.invokeChannelRead(AbstractChannelHandlerContext.java:379) ~[netty-transport-4.1.82.Final.jar:?]
	at io.netty.channel.AbstractChannelHandlerContext.invokeChannelRead(AbstractChannelHandlerContext.java:365) ~[netty-transport-4.1.82.Final.jar:?]
	at io.netty.channel.DefaultChannelPipeline.fireChannelRead(DefaultChannelPipeline.java:919) ~[netty-transport-4.1.82.Final.jar:?]
	at io.netty.channel.epoll.AbstractEpollStreamChannel$EpollStreamUnsafe.epollInReady(AbstractEpollStreamChannel.java:800) ~[netty-transport-classes-epoll-4.1.82.Final.jar:?]
	at io.netty.channel.epoll.EpollEventLoop.processReady(EpollEventLoop.java:499) ~[netty-transport-classes-epoll-4.1.82.Final.jar:?]
	at io.netty.channel.epoll.EpollEventLoop.run(EpollEventLoop.java:397) ~[netty-transport-classes-epoll-4.1.82.Final.jar:?]
	at io.netty.util.concurrent.SingleThreadEventExecutor$4.run(SingleThreadEventExecutor.java:997) ~[netty-common-4.1.82.Final.jar:?]
	at io.netty.util.internal.ThreadExecutorMap$2.run(ThreadExecutorMap.java:74) ~[netty-common-4.1.82.Final.jar:?]
	at java.lang.Thread.run(Thread.java:840) ~[?:?]
Caused by: java.lang.IndexOutOfBoundsException: Index 50 out of bounds for length 1
	at jdk.internal.util.Preconditions.outOfBounds(Preconditions.java:64) ~[?:?]
	at jdk.internal.util.Preconditions.outOfBoundsCheckIndex(Preconditions.java:70) ~[?:?]
	at jdk.internal.util.Preconditions.checkIndex(Preconditions.java:266) ~[?:?]
	at java.util.Objects.checkIndex(Objects.java:361) ~[?:?]
	at java.util.ArrayList.get(ArrayList.java:427) ~[?:?]
	at net.minecraft.network.NetworkState$PacketHandler.createPacket(NetworkState.java:458) ~[server-intermediary.jar:?]
	at net.minecraft.network.NetworkState.getPacketHandler(NetworkState.java:522) ~[server-intermediary.jar:?]
	at net.minecraft.network.DecoderHandler.decode(DecoderHandler.java:32) ~[server-intermediary.jar:?]
	at io.netty.handler.codec.ByteToMessageDecoder.decodeRemovalReentryProtection(ByteToMessageDecoder.java:519) ~[netty-codec-4.1.82.Final.jar:?]
	at io.netty.handler.codec.ByteToMessageDecoder.callDecode(ByteToMessageDecoder.java:458) ~[netty-codec-4.1.82.Final.jar:?]
	... 29 more
[01:32:39] [Netty Epoll Server IO #4/ERROR]: Exception occurred in netty pipeline
io.netty.handler.codec.DecoderException: java.lang.IndexOutOfBoundsException: Index 50 out of bounds for length 1
	at io.netty.handler.codec.ByteToMessageDecoder.callDecode(ByteToMessageDecoder.java:489) ~[netty-codec-4.1.82.Final.jar:?]
	at io.netty.handler.codec.ByteToMessageDecoder.channelRead(ByteToMessageDecoder.java:280) ~[netty-codec-4.1.82.Final.jar:?]
	at io.netty.channel.AbstractChannelHandlerContext.invokeChannelRead(AbstractChannelHandlerContext.java:379) ~[netty-transport-4.1.82.Final.jar:?]
	at io.netty.channel.AbstractChannelHandlerContext.invokeChannelRead(AbstractChannelHandlerContext.java:365) ~[netty-transport-4.1.82.Final.jar:?]
	at io.netty.channel.AbstractChannelHandlerContext.fireChannelRead(AbstractChannelHandlerContext.java:357) ~[netty-transport-4.1.82.Final.jar:?]
	at io.netty.handler.codec.ByteToMessageDecoder.fireChannelRead(ByteToMessageDecoder.java:336) ~[netty-codec-4.1.82.Final.jar:?]
	at io.netty.handler.codec.ByteToMessageDecoder.fireChannelRead(ByteToMessageDecoder.java:323) ~[netty-codec-4.1.82.Final.jar:?]
	at io.netty.handler.codec.ByteToMessageDecoder.callDecode(ByteToMessageDecoder.java:444) ~[netty-codec-4.1.82.Final.jar:?]
	at io.netty.handler.codec.ByteToMessageDecoder.channelRead(ByteToMessageDecoder.java:280) ~[netty-codec-4.1.82.Final.jar:?]
	at io.netty.channel.AbstractChannelHandlerContext.invokeChannelRead(AbstractChannelHandlerContext.java:379) ~[netty-transport-4.1.82.Final.jar:?]
	at io.netty.channel.AbstractChannelHandlerContext.invokeChannelRead(AbstractChannelHandlerContext.java:365) ~[netty-transport-4.1.82.Final.jar:?]
	at io.netty.channel.AbstractChannelHandlerContext.fireChannelRead(AbstractChannelHandlerContext.java:357) ~[netty-transport-4.1.82.Final.jar:?]
	at net.minecraft.network.LegacyQueryHandler.channelRead(LegacyQueryHandler.java:95) ~[server-intermediary.jar:?]
	at io.netty.channel.AbstractChannelHandlerContext.invokeChannelRead(AbstractChannelHandlerContext.java:379) ~[netty-transport-4.1.82.Final.jar:?]
	at io.netty.channel.AbstractChannelHandlerContext.invokeChannelRead(AbstractChannelHandlerContext.java:365) ~[netty-transport-4.1.82.Final.jar:?]
	at io.netty.channel.AbstractChannelHandlerContext.fireChannelRead(AbstractChannelHandlerContext.java:357) ~[netty-transport-4.1.82.Final.jar:?]
	at io.netty.handler.timeout.IdleStateHandler.channelRead(IdleStateHandler.java:286) ~[netty-handler-4.1.82.Final.jar:?]
	at io.netty.channel.AbstractChannelHandlerContext.invokeChannelRead(AbstractChannelHandlerContext.java:379) ~[netty-transport-4.1.82.Final.jar:?]
	at io.netty.channel.AbstractChannelHandlerContext.invokeChannelRead(AbstractChannelHandlerContext.java:365) ~[netty-transport-4.1.82.Final.jar:?]
	at io.netty.channel.AbstractChannelHandlerContext.fireChannelRead(AbstractChannelHandlerContext.java:357) ~[netty-transport-4.1.82.Final.jar:?]
	at io.netty.channel.DefaultChannelPipeline$HeadContext.channelRead(DefaultChannelPipeline.java:1410) ~[netty-transport-4.1.82.Final.jar:?]
	at io.netty.channel.AbstractChannelHandlerContext.invokeChannelRead(AbstractChannelHandlerContext.java:379) ~[netty-transport-4.1.82.Final.jar:?]
	at io.netty.channel.AbstractChannelHandlerContext.invokeChannelRead(AbstractChannelHandlerContext.java:365) ~[netty-transport-4.1.82.Final.jar:?]
	at io.netty.channel.DefaultChannelPipeline.fireChannelRead(DefaultChannelPipeline.java:919) ~[netty-transport-4.1.82.Final.jar:?]
	at io.netty.channel.epoll.AbstractEpollStreamChannel$EpollStreamUnsafe.epollInReady(AbstractEpollStreamChannel.java:800) ~[netty-transport-classes-epoll-4.1.82.Final.jar:?]
	at io.netty.channel.epoll.EpollEventLoop.processReady(EpollEventLoop.java:499) ~[netty-transport-classes-epoll-4.1.82.Final.jar:?]
	at io.netty.channel.epoll.EpollEventLoop.run(EpollEventLoop.java:397) ~[netty-transport-classes-epoll-4.1.82.Final.jar:?]
	at io.netty.util.concurrent.SingleThreadEventExecutor$4.run(SingleThreadEventExecutor.java:997) ~[netty-common-4.1.82.Final.jar:?]
	at io.netty.util.internal.ThreadExecutorMap$2.run(ThreadExecutorMap.java:74) ~[netty-common-4.1.82.Final.jar:?]
	at java.lang.Thread.run(Thread.java:840) ~[?:?]
Caused by: java.lang.IndexOutOfBoundsException: Index 50 out of bounds for length 1
	at jdk.internal.util.Preconditions.outOfBounds(Preconditions.java:64) ~[?:?]
	at jdk.internal.util.Preconditions.outOfBoundsCheckIndex(Preconditions.java:70) ~[?:?]
	at jdk.internal.util.Preconditions.checkIndex(Preconditions.java:266) ~[?:?]
	at java.util.Objects.checkIndex(Objects.java:361) ~[?:?]
	at java.util.ArrayList.get(ArrayList.java:427) ~[?:?]
	at net.minecraft.network.NetworkState$PacketHandler.createPacket(NetworkState.java:458) ~[server-intermediary.jar:?]
	at net.minecraft.network.NetworkState.getPacketHandler(NetworkState.java:522) ~[server-intermediary.jar:?]
	at net.minecraft.network.DecoderHandler.decode(DecoderHandler.java:32) ~[server-intermediary.jar:?]
	at io.netty.handler.codec.ByteToMessageDecoder.decodeRemovalReentryProtection(ByteToMessageDecoder.java:519) ~[netty-codec-4.1.82.Final.jar:?]
	at io.netty.handler.codec.ByteToMessageDecoder.callDecode(ByteToMessageDecoder.java:458) ~[netty-codec-4.1.82.Final.jar:?]
	... 29 more
[01:33:16] [Netty Epoll Server IO #5/ERROR]: Exception occurred in netty pipeline
io.netty.handler.codec.DecoderException: java.lang.IndexOutOfBoundsException: Index 3 out of bounds for length 1
	at io.netty.handler.codec.ByteToMessageDecoder.callDecode(ByteToMessageDecoder.java:489) ~[netty-codec-4.1.82.Final.jar:?]
	at io.netty.handler.codec.ByteToMessageDecoder.channelRead(ByteToMessageDecoder.java:280) ~[netty-codec-4.1.82.Final.jar:?]
	at io.netty.channel.AbstractChannelHandlerContext.invokeChannelRead(AbstractChannelHandlerContext.java:379) ~[netty-transport-4.1.82.Final.jar:?]
	at io.netty.channel.AbstractChannelHandlerContext.invokeChannelRead(AbstractChannelHandlerContext.java:365) ~[netty-transport-4.1.82.Final.jar:?]
	at io.netty.channel.AbstractChannelHandlerContext.fireChannelRead(AbstractChannelHandlerContext.java:357) ~[netty-transport-4.1.82.Final.jar:?]
	at io.netty.handler.codec.ByteToMessageDecoder.fireChannelRead(ByteToMessageDecoder.java:336) ~[netty-codec-4.1.82.Final.jar:?]
	at io.netty.handler.codec.ByteToMessageDecoder.fireChannelRead(ByteToMessageDecoder.java:323) ~[netty-codec-4.1.82.Final.jar:?]
	at io.netty.handler.codec.ByteToMessageDecoder.callDecode(ByteToMessageDecoder.java:444) ~[netty-codec-4.1.82.Final.jar:?]
	at io.netty.handler.codec.ByteToMessageDecoder.channelRead(ByteToMessageDecoder.java:280) ~[netty-codec-4.1.82.Final.jar:?]
	at io.netty.channel.AbstractChannelHandlerContext.invokeChannelRead(AbstractChannelHandlerContext.java:379) ~[netty-transport-4.1.82.Final.jar:?]
	at io.netty.channel.AbstractChannelHandlerContext.invokeChannelRead(AbstractChannelHandlerContext.java:365) ~[netty-transport-4.1.82.Final.jar:?]
	at io.netty.channel.AbstractChannelHandlerContext.fireChannelRead(AbstractChannelHandlerContext.java:357) ~[netty-transport-4.1.82.Final.jar:?]
	at net.minecraft.network.LegacyQueryHandler.channelRead(LegacyQueryHandler.java:95) ~[server-intermediary.jar:?]
	at io.netty.channel.AbstractChannelHandlerContext.invokeChannelRead(AbstractChannelHandlerContext.java:379) ~[netty-transport-4.1.82.Final.jar:?]
	at io.netty.channel.AbstractChannelHandlerContext.invokeChannelRead(AbstractChannelHandlerContext.java:365) ~[netty-transport-4.1.82.Final.jar:?]
	at io.netty.channel.AbstractChannelHandlerContext.fireChannelRead(AbstractChannelHandlerContext.java:357) ~[netty-transport-4.1.82.Final.jar:?]
	at io.netty.handler.timeout.IdleStateHandler.channelRead(IdleStateHandler.java:286) ~[netty-handler-4.1.82.Final.jar:?]
	at io.netty.channel.AbstractChannelHandlerContext.invokeChannelRead(AbstractChannelHandlerContext.java:379) ~[netty-transport-4.1.82.Final.jar:?]
	at io.netty.channel.AbstractChannelHandlerContext.invokeChannelRead(AbstractChannelHandlerContext.java:365) ~[netty-transport-4.1.82.Final.jar:?]
	at io.netty.channel.AbstractChannelHandlerContext.fireChannelRead(AbstractChannelHandlerContext.java:357) ~[netty-transport-4.1.82.Final.jar:?]
	at io.netty.channel.DefaultChannelPipeline$HeadContext.channelRead(DefaultChannelPipeline.java:1410) ~[netty-transport-4.1.82.Final.jar:?]
	at io.netty.channel.AbstractChannelHandlerContext.invokeChannelRead(AbstractChannelHandlerContext.java:379) ~[netty-transport-4.1.82.Final.jar:?]
	at io.netty.channel.AbstractChannelHandlerContext.invokeChannelRead(AbstractChannelHandlerContext.java:365) ~[netty-transport-4.1.82.Final.jar:?]
	at io.netty.channel.DefaultChannelPipeline.fireChannelRead(DefaultChannelPipeline.java:919) ~[netty-transport-4.1.82.Final.jar:?]
	at io.netty.channel.epoll.AbstractEpollStreamChannel$EpollStreamUnsafe.epollInReady(AbstractEpollStreamChannel.java:800) ~[netty-transport-classes-epoll-4.1.82.Final.jar:?]
	at io.netty.channel.epoll.EpollEventLoop.processReady(EpollEventLoop.java:499) ~[netty-transport-classes-epoll-4.1.82.Final.jar:?]
	at io.netty.channel.epoll.EpollEventLoop.run(EpollEventLoop.java:397) ~[netty-transport-classes-epoll-4.1.82.Final.jar:?]
	at io.netty.util.concurrent.SingleThreadEventExecutor$4.run(SingleThreadEventExecutor.java:997) ~[netty-common-4.1.82.Final.jar:?]
	at io.netty.util.internal.ThreadExecutorMap$2.run(ThreadExecutorMap.java:74) ~[netty-common-4.1.82.Final.jar:?]
	at java.lang.Thread.run(Thread.java:840) ~[?:?]
Caused by: java.lang.IndexOutOfBoundsException: Index 3 out of bounds for length 1
	at jdk.internal.util.Preconditions.outOfBounds(Preconditions.java:64) ~[?:?]
	at jdk.internal.util.Preconditions.outOfBoundsCheckIndex(Preconditions.java:70) ~[?:?]
	at jdk.internal.util.Preconditions.checkIndex(Preconditions.java:266) ~[?:?]
	at java.util.Objects.checkIndex(Objects.java:361) ~[?:?]
	at java.util.ArrayList.get(ArrayList.java:427) ~[?:?]
	at net.minecraft.network.NetworkState$PacketHandler.createPacket(NetworkState.java:458) ~[server-intermediary.jar:?]
	at net.minecraft.network.NetworkState.getPacketHandler(NetworkState.java:522) ~[server-intermediary.jar:?]
	at net.minecraft.network.DecoderHandler.decode(DecoderHandler.java:32) ~[server-intermediary.jar:?]
	at io.netty.handler.codec.ByteToMessageDecoder.decodeRemovalReentryProtection(ByteToMessageDecoder.java:519) ~[netty-codec-4.1.82.Final.jar:?]
	at io.netty.handler.codec.ByteToMessageDecoder.callDecode(ByteToMessageDecoder.java:458) ~[netty-codec-4.1.82.Final.jar:?]
	... 29 more
[01:33:17] [Netty Epoll Server IO #7/ERROR]: Exception occurred in netty pipeline
io.netty.handler.codec.DecoderException: java.lang.IndexOutOfBoundsException: Index 3 out of bounds for length 1
	at io.netty.handler.codec.ByteToMessageDecoder.callDecode(ByteToMessageDecoder.java:489) ~[netty-codec-4.1.82.Final.jar:?]
	at io.netty.handler.codec.ByteToMessageDecoder.channelRead(ByteToMessageDecoder.java:280) ~[netty-codec-4.1.82.Final.jar:?]
	at io.netty.channel.AbstractChannelHandlerContext.invokeChannelRead(AbstractChannelHandlerContext.java:379) ~[netty-transport-4.1.82.Final.jar:?]
	at io.netty.channel.AbstractChannelHandlerContext.invokeChannelRead(AbstractChannelHandlerContext.java:365) ~[netty-transport-4.1.82.Final.jar:?]
	at io.netty.channel.AbstractChannelHandlerContext.fireChannelRead(AbstractChannelHandlerContext.java:357) ~[netty-transport-4.1.82.Final.jar:?]
	at io.netty.handler.codec.ByteToMessageDecoder.fireChannelRead(ByteToMessageDecoder.java:336) ~[netty-codec-4.1.82.Final.jar:?]
	at io.netty.handler.codec.ByteToMessageDecoder.fireChannelRead(ByteToMessageDecoder.java:323) ~[netty-codec-4.1.82.Final.jar:?]
	at io.netty.handler.codec.ByteToMessageDecoder.callDecode(ByteToMessageDecoder.java:444) ~[netty-codec-4.1.82.Final.jar:?]
	at io.netty.handler.codec.ByteToMessageDecoder.channelRead(ByteToMessageDecoder.java:280) ~[netty-codec-4.1.82.Final.jar:?]
	at io.netty.channel.AbstractChannelHandlerContext.invokeChannelRead(AbstractChannelHandlerContext.java:379) ~[netty-transport-4.1.82.Final.jar:?]
	at io.netty.channel.AbstractChannelHandlerContext.invokeChannelRead(AbstractChannelHandlerContext.java:365) ~[netty-transport-4.1.82.Final.jar:?]
	at io.netty.channel.AbstractChannelHandlerContext.fireChannelRead(AbstractChannelHandlerContext.java:357) ~[netty-transport-4.1.82.Final.jar:?]
	at net.minecraft.network.LegacyQueryHandler.channelRead(LegacyQueryHandler.java:95) ~[server-intermediary.jar:?]
	at io.netty.channel.AbstractChannelHandlerContext.invokeChannelRead(AbstractChannelHandlerContext.java:379) ~[netty-transport-4.1.82.Final.jar:?]
	at io.netty.channel.AbstractChannelHandlerContext.invokeChannelRead(AbstractChannelHandlerContext.java:365) ~[netty-transport-4.1.82.Final.jar:?]
	at io.netty.channel.AbstractChannelHandlerContext.fireChannelRead(AbstractChannelHandlerContext.java:357) ~[netty-transport-4.1.82.Final.jar:?]
	at io.netty.handler.timeout.IdleStateHandler.channelRead(IdleStateHandler.java:286) ~[netty-handler-4.1.82.Final.jar:?]
	at io.netty.channel.AbstractChannelHandlerContext.invokeChannelRead(AbstractChannelHandlerContext.java:379) ~[netty-transport-4.1.82.Final.jar:?]
	at io.netty.channel.AbstractChannelHandlerContext.invokeChannelRead(AbstractChannelHandlerContext.java:365) ~[netty-transport-4.1.82.Final.jar:?]
	at io.netty.channel.AbstractChannelHandlerContext.fireChannelRead(AbstractChannelHandlerContext.java:357) ~[netty-transport-4.1.82.Final.jar:?]
	at io.netty.channel.DefaultChannelPipeline$HeadContext.channelRead(DefaultChannelPipeline.java:1410) ~[netty-transport-4.1.82.Final.jar:?]
	at io.netty.channel.AbstractChannelHandlerContext.invokeChannelRead(AbstractChannelHandlerContext.java:379) ~[netty-transport-4.1.82.Final.jar:?]
	at io.netty.channel.AbstractChannelHandlerContext.invokeChannelRead(AbstractChannelHandlerContext.java:365) ~[netty-transport-4.1.82.Final.jar:?]
	at io.netty.channel.DefaultChannelPipeline.fireChannelRead(DefaultChannelPipeline.java:919) ~[netty-transport-4.1.82.Final.jar:?]
	at io.netty.channel.epoll.AbstractEpollStreamChannel$EpollStreamUnsafe.epollInReady(AbstractEpollStreamChannel.java:800) ~[netty-transport-classes-epoll-4.1.82.Final.jar:?]
	at io.netty.channel.epoll.EpollEventLoop.processReady(EpollEventLoop.java:499) ~[netty-transport-classes-epoll-4.1.82.Final.jar:?]
	at io.netty.channel.epoll.EpollEventLoop.run(EpollEventLoop.java:397) ~[netty-transport-classes-epoll-4.1.82.Final.jar:?]
	at io.netty.util.concurrent.SingleThreadEventExecutor$4.run(SingleThreadEventExecutor.java:997) ~[netty-common-4.1.82.Final.jar:?]
	at io.netty.util.internal.ThreadExecutorMap$2.run(ThreadExecutorMap.java:74) ~[netty-common-4.1.82.Final.jar:?]
	at java.lang.Thread.run(Thread.java:840) ~[?:?]
Caused by: java.lang.IndexOutOfBoundsException: Index 3 out of bounds for length 1
	at jdk.internal.util.Preconditions.outOfBounds(Preconditions.java:64) ~[?:?]
	at jdk.internal.util.Preconditions.outOfBoundsCheckIndex(Preconditions.java:70) ~[?:?]
	at jdk.internal.util.Preconditions.checkIndex(Preconditions.java:266) ~[?:?]
	at java.util.Objects.checkIndex(Objects.java:361) ~[?:?]
	at java.util.ArrayList.get(ArrayList.java:427) ~[?:?]
	at net.minecraft.network.NetworkState$PacketHandler.createPacket(NetworkState.java:458) ~[server-intermediary.jar:?]
	at net.minecraft.network.NetworkState.getPacketHandler(NetworkState.java:522) ~[server-intermediary.jar:?]
	at net.minecraft.network.DecoderHandler.decode(DecoderHandler.java:32) ~[server-intermediary.jar:?]
	at io.netty.handler.codec.ByteToMessageDecoder.decodeRemovalReentryProtection(ByteToMessageDecoder.java:519) ~[netty-codec-4.1.82.Final.jar:?]
	at io.netty.handler.codec.ByteToMessageDecoder.callDecode(ByteToMessageDecoder.java:458) ~[netty-codec-4.1.82.Final.jar:?]
	... 29 more
[01:33:17] [Netty Epoll Server IO #0/ERROR]: Exception occurred in netty pipeline
io.netty.handler.codec.DecoderException: java.lang.IndexOutOfBoundsException: Index 3 out of bounds for length 1
	at io.netty.handler.codec.ByteToMessageDecoder.callDecode(ByteToMessageDecoder.java:489) ~[netty-codec-4.1.82.Final.jar:?]
	at io.netty.handler.codec.ByteToMessageDecoder.channelRead(ByteToMessageDecoder.java:280) ~[netty-codec-4.1.82.Final.jar:?]
	at io.netty.channel.AbstractChannelHandlerContext.invokeChannelRead(AbstractChannelHandlerContext.java:379) ~[netty-transport-4.1.82.Final.jar:?]
	at io.netty.channel.AbstractChannelHandlerContext.invokeChannelRead(AbstractChannelHandlerContext.java:365) ~[netty-transport-4.1.82.Final.jar:?]
	at io.netty.channel.AbstractChannelHandlerContext.fireChannelRead(AbstractChannelHandlerContext.java:357) ~[netty-transport-4.1.82.Final.jar:?]
	at io.netty.handler.codec.ByteToMessageDecoder.fireChannelRead(ByteToMessageDecoder.java:336) ~[netty-codec-4.1.82.Final.jar:?]
	at io.netty.handler.codec.ByteToMessageDecoder.fireChannelRead(ByteToMessageDecoder.java:323) ~[netty-codec-4.1.82.Final.jar:?]
	at io.netty.handler.codec.ByteToMessageDecoder.callDecode(ByteToMessageDecoder.java:444) ~[netty-codec-4.1.82.Final.jar:?]
	at io.netty.handler.codec.ByteToMessageDecoder.channelRead(ByteToMessageDecoder.java:280) ~[netty-codec-4.1.82.Final.jar:?]
	at io.netty.channel.AbstractChannelHandlerContext.invokeChannelRead(AbstractChannelHandlerContext.java:379) ~[netty-transport-4.1.82.Final.jar:?]
	at io.netty.channel.AbstractChannelHandlerContext.invokeChannelRead(AbstractChannelHandlerContext.java:365) ~[netty-transport-4.1.82.Final.jar:?]
	at io.netty.channel.AbstractChannelHandlerContext.fireChannelRead(AbstractChannelHandlerContext.java:357) ~[netty-transport-4.1.82.Final.jar:?]
	at net.minecraft.network.LegacyQueryHandler.channelRead(LegacyQueryHandler.java:95) ~[server-intermediary.jar:?]
	at io.netty.channel.AbstractChannelHandlerContext.invokeChannelRead(AbstractChannelHandlerContext.java:379) ~[netty-transport-4.1.82.Final.jar:?]
	at io.netty.channel.AbstractChannelHandlerContext.invokeChannelRead(AbstractChannelHandlerContext.java:365) ~[netty-transport-4.1.82.Final.jar:?]
	at io.netty.channel.AbstractChannelHandlerContext.fireChannelRead(AbstractChannelHandlerContext.java:357) ~[netty-transport-4.1.82.Final.jar:?]
	at io.netty.handler.timeout.IdleStateHandler.channelRead(IdleStateHandler.java:286) ~[netty-handler-4.1.82.Final.jar:?]
	at io.netty.channel.AbstractChannelHandlerContext.invokeChannelRead(AbstractChannelHandlerContext.java:379) ~[netty-transport-4.1.82.Final.jar:?]
	at io.netty.channel.AbstractChannelHandlerContext.invokeChannelRead(AbstractChannelHandlerContext.java:365) ~[netty-transport-4.1.82.Final.jar:?]
	at io.netty.channel.AbstractChannelHandlerContext.fireChannelRead(AbstractChannelHandlerContext.java:357) ~[netty-transport-4.1.82.Final.jar:?]
	at io.netty.channel.DefaultChannelPipeline$HeadContext.channelRead(DefaultChannelPipeline.java:1410) ~[netty-transport-4.1.82.Final.jar:?]
	at io.netty.channel.AbstractChannelHandlerContext.invokeChannelRead(AbstractChannelHandlerContext.java:379) ~[netty-transport-4.1.82.Final.jar:?]
	at io.netty.channel.AbstractChannelHandlerContext.invokeChannelRead(AbstractChannelHandlerContext.java:365) ~[netty-transport-4.1.82.Final.jar:?]
	at io.netty.channel.DefaultChannelPipeline.fireChannelRead(DefaultChannelPipeline.java:919) ~[netty-transport-4.1.82.Final.jar:?]
	at io.netty.channel.epoll.AbstractEpollStreamChannel$EpollStreamUnsafe.epollInReady(AbstractEpollStreamChannel.java:800) ~[netty-transport-classes-epoll-4.1.82.Final.jar:?]
	at io.netty.channel.epoll.EpollEventLoop.processReady(EpollEventLoop.java:499) ~[netty-transport-classes-epoll-4.1.82.Final.jar:?]
	at io.netty.channel.epoll.EpollEventLoop.run(EpollEventLoop.java:397) ~[netty-transport-classes-epoll-4.1.82.Final.jar:?]
	at io.netty.util.concurrent.SingleThreadEventExecutor$4.run(SingleThreadEventExecutor.java:997) ~[netty-common-4.1.82.Final.jar:?]
	at io.netty.util.internal.ThreadExecutorMap$2.run(ThreadExecutorMap.java:74) ~[netty-common-4.1.82.Final.jar:?]
	at java.lang.Thread.run(Thread.java:840) ~[?:?]
Caused by: java.lang.IndexOutOfBoundsException: Index 3 out of bounds for length 1
	at jdk.internal.util.Preconditions.outOfBounds(Preconditions.java:64) ~[?:?]
	at jdk.internal.util.Preconditions.outOfBoundsCheckIndex(Preconditions.java:70) ~[?:?]
	at jdk.internal.util.Preconditions.checkIndex(Preconditions.java:266) ~[?:?]
	at java.util.Objects.checkIndex(Objects.java:361) ~[?:?]
	at java.util.ArrayList.get(ArrayList.java:427) ~[?:?]
	at net.minecraft.network.NetworkState$PacketHandler.createPacket(NetworkState.java:458) ~[server-intermediary.jar:?]
	at net.minecraft.network.NetworkState.getPacketHandler(NetworkState.java:522) ~[server-intermediary.jar:?]
	at net.minecraft.network.DecoderHandler.decode(DecoderHandler.java:32) ~[server-intermediary.jar:?]
	at io.netty.handler.codec.ByteToMessageDecoder.decodeRemovalReentryProtection(ByteToMessageDecoder.java:519) ~[netty-codec-4.1.82.Final.jar:?]
	at io.netty.handler.codec.ByteToMessageDecoder.callDecode(ByteToMessageDecoder.java:458) ~[netty-codec-4.1.82.Final.jar:?]
	... 29 more
[01:33:19] [Netty Epoll Server IO #2/ERROR]: Exception occurred in netty pipeline
io.netty.handler.codec.DecoderException: java.lang.IndexOutOfBoundsException: Index 3 out of bounds for length 1
	at io.netty.handler.codec.ByteToMessageDecoder.callDecode(ByteToMessageDecoder.java:489) ~[netty-codec-4.1.82.Final.jar:?]
	at io.netty.handler.codec.ByteToMessageDecoder.channelRead(ByteToMessageDecoder.java:280) ~[netty-codec-4.1.82.Final.jar:?]
	at io.netty.channel.AbstractChannelHandlerContext.invokeChannelRead(AbstractChannelHandlerContext.java:379) ~[netty-transport-4.1.82.Final.jar:?]
	at io.netty.channel.AbstractChannelHandlerContext.invokeChannelRead(AbstractChannelHandlerContext.java:365) ~[netty-transport-4.1.82.Final.jar:?]
	at io.netty.channel.AbstractChannelHandlerContext.fireChannelRead(AbstractChannelHandlerContext.java:357) ~[netty-transport-4.1.82.Final.jar:?]
	at io.netty.handler.codec.ByteToMessageDecoder.fireChannelRead(ByteToMessageDecoder.java:336) ~[netty-codec-4.1.82.Final.jar:?]
	at io.netty.handler.codec.ByteToMessageDecoder.fireChannelRead(ByteToMessageDecoder.java:323) ~[netty-codec-4.1.82.Final.jar:?]
	at io.netty.handler.codec.ByteToMessageDecoder.callDecode(ByteToMessageDecoder.java:444) ~[netty-codec-4.1.82.Final.jar:?]
	at io.netty.handler.codec.ByteToMessageDecoder.channelRead(ByteToMessageDecoder.java:280) ~[netty-codec-4.1.82.Final.jar:?]
	at io.netty.channel.AbstractChannelHandlerContext.invokeChannelRead(AbstractChannelHandlerContext.java:379) ~[netty-transport-4.1.82.Final.jar:?]
	at io.netty.channel.AbstractChannelHandlerContext.invokeChannelRead(AbstractChannelHandlerContext.java:365) ~[netty-transport-4.1.82.Final.jar:?]
	at io.netty.channel.AbstractChannelHandlerContext.fireChannelRead(AbstractChannelHandlerContext.java:357) ~[netty-transport-4.1.82.Final.jar:?]
	at net.minecraft.network.LegacyQueryHandler.channelRead(LegacyQueryHandler.java:95) ~[server-intermediary.jar:?]
	at io.netty.channel.AbstractChannelHandlerContext.invokeChannelRead(AbstractChannelHandlerContext.java:379) ~[netty-transport-4.1.82.Final.jar:?]
	at io.netty.channel.AbstractChannelHandlerContext.invokeChannelRead(AbstractChannelHandlerContext.java:365) ~[netty-transport-4.1.82.Final.jar:?]
	at io.netty.channel.AbstractChannelHandlerContext.fireChannelRead(AbstractChannelHandlerContext.java:357) ~[netty-transport-4.1.82.Final.jar:?]
	at io.netty.handler.timeout.IdleStateHandler.channelRead(IdleStateHandler.java:286) ~[netty-handler-4.1.82.Final.jar:?]
	at io.netty.channel.AbstractChannelHandlerContext.invokeChannelRead(AbstractChannelHandlerContext.java:379) ~[netty-transport-4.1.82.Final.jar:?]
	at io.netty.channel.AbstractChannelHandlerContext.invokeChannelRead(AbstractChannelHandlerContext.java:365) ~[netty-transport-4.1.82.Final.jar:?]
	at io.netty.channel.AbstractChannelHandlerContext.fireChannelRead(AbstractChannelHandlerContext.java:357) ~[netty-transport-4.1.82.Final.jar:?]
	at io.netty.channel.DefaultChannelPipeline$HeadContext.channelRead(DefaultChannelPipeline.java:1410) ~[netty-transport-4.1.82.Final.jar:?]
	at io.netty.channel.AbstractChannelHandlerContext.invokeChannelRead(AbstractChannelHandlerContext.java:379) ~[netty-transport-4.1.82.Final.jar:?]
	at io.netty.channel.AbstractChannelHandlerContext.invokeChannelRead(AbstractChannelHandlerContext.java:365) ~[netty-transport-4.1.82.Final.jar:?]
	at io.netty.channel.DefaultChannelPipeline.fireChannelRead(DefaultChannelPipeline.java:919) ~[netty-transport-4.1.82.Final.jar:?]
	at io.netty.channel.epoll.AbstractEpollStreamChannel$EpollStreamUnsafe.epollInReady(AbstractEpollStreamChannel.java:800) ~[netty-transport-classes-epoll-4.1.82.Final.jar:?]
	at io.netty.channel.epoll.EpollEventLoop.processReady(EpollEventLoop.java:499) ~[netty-transport-classes-epoll-4.1.82.Final.jar:?]
	at io.netty.channel.epoll.EpollEventLoop.run(EpollEventLoop.java:397) ~[netty-transport-classes-epoll-4.1.82.Final.jar:?]
	at io.netty.util.concurrent.SingleThreadEventExecutor$4.run(SingleThreadEventExecutor.java:997) ~[netty-common-4.1.82.Final.jar:?]
	at io.netty.util.internal.ThreadExecutorMap$2.run(ThreadExecutorMap.java:74) ~[netty-common-4.1.82.Final.jar:?]
	at java.lang.Thread.run(Thread.java:840) ~[?:?]
Caused by: java.lang.IndexOutOfBoundsException: Index 3 out of bounds for length 1
	at jdk.internal.util.Preconditions.outOfBounds(Preconditions.java:64) ~[?:?]
	at jdk.internal.util.Preconditions.outOfBoundsCheckIndex(Preconditions.java:70) ~[?:?]
	at jdk.internal.util.Preconditions.checkIndex(Preconditions.java:266) ~[?:?]
	at java.util.Objects.checkIndex(Objects.java:361) ~[?:?]
	at java.util.ArrayList.get(ArrayList.java:427) ~[?:?]
	at net.minecraft.network.NetworkState$PacketHandler.createPacket(NetworkState.java:458) ~[server-intermediary.jar:?]
	at net.minecraft.network.NetworkState.getPacketHandler(NetworkState.java:522) ~[server-intermediary.jar:?]
	at net.minecraft.network.DecoderHandler.decode(DecoderHandler.java:32) ~[server-intermediary.jar:?]
	at io.netty.handler.codec.ByteToMessageDecoder.decodeRemovalReentryProtection(ByteToMessageDecoder.java:519) ~[netty-codec-4.1.82.Final.jar:?]
	at io.netty.handler.codec.ByteToMessageDecoder.callDecode(ByteToMessageDecoder.java:458) ~[netty-codec-4.1.82.Final.jar:?]
	... 29 more
[01:33:19] [Netty Epoll Server IO #1/ERROR]: Exception occurred in netty pipeline
io.netty.handler.codec.DecoderException: java.lang.IndexOutOfBoundsException: Index 3 out of bounds for length 1
	at io.netty.handler.codec.ByteToMessageDecoder.callDecode(ByteToMessageDecoder.java:489) ~[netty-codec-4.1.82.Final.jar:?]
	at io.netty.handler.codec.ByteToMessageDecoder.channelRead(ByteToMessageDecoder.java:280) ~[netty-codec-4.1.82.Final.jar:?]
	at io.netty.channel.AbstractChannelHandlerContext.invokeChannelRead(AbstractChannelHandlerContext.java:379) ~[netty-transport-4.1.82.Final.jar:?]
	at io.netty.channel.AbstractChannelHandlerContext.invokeChannelRead(AbstractChannelHandlerContext.java:365) ~[netty-transport-4.1.82.Final.jar:?]
	at io.netty.channel.AbstractChannelHandlerContext.fireChannelRead(AbstractChannelHandlerContext.java:357) ~[netty-transport-4.1.82.Final.jar:?]
	at io.netty.handler.codec.ByteToMessageDecoder.fireChannelRead(ByteToMessageDecoder.java:336) ~[netty-codec-4.1.82.Final.jar:?]
	at io.netty.handler.codec.ByteToMessageDecoder.fireChannelRead(ByteToMessageDecoder.java:323) ~[netty-codec-4.1.82.Final.jar:?]
	at io.netty.handler.codec.ByteToMessageDecoder.callDecode(ByteToMessageDecoder.java:444) ~[netty-codec-4.1.82.Final.jar:?]
	at io.netty.handler.codec.ByteToMessageDecoder.channelRead(ByteToMessageDecoder.java:280) ~[netty-codec-4.1.82.Final.jar:?]
	at io.netty.channel.AbstractChannelHandlerContext.invokeChannelRead(AbstractChannelHandlerContext.java:379) ~[netty-transport-4.1.82.Final.jar:?]
	at io.netty.channel.AbstractChannelHandlerContext.invokeChannelRead(AbstractChannelHandlerContext.java:365) ~[netty-transport-4.1.82.Final.jar:?]
	at io.netty.channel.AbstractChannelHandlerContext.fireChannelRead(AbstractChannelHandlerContext.java:357) ~[netty-transport-4.1.82.Final.jar:?]
	at net.minecraft.network.LegacyQueryHandler.channelRead(LegacyQueryHandler.java:95) ~[server-intermediary.jar:?]
	at io.netty.channel.AbstractChannelHandlerContext.invokeChannelRead(AbstractChannelHandlerContext.java:379) ~[netty-transport-4.1.82.Final.jar:?]
	at io.netty.channel.AbstractChannelHandlerContext.invokeChannelRead(AbstractChannelHandlerContext.java:365) ~[netty-transport-4.1.82.Final.jar:?]
	at io.netty.channel.AbstractChannelHandlerContext.fireChannelRead(AbstractChannelHandlerContext.java:357) ~[netty-transport-4.1.82.Final.jar:?]
	at io.netty.handler.timeout.IdleStateHandler.channelRead(IdleStateHandler.java:286) ~[netty-handler-4.1.82.Final.jar:?]
	at io.netty.channel.AbstractChannelHandlerContext.invokeChannelRead(AbstractChannelHandlerContext.java:379) ~[netty-transport-4.1.82.Final.jar:?]
	at io.netty.channel.AbstractChannelHandlerContext.invokeChannelRead(AbstractChannelHandlerContext.java:365) ~[netty-transport-4.1.82.Final.jar:?]
	at io.netty.channel.AbstractChannelHandlerContext.fireChannelRead(AbstractChannelHandlerContext.java:357) ~[netty-transport-4.1.82.Final.jar:?]
	at io.netty.channel.DefaultChannelPipeline$HeadContext.channelRead(DefaultChannelPipeline.java:1410) ~[netty-transport-4.1.82.Final.jar:?]
	at io.netty.channel.AbstractChannelHandlerContext.invokeChannelRead(AbstractChannelHandlerContext.java:379) ~[netty-transport-4.1.82.Final.jar:?]
	at io.netty.channel.AbstractChannelHandlerContext.invokeChannelRead(AbstractChannelHandlerContext.java:365) ~[netty-transport-4.1.82.Final.jar:?]
	at io.netty.channel.DefaultChannelPipeline.fireChannelRead(DefaultChannelPipeline.java:919) ~[netty-transport-4.1.82.Final.jar:?]
	at io.netty.channel.epoll.AbstractEpollStreamChannel$EpollStreamUnsafe.epollInReady(AbstractEpollStreamChannel.java:800) ~[netty-transport-classes-epoll-4.1.82.Final.jar:?]
	at io.netty.channel.epoll.EpollEventLoop.processReady(EpollEventLoop.java:499) ~[netty-transport-classes-epoll-4.1.82.Final.jar:?]
	at io.netty.channel.epoll.EpollEventLoop.run(EpollEventLoop.java:397) ~[netty-transport-classes-epoll-4.1.82.Final.jar:?]
	at io.netty.util.concurrent.SingleThreadEventExecutor$4.run(SingleThreadEventExecutor.java:997) ~[netty-common-4.1.82.Final.jar:?]
	at io.netty.util.internal.ThreadExecutorMap$2.run(ThreadExecutorMap.java:74) ~[netty-common-4.1.82.Final.jar:?]
	at java.lang.Thread.run(Thread.java:840) ~[?:?]
Caused by: java.lang.IndexOutOfBoundsException: Index 3 out of bounds for length 1
	at jdk.internal.util.Preconditions.outOfBounds(Preconditions.java:64) ~[?:?]
	at jdk.internal.util.Preconditions.outOfBoundsCheckIndex(Preconditions.java:70) ~[?:?]
	at jdk.internal.util.Preconditions.checkIndex(Preconditions.java:266) ~[?:?]
	at java.util.Objects.checkIndex(Objects.java:361) ~[?:?]
	at java.util.ArrayList.get(ArrayList.java:427) ~[?:?]
	at net.minecraft.network.NetworkState$PacketHandler.createPacket(NetworkState.java:458) ~[server-intermediary.jar:?]
	at net.minecraft.network.NetworkState.getPacketHandler(NetworkState.java:522) ~[server-intermediary.jar:?]
	at net.minecraft.network.DecoderHandler.decode(DecoderHandler.java:32) ~[server-intermediary.jar:?]
	at io.netty.handler.codec.ByteToMessageDecoder.decodeRemovalReentryProtection(ByteToMessageDecoder.java:519) ~[netty-codec-4.1.82.Final.jar:?]
	at io.netty.handler.codec.ByteToMessageDecoder.callDecode(ByteToMessageDecoder.java:458) ~[netty-codec-4.1.82.Final.jar:?]
	... 29 more
[01:33:20] [Netty Epoll Server IO #4/ERROR]: Exception occurred in netty pipeline
io.netty.handler.codec.DecoderException: java.lang.IndexOutOfBoundsException: Index 3 out of bounds for length 1
	at io.netty.handler.codec.ByteToMessageDecoder.callDecode(ByteToMessageDecoder.java:489) ~[netty-codec-4.1.82.Final.jar:?]
	at io.netty.handler.codec.ByteToMessageDecoder.channelRead(ByteToMessageDecoder.java:280) ~[netty-codec-4.1.82.Final.jar:?]
	at io.netty.channel.AbstractChannelHandlerContext.invokeChannelRead(AbstractChannelHandlerContext.java:379) ~[netty-transport-4.1.82.Final.jar:?]
	at io.netty.channel.AbstractChannelHandlerContext.invokeChannelRead(AbstractChannelHandlerContext.java:365) ~[netty-transport-4.1.82.Final.jar:?]
	at io.netty.channel.AbstractChannelHandlerContext.fireChannelRead(AbstractChannelHandlerContext.java:357) ~[netty-transport-4.1.82.Final.jar:?]
	at io.netty.handler.codec.ByteToMessageDecoder.fireChannelRead(ByteToMessageDecoder.java:336) ~[netty-codec-4.1.82.Final.jar:?]
	at io.netty.handler.codec.ByteToMessageDecoder.fireChannelRead(ByteToMessageDecoder.java:323) ~[netty-codec-4.1.82.Final.jar:?]
	at io.netty.handler.codec.ByteToMessageDecoder.callDecode(ByteToMessageDecoder.java:444) ~[netty-codec-4.1.82.Final.jar:?]
	at io.netty.handler.codec.ByteToMessageDecoder.channelRead(ByteToMessageDecoder.java:280) ~[netty-codec-4.1.82.Final.jar:?]
	at io.netty.channel.AbstractChannelHandlerContext.invokeChannelRead(AbstractChannelHandlerContext.java:379) ~[netty-transport-4.1.82.Final.jar:?]
	at io.netty.channel.AbstractChannelHandlerContext.invokeChannelRead(AbstractChannelHandlerContext.java:365) ~[netty-transport-4.1.82.Final.jar:?]
	at io.netty.channel.AbstractChannelHandlerContext.fireChannelRead(AbstractChannelHandlerContext.java:357) ~[netty-transport-4.1.82.Final.jar:?]
	at net.minecraft.network.LegacyQueryHandler.channelRead(LegacyQueryHandler.java:95) ~[server-intermediary.jar:?]
	at io.netty.channel.AbstractChannelHandlerContext.invokeChannelRead(AbstractChannelHandlerContext.java:379) ~[netty-transport-4.1.82.Final.jar:?]
	at io.netty.channel.AbstractChannelHandlerContext.invokeChannelRead(AbstractChannelHandlerContext.java:365) ~[netty-transport-4.1.82.Final.jar:?]
	at io.netty.channel.AbstractChannelHandlerContext.fireChannelRead(AbstractChannelHandlerContext.java:357) ~[netty-transport-4.1.82.Final.jar:?]
	at io.netty.handler.timeout.IdleStateHandler.channelRead(IdleStateHandler.java:286) ~[netty-handler-4.1.82.Final.jar:?]
	at io.netty.channel.AbstractChannelHandlerContext.invokeChannelRead(AbstractChannelHandlerContext.java:379) ~[netty-transport-4.1.82.Final.jar:?]
	at io.netty.channel.AbstractChannelHandlerContext.invokeChannelRead(AbstractChannelHandlerContext.java:365) ~[netty-transport-4.1.82.Final.jar:?]
	at io.netty.channel.AbstractChannelHandlerContext.fireChannelRead(AbstractChannelHandlerContext.java:357) ~[netty-transport-4.1.82.Final.jar:?]
	at io.netty.channel.DefaultChannelPipeline$HeadContext.channelRead(DefaultChannelPipeline.java:1410) ~[netty-transport-4.1.82.Final.jar:?]
	at io.netty.channel.AbstractChannelHandlerContext.invokeChannelRead(AbstractChannelHandlerContext.java:379) ~[netty-transport-4.1.82.Final.jar:?]
	at io.netty.channel.AbstractChannelHandlerContext.invokeChannelRead(AbstractChannelHandlerContext.java:365) ~[netty-transport-4.1.82.Final.jar:?]
	at io.netty.channel.DefaultChannelPipeline.fireChannelRead(DefaultChannelPipeline.java:919) ~[netty-transport-4.1.82.Final.jar:?]
	at io.netty.channel.epoll.AbstractEpollStreamChannel$EpollStreamUnsafe.epollInReady(AbstractEpollStreamChannel.java:800) ~[netty-transport-classes-epoll-4.1.82.Final.jar:?]
	at io.netty.channel.epoll.EpollEventLoop.processReady(EpollEventLoop.java:499) ~[netty-transport-classes-epoll-4.1.82.Final.jar:?]
	at io.netty.channel.epoll.EpollEventLoop.run(EpollEventLoop.java:397) ~[netty-transport-classes-epoll-4.1.82.Final.jar:?]
	at io.netty.util.concurrent.SingleThreadEventExecutor$4.run(SingleThreadEventExecutor.java:997) ~[netty-common-4.1.82.Final.jar:?]
	at io.netty.util.internal.ThreadExecutorMap$2.run(ThreadExecutorMap.java:74) ~[netty-common-4.1.82.Final.jar:?]
	at java.lang.Thread.run(Thread.java:840) ~[?:?]
Caused by: java.lang.IndexOutOfBoundsException: Index 3 out of bounds for length 1
	at jdk.internal.util.Preconditions.outOfBounds(Preconditions.java:64) ~[?:?]
	at jdk.internal.util.Preconditions.outOfBoundsCheckIndex(Preconditions.java:70) ~[?:?]
	at jdk.internal.util.Preconditions.checkIndex(Preconditions.java:266) ~[?:?]
	at java.util.Objects.checkIndex(Objects.java:361) ~[?:?]
	at java.util.ArrayList.get(ArrayList.java:427) ~[?:?]
	at net.minecraft.network.NetworkState$PacketHandler.createPacket(NetworkState.java:458) ~[server-intermediary.jar:?]
	at net.minecraft.network.NetworkState.getPacketHandler(NetworkState.java:522) ~[server-intermediary.jar:?]
	at net.minecraft.network.DecoderHandler.decode(DecoderHandler.java:32) ~[server-intermediary.jar:?]
	at io.netty.handler.codec.ByteToMessageDecoder.decodeRemovalReentryProtection(ByteToMessageDecoder.java:519) ~[netty-codec-4.1.82.Final.jar:?]
	at io.netty.handler.codec.ByteToMessageDecoder.callDecode(ByteToMessageDecoder.java:458) ~[netty-codec-4.1.82.Final.jar:?]
	... 29 more
[01:33:20] [Netty Epoll Server IO #3/ERROR]: Exception occurred in netty pipeline
io.netty.handler.codec.DecoderException: java.lang.IndexOutOfBoundsException: Index 3 out of bounds for length 1
	at io.netty.handler.codec.ByteToMessageDecoder.callDecode(ByteToMessageDecoder.java:489) ~[netty-codec-4.1.82.Final.jar:?]
	at io.netty.handler.codec.ByteToMessageDecoder.channelRead(ByteToMessageDecoder.java:280) ~[netty-codec-4.1.82.Final.jar:?]
	at io.netty.channel.AbstractChannelHandlerContext.invokeChannelRead(AbstractChannelHandlerContext.java:379) ~[netty-transport-4.1.82.Final.jar:?]
	at io.netty.channel.AbstractChannelHandlerContext.invokeChannelRead(AbstractChannelHandlerContext.java:365) ~[netty-transport-4.1.82.Final.jar:?]
	at io.netty.channel.AbstractChannelHandlerContext.fireChannelRead(AbstractChannelHandlerContext.java:357) ~[netty-transport-4.1.82.Final.jar:?]
	at io.netty.handler.codec.ByteToMessageDecoder.fireChannelRead(ByteToMessageDecoder.java:336) ~[netty-codec-4.1.82.Final.jar:?]
	at io.netty.handler.codec.ByteToMessageDecoder.fireChannelRead(ByteToMessageDecoder.java:323) ~[netty-codec-4.1.82.Final.jar:?]
	at io.netty.handler.codec.ByteToMessageDecoder.callDecode(ByteToMessageDecoder.java:444) ~[netty-codec-4.1.82.Final.jar:?]
	at io.netty.handler.codec.ByteToMessageDecoder.channelRead(ByteToMessageDecoder.java:280) ~[netty-codec-4.1.82.Final.jar:?]
	at io.netty.channel.AbstractChannelHandlerContext.invokeChannelRead(AbstractChannelHandlerContext.java:379) ~[netty-transport-4.1.82.Final.jar:?]
	at io.netty.channel.AbstractChannelHandlerContext.invokeChannelRead(AbstractChannelHandlerContext.java:365) ~[netty-transport-4.1.82.Final.jar:?]
	at io.netty.channel.AbstractChannelHandlerContext.fireChannelRead(AbstractChannelHandlerContext.java:357) ~[netty-transport-4.1.82.Final.jar:?]
	at net.minecraft.network.LegacyQueryHandler.channelRead(LegacyQueryHandler.java:95) ~[server-intermediary.jar:?]
	at io.netty.channel.AbstractChannelHandlerContext.invokeChannelRead(AbstractChannelHandlerContext.java:379) ~[netty-transport-4.1.82.Final.jar:?]
	at io.netty.channel.AbstractChannelHandlerContext.invokeChannelRead(AbstractChannelHandlerContext.java:365) ~[netty-transport-4.1.82.Final.jar:?]
	at io.netty.channel.AbstractChannelHandlerContext.fireChannelRead(AbstractChannelHandlerContext.java:357) ~[netty-transport-4.1.82.Final.jar:?]
	at io.netty.handler.timeout.IdleStateHandler.channelRead(IdleStateHandler.java:286) ~[netty-handler-4.1.82.Final.jar:?]
	at io.netty.channel.AbstractChannelHandlerContext.invokeChannelRead(AbstractChannelHandlerContext.java:379) ~[netty-transport-4.1.82.Final.jar:?]
	at io.netty.channel.AbstractChannelHandlerContext.invokeChannelRead(AbstractChannelHandlerContext.java:365) ~[netty-transport-4.1.82.Final.jar:?]
	at io.netty.channel.AbstractChannelHandlerContext.fireChannelRead(AbstractChannelHandlerContext.java:357) ~[netty-transport-4.1.82.Final.jar:?]
	at io.netty.channel.DefaultChannelPipeline$HeadContext.channelRead(DefaultChannelPipeline.java:1410) ~[netty-transport-4.1.82.Final.jar:?]
	at io.netty.channel.AbstractChannelHandlerContext.invokeChannelRead(AbstractChannelHandlerContext.java:379) ~[netty-transport-4.1.82.Final.jar:?]
	at io.netty.channel.AbstractChannelHandlerContext.invokeChannelRead(AbstractChannelHandlerContext.java:365) ~[netty-transport-4.1.82.Final.jar:?]
	at io.netty.channel.DefaultChannelPipeline.fireChannelRead(DefaultChannelPipeline.java:919) ~[netty-transport-4.1.82.Final.jar:?]
	at io.netty.channel.epoll.AbstractEpollStreamChannel$EpollStreamUnsafe.epollInReady(AbstractEpollStreamChannel.java:800) ~[netty-transport-classes-epoll-4.1.82.Final.jar:?]
	at io.netty.channel.epoll.EpollEventLoop.processReady(EpollEventLoop.java:499) ~[netty-transport-classes-epoll-4.1.82.Final.jar:?]
	at io.netty.channel.epoll.EpollEventLoop.run(EpollEventLoop.java:397) ~[netty-transport-classes-epoll-4.1.82.Final.jar:?]
	at io.netty.util.concurrent.SingleThreadEventExecutor$4.run(SingleThreadEventExecutor.java:997) ~[netty-common-4.1.82.Final.jar:?]
	at io.netty.util.internal.ThreadExecutorMap$2.run(ThreadExecutorMap.java:74) ~[netty-common-4.1.82.Final.jar:?]
	at java.lang.Thread.run(Thread.java:840) ~[?:?]
Caused by: java.lang.IndexOutOfBoundsException: Index 3 out of bounds for length 1
	at jdk.internal.util.Preconditions.outOfBounds(Preconditions.java:64) ~[?:?]
	at jdk.internal.util.Preconditions.outOfBoundsCheckIndex(Preconditions.java:70) ~[?:?]
	at jdk.internal.util.Preconditions.checkIndex(Preconditions.java:266) ~[?:?]
	at java.util.Objects.checkIndex(Objects.java:361) ~[?:?]
	at java.util.ArrayList.get(ArrayList.java:427) ~[?:?]
	at net.minecraft.network.NetworkState$PacketHandler.createPacket(NetworkState.java:458) ~[server-intermediary.jar:?]
	at net.minecraft.network.NetworkState.getPacketHandler(NetworkState.java:522) ~[server-intermediary.jar:?]
	at net.minecraft.network.DecoderHandler.decode(DecoderHandler.java:32) ~[server-intermediary.jar:?]
	at io.netty.handler.codec.ByteToMessageDecoder.decodeRemovalReentryProtection(ByteToMessageDecoder.java:519) ~[netty-codec-4.1.82.Final.jar:?]
	at io.netty.handler.codec.ByteToMessageDecoder.callDecode(ByteToMessageDecoder.java:458) ~[netty-codec-4.1.82.Final.jar:?]
	... 29 more
[01:33:20] [Netty Epoll Server IO #5/ERROR]: Exception occurred in netty pipeline
io.netty.handler.codec.DecoderException: java.lang.IndexOutOfBoundsException: Index 3 out of bounds for length 1
	at io.netty.handler.codec.ByteToMessageDecoder.callDecode(ByteToMessageDecoder.java:489) ~[netty-codec-4.1.82.Final.jar:?]
	at io.netty.handler.codec.ByteToMessageDecoder.channelRead(ByteToMessageDecoder.java:280) ~[netty-codec-4.1.82.Final.jar:?]
	at io.netty.channel.AbstractChannelHandlerContext.invokeChannelRead(AbstractChannelHandlerContext.java:379) ~[netty-transport-4.1.82.Final.jar:?]
	at io.netty.channel.AbstractChannelHandlerContext.invokeChannelRead(AbstractChannelHandlerContext.java:365) ~[netty-transport-4.1.82.Final.jar:?]
	at io.netty.channel.AbstractChannelHandlerContext.fireChannelRead(AbstractChannelHandlerContext.java:357) ~[netty-transport-4.1.82.Final.jar:?]
	at io.netty.handler.codec.ByteToMessageDecoder.fireChannelRead(ByteToMessageDecoder.java:336) ~[netty-codec-4.1.82.Final.jar:?]
	at io.netty.handler.codec.ByteToMessageDecoder.fireChannelRead(ByteToMessageDecoder.java:323) ~[netty-codec-4.1.82.Final.jar:?]
	at io.netty.handler.codec.ByteToMessageDecoder.callDecode(ByteToMessageDecoder.java:444) ~[netty-codec-4.1.82.Final.jar:?]
	at io.netty.handler.codec.ByteToMessageDecoder.channelRead(ByteToMessageDecoder.java:280) ~[netty-codec-4.1.82.Final.jar:?]
	at io.netty.channel.AbstractChannelHandlerContext.invokeChannelRead(AbstractChannelHandlerContext.java:379) ~[netty-transport-4.1.82.Final.jar:?]
	at io.netty.channel.AbstractChannelHandlerContext.invokeChannelRead(AbstractChannelHandlerContext.java:365) ~[netty-transport-4.1.82.Final.jar:?]
	at io.netty.channel.AbstractChannelHandlerContext.fireChannelRead(AbstractChannelHandlerContext.java:357) ~[netty-transport-4.1.82.Final.jar:?]
	at net.minecraft.network.LegacyQueryHandler.channelRead(LegacyQueryHandler.java:95) ~[server-intermediary.jar:?]
	at io.netty.channel.AbstractChannelHandlerContext.invokeChannelRead(AbstractChannelHandlerContext.java:379) ~[netty-transport-4.1.82.Final.jar:?]
	at io.netty.channel.AbstractChannelHandlerContext.invokeChannelRead(AbstractChannelHandlerContext.java:365) ~[netty-transport-4.1.82.Final.jar:?]
	at io.netty.channel.AbstractChannelHandlerContext.fireChannelRead(AbstractChannelHandlerContext.java:357) ~[netty-transport-4.1.82.Final.jar:?]
	at io.netty.handler.timeout.IdleStateHandler.channelRead(IdleStateHandler.java:286) ~[netty-handler-4.1.82.Final.jar:?]
	at io.netty.channel.AbstractChannelHandlerContext.invokeChannelRead(AbstractChannelHandlerContext.java:379) ~[netty-transport-4.1.82.Final.jar:?]
	at io.netty.channel.AbstractChannelHandlerContext.invokeChannelRead(AbstractChannelHandlerContext.java:365) ~[netty-transport-4.1.82.Final.jar:?]
	at io.netty.channel.AbstractChannelHandlerContext.fireChannelRead(AbstractChannelHandlerContext.java:357) ~[netty-transport-4.1.82.Final.jar:?]
	at io.netty.channel.DefaultChannelPipeline$HeadContext.channelRead(DefaultChannelPipeline.java:1410) ~[netty-transport-4.1.82.Final.jar:?]
	at io.netty.channel.AbstractChannelHandlerContext.invokeChannelRead(AbstractChannelHandlerContext.java:379) ~[netty-transport-4.1.82.Final.jar:?]
	at io.netty.channel.AbstractChannelHandlerContext.invokeChannelRead(AbstractChannelHandlerContext.java:365) ~[netty-transport-4.1.82.Final.jar:?]
	at io.netty.channel.DefaultChannelPipeline.fireChannelRead(DefaultChannelPipeline.java:919) ~[netty-transport-4.1.82.Final.jar:?]
	at io.netty.channel.epoll.AbstractEpollStreamChannel$EpollStreamUnsafe.epollInReady(AbstractEpollStreamChannel.java:800) ~[netty-transport-classes-epoll-4.1.82.Final.jar:?]
	at io.netty.channel.epoll.EpollEventLoop.processReady(EpollEventLoop.java:499) ~[netty-transport-classes-epoll-4.1.82.Final.jar:?]
	at io.netty.channel.epoll.EpollEventLoop.run(EpollEventLoop.java:397) ~[netty-transport-classes-epoll-4.1.82.Final.jar:?]
	at io.netty.util.concurrent.SingleThreadEventExecutor$4.run(SingleThreadEventExecutor.java:997) ~[netty-common-4.1.82.Final.jar:?]
	at io.netty.util.internal.ThreadExecutorMap$2.run(ThreadExecutorMap.java:74) ~[netty-common-4.1.82.Final.jar:?]
	at java.lang.Thread.run(Thread.java:840) ~[?:?]
Caused by: java.lang.IndexOutOfBoundsException: Index 3 out of bounds for length 1
	at jdk.internal.util.Preconditions.outOfBounds(Preconditions.java:64) ~[?:?]
	at jdk.internal.util.Preconditions.outOfBoundsCheckIndex(Preconditions.java:70) ~[?:?]
	at jdk.internal.util.Preconditions.checkIndex(Preconditions.java:266) ~[?:?]
	at java.util.Objects.checkIndex(Objects.java:361) ~[?:?]
	at java.util.ArrayList.get(ArrayList.java:427) ~[?:?]
	at net.minecraft.network.NetworkState$PacketHandler.createPacket(NetworkState.java:458) ~[server-intermediary.jar:?]
	at net.minecraft.network.NetworkState.getPacketHandler(NetworkState.java:522) ~[server-intermediary.jar:?]
	at net.minecraft.network.DecoderHandler.decode(DecoderHandler.java:32) ~[server-intermediary.jar:?]
	at io.netty.handler.codec.ByteToMessageDecoder.decodeRemovalReentryProtection(ByteToMessageDecoder.java:519) ~[netty-codec-4.1.82.Final.jar:?]
	at io.netty.handler.codec.ByteToMessageDecoder.callDecode(ByteToMessageDecoder.java:458) ~[netty-codec-4.1.82.Final.jar:?]
	... 29 more
[01:33:21] [Netty Epoll Server IO #6/ERROR]: Exception occurred in netty pipeline
io.netty.handler.codec.DecoderException: java.lang.IndexOutOfBoundsException: Index 3 out of bounds for length 1
	at io.netty.handler.codec.ByteToMessageDecoder.callDecode(ByteToMessageDecoder.java:489) ~[netty-codec-4.1.82.Final.jar:?]
	at io.netty.handler.codec.ByteToMessageDecoder.channelRead(ByteToMessageDecoder.java:280) ~[netty-codec-4.1.82.Final.jar:?]
	at io.netty.channel.AbstractChannelHandlerContext.invokeChannelRead(AbstractChannelHandlerContext.java:379) ~[netty-transport-4.1.82.Final.jar:?]
	at io.netty.channel.AbstractChannelHandlerContext.invokeChannelRead(AbstractChannelHandlerContext.java:365) ~[netty-transport-4.1.82.Final.jar:?]
	at io.netty.channel.AbstractChannelHandlerContext.fireChannelRead(AbstractChannelHandlerContext.java:357) ~[netty-transport-4.1.82.Final.jar:?]
	at io.netty.handler.codec.ByteToMessageDecoder.fireChannelRead(ByteToMessageDecoder.java:336) ~[netty-codec-4.1.82.Final.jar:?]
	at io.netty.handler.codec.ByteToMessageDecoder.fireChannelRead(ByteToMessageDecoder.java:323) ~[netty-codec-4.1.82.Final.jar:?]
	at io.netty.handler.codec.ByteToMessageDecoder.callDecode(ByteToMessageDecoder.java:444) ~[netty-codec-4.1.82.Final.jar:?]
	at io.netty.handler.codec.ByteToMessageDecoder.channelRead(ByteToMessageDecoder.java:280) ~[netty-codec-4.1.82.Final.jar:?]
	at io.netty.channel.AbstractChannelHandlerContext.invokeChannelRead(AbstractChannelHandlerContext.java:379) ~[netty-transport-4.1.82.Final.jar:?]
	at io.netty.channel.AbstractChannelHandlerContext.invokeChannelRead(AbstractChannelHandlerContext.java:365) ~[netty-transport-4.1.82.Final.jar:?]
	at io.netty.channel.AbstractChannelHandlerContext.fireChannelRead(AbstractChannelHandlerContext.java:357) ~[netty-transport-4.1.82.Final.jar:?]
	at net.minecraft.network.LegacyQueryHandler.channelRead(LegacyQueryHandler.java:95) ~[server-intermediary.jar:?]
	at io.netty.channel.AbstractChannelHandlerContext.invokeChannelRead(AbstractChannelHandlerContext.java:379) ~[netty-transport-4.1.82.Final.jar:?]
	at io.netty.channel.AbstractChannelHandlerContext.invokeChannelRead(AbstractChannelHandlerContext.java:365) ~[netty-transport-4.1.82.Final.jar:?]
	at io.netty.channel.AbstractChannelHandlerContext.fireChannelRead(AbstractChannelHandlerContext.java:357) ~[netty-transport-4.1.82.Final.jar:?]
	at io.netty.handler.timeout.IdleStateHandler.channelRead(IdleStateHandler.java:286) ~[netty-handler-4.1.82.Final.jar:?]
	at io.netty.channel.AbstractChannelHandlerContext.invokeChannelRead(AbstractChannelHandlerContext.java:379) ~[netty-transport-4.1.82.Final.jar:?]
	at io.netty.channel.AbstractChannelHandlerContext.invokeChannelRead(AbstractChannelHandlerContext.java:365) ~[netty-transport-4.1.82.Final.jar:?]
	at io.netty.channel.AbstractChannelHandlerContext.fireChannelRead(AbstractChannelHandlerContext.java:357) ~[netty-transport-4.1.82.Final.jar:?]
	at io.netty.channel.DefaultChannelPipeline$HeadContext.channelRead(DefaultChannelPipeline.java:1410) ~[netty-transport-4.1.82.Final.jar:?]
	at io.netty.channel.AbstractChannelHandlerContext.invokeChannelRead(AbstractChannelHandlerContext.java:379) ~[netty-transport-4.1.82.Final.jar:?]
	at io.netty.channel.AbstractChannelHandlerContext.invokeChannelRead(AbstractChannelHandlerContext.java:365) ~[netty-transport-4.1.82.Final.jar:?]
	at io.netty.channel.DefaultChannelPipeline.fireChannelRead(DefaultChannelPipeline.java:919) ~[netty-transport-4.1.82.Final.jar:?]
	at io.netty.channel.epoll.AbstractEpollStreamChannel$EpollStreamUnsafe.epollInReady(AbstractEpollStreamChannel.java:800) ~[netty-transport-classes-epoll-4.1.82.Final.jar:?]
	at io.netty.channel.epoll.EpollEventLoop.processReady(EpollEventLoop.java:499) ~[netty-transport-classes-epoll-4.1.82.Final.jar:?]
	at io.netty.channel.epoll.EpollEventLoop.run(EpollEventLoop.java:397) ~[netty-transport-classes-epoll-4.1.82.Final.jar:?]
	at io.netty.util.concurrent.SingleThreadEventExecutor$4.run(SingleThreadEventExecutor.java:997) ~[netty-common-4.1.82.Final.jar:?]
	at io.netty.util.internal.ThreadExecutorMap$2.run(ThreadExecutorMap.java:74) ~[netty-common-4.1.82.Final.jar:?]
	at java.lang.Thread.run(Thread.java:840) ~[?:?]
Caused by: java.lang.IndexOutOfBoundsException: Index 3 out of bounds for length 1
	at jdk.internal.util.Preconditions.outOfBounds(Preconditions.java:64) ~[?:?]
	at jdk.internal.util.Preconditions.outOfBoundsCheckIndex(Preconditions.java:70) ~[?:?]
	at jdk.internal.util.Preconditions.checkIndex(Preconditions.java:266) ~[?:?]
	at java.util.Objects.checkIndex(Objects.java:361) ~[?:?]
	at java.util.ArrayList.get(ArrayList.java:427) ~[?:?]
	at net.minecraft.network.NetworkState$PacketHandler.createPacket(NetworkState.java:458) ~[server-intermediary.jar:?]
	at net.minecraft.network.NetworkState.getPacketHandler(NetworkState.java:522) ~[server-intermediary.jar:?]
	at net.minecraft.network.DecoderHandler.decode(DecoderHandler.java:32) ~[server-intermediary.jar:?]
	at io.netty.handler.codec.ByteToMessageDecoder.decodeRemovalReentryProtection(ByteToMessageDecoder.java:519) ~[netty-codec-4.1.82.Final.jar:?]
	at io.netty.handler.codec.ByteToMessageDecoder.callDecode(ByteToMessageDecoder.java:458) ~[netty-codec-4.1.82.Final.jar:?]
	... 29 more
[01:33:22] [Netty Epoll Server IO #0/ERROR]: Exception occurred in netty pipeline
io.netty.handler.codec.DecoderException: java.lang.IndexOutOfBoundsException: Index 3 out of bounds for length 1
	at io.netty.handler.codec.ByteToMessageDecoder.callDecode(ByteToMessageDecoder.java:489) ~[netty-codec-4.1.82.Final.jar:?]
	at io.netty.handler.codec.ByteToMessageDecoder.channelRead(ByteToMessageDecoder.java:280) ~[netty-codec-4.1.82.Final.jar:?]
	at io.netty.channel.AbstractChannelHandlerContext.invokeChannelRead(AbstractChannelHandlerContext.java:379) ~[netty-transport-4.1.82.Final.jar:?]
	at io.netty.channel.AbstractChannelHandlerContext.invokeChannelRead(AbstractChannelHandlerContext.java:365) ~[netty-transport-4.1.82.Final.jar:?]
	at io.netty.channel.AbstractChannelHandlerContext.fireChannelRead(AbstractChannelHandlerContext.java:357) ~[netty-transport-4.1.82.Final.jar:?]
	at io.netty.handler.codec.ByteToMessageDecoder.fireChannelRead(ByteToMessageDecoder.java:336) ~[netty-codec-4.1.82.Final.jar:?]
	at io.netty.handler.codec.ByteToMessageDecoder.fireChannelRead(ByteToMessageDecoder.java:323) ~[netty-codec-4.1.82.Final.jar:?]
	at io.netty.handler.codec.ByteToMessageDecoder.callDecode(ByteToMessageDecoder.java:444) ~[netty-codec-4.1.82.Final.jar:?]
	at io.netty.handler.codec.ByteToMessageDecoder.channelRead(ByteToMessageDecoder.java:280) ~[netty-codec-4.1.82.Final.jar:?]
	at io.netty.channel.AbstractChannelHandlerContext.invokeChannelRead(AbstractChannelHandlerContext.java:379) ~[netty-transport-4.1.82.Final.jar:?]
	at io.netty.channel.AbstractChannelHandlerContext.invokeChannelRead(AbstractChannelHandlerContext.java:365) ~[netty-transport-4.1.82.Final.jar:?]
	at io.netty.channel.AbstractChannelHandlerContext.fireChannelRead(AbstractChannelHandlerContext.java:357) ~[netty-transport-4.1.82.Final.jar:?]
	at net.minecraft.network.LegacyQueryHandler.channelRead(LegacyQueryHandler.java:95) ~[server-intermediary.jar:?]
	at io.netty.channel.AbstractChannelHandlerContext.invokeChannelRead(AbstractChannelHandlerContext.java:379) ~[netty-transport-4.1.82.Final.jar:?]
	at io.netty.channel.AbstractChannelHandlerContext.invokeChannelRead(AbstractChannelHandlerContext.java:365) ~[netty-transport-4.1.82.Final.jar:?]
	at io.netty.channel.AbstractChannelHandlerContext.fireChannelRead(AbstractChannelHandlerContext.java:357) ~[netty-transport-4.1.82.Final.jar:?]
	at io.netty.handler.timeout.IdleStateHandler.channelRead(IdleStateHandler.java:286) ~[netty-handler-4.1.82.Final.jar:?]
	at io.netty.channel.AbstractChannelHandlerContext.invokeChannelRead(AbstractChannelHandlerContext.java:379) ~[netty-transport-4.1.82.Final.jar:?]
	at io.netty.channel.AbstractChannelHandlerContext.invokeChannelRead(AbstractChannelHandlerContext.java:365) ~[netty-transport-4.1.82.Final.jar:?]
	at io.netty.channel.AbstractChannelHandlerContext.fireChannelRead(AbstractChannelHandlerContext.java:357) ~[netty-transport-4.1.82.Final.jar:?]
	at io.netty.channel.DefaultChannelPipeline$HeadContext.channelRead(DefaultChannelPipeline.java:1410) ~[netty-transport-4.1.82.Final.jar:?]
	at io.netty.channel.AbstractChannelHandlerContext.invokeChannelRead(AbstractChannelHandlerContext.java:379) ~[netty-transport-4.1.82.Final.jar:?]
	at io.netty.channel.AbstractChannelHandlerContext.invokeChannelRead(AbstractChannelHandlerContext.java:365) ~[netty-transport-4.1.82.Final.jar:?]
	at io.netty.channel.DefaultChannelPipeline.fireChannelRead(DefaultChannelPipeline.java:919) ~[netty-transport-4.1.82.Final.jar:?]
	at io.netty.channel.epoll.AbstractEpollStreamChannel$EpollStreamUnsafe.epollInReady(AbstractEpollStreamChannel.java:800) ~[netty-transport-classes-epoll-4.1.82.Final.jar:?]
	at io.netty.channel.epoll.EpollEventLoop.processReady(EpollEventLoop.java:499) ~[netty-transport-classes-epoll-4.1.82.Final.jar:?]
	at io.netty.channel.epoll.EpollEventLoop.run(EpollEventLoop.java:397) ~[netty-transport-classes-epoll-4.1.82.Final.jar:?]
	at io.netty.util.concurrent.SingleThreadEventExecutor$4.run(SingleThreadEventExecutor.java:997) ~[netty-common-4.1.82.Final.jar:?]
	at io.netty.util.internal.ThreadExecutorMap$2.run(ThreadExecutorMap.java:74) ~[netty-common-4.1.82.Final.jar:?]
	at java.lang.Thread.run(Thread.java:840) ~[?:?]
Caused by: java.lang.IndexOutOfBoundsException: Index 3 out of bounds for length 1
	at jdk.internal.util.Preconditions.outOfBounds(Preconditions.java:64) ~[?:?]
	at jdk.internal.util.Preconditions.outOfBoundsCheckIndex(Preconditions.java:70) ~[?:?]
	at jdk.internal.util.Preconditions.checkIndex(Preconditions.java:266) ~[?:?]
	at java.util.Objects.checkIndex(Objects.java:361) ~[?:?]
	at java.util.ArrayList.get(ArrayList.java:427) ~[?:?]
	at net.minecraft.network.NetworkState$PacketHandler.createPacket(NetworkState.java:458) ~[server-intermediary.jar:?]
	at net.minecraft.network.NetworkState.getPacketHandler(NetworkState.java:522) ~[server-intermediary.jar:?]
	at net.minecraft.network.DecoderHandler.decode(DecoderHandler.java:32) ~[server-intermediary.jar:?]
	at io.netty.handler.codec.ByteToMessageDecoder.decodeRemovalReentryProtection(ByteToMessageDecoder.java:519) ~[netty-codec-4.1.82.Final.jar:?]
	at io.netty.handler.codec.ByteToMessageDecoder.callDecode(ByteToMessageDecoder.java:458) ~[netty-codec-4.1.82.Final.jar:?]
	... 29 more
[01:33:23] [Netty Epoll Server IO #2/ERROR]: Exception occurred in netty pipeline
io.netty.handler.codec.DecoderException: java.lang.IndexOutOfBoundsException: Index 3 out of bounds for length 1
	at io.netty.handler.codec.ByteToMessageDecoder.callDecode(ByteToMessageDecoder.java:489) ~[netty-codec-4.1.82.Final.jar:?]
	at io.netty.handler.codec.ByteToMessageDecoder.channelRead(ByteToMessageDecoder.java:280) ~[netty-codec-4.1.82.Final.jar:?]
	at io.netty.channel.AbstractChannelHandlerContext.invokeChannelRead(AbstractChannelHandlerContext.java:379) ~[netty-transport-4.1.82.Final.jar:?]
	at io.netty.channel.AbstractChannelHandlerContext.invokeChannelRead(AbstractChannelHandlerContext.java:365) ~[netty-transport-4.1.82.Final.jar:?]
	at io.netty.channel.AbstractChannelHandlerContext.fireChannelRead(AbstractChannelHandlerContext.java:357) ~[netty-transport-4.1.82.Final.jar:?]
	at io.netty.handler.codec.ByteToMessageDecoder.fireChannelRead(ByteToMessageDecoder.java:336) ~[netty-codec-4.1.82.Final.jar:?]
	at io.netty.handler.codec.ByteToMessageDecoder.fireChannelRead(ByteToMessageDecoder.java:323) ~[netty-codec-4.1.82.Final.jar:?]
	at io.netty.handler.codec.ByteToMessageDecoder.callDecode(ByteToMessageDecoder.java:444) ~[netty-codec-4.1.82.Final.jar:?]
	at io.netty.handler.codec.ByteToMessageDecoder.channelRead(ByteToMessageDecoder.java:280) ~[netty-codec-4.1.82.Final.jar:?]
	at io.netty.channel.AbstractChannelHandlerContext.invokeChannelRead(AbstractChannelHandlerContext.java:379) ~[netty-transport-4.1.82.Final.jar:?]
	at io.netty.channel.AbstractChannelHandlerContext.invokeChannelRead(AbstractChannelHandlerContext.java:365) ~[netty-transport-4.1.82.Final.jar:?]
	at io.netty.channel.AbstractChannelHandlerContext.fireChannelRead(AbstractChannelHandlerContext.java:357) ~[netty-transport-4.1.82.Final.jar:?]
	at net.minecraft.network.LegacyQueryHandler.channelRead(LegacyQueryHandler.java:95) ~[server-intermediary.jar:?]
	at io.netty.channel.AbstractChannelHandlerContext.invokeChannelRead(AbstractChannelHandlerContext.java:379) ~[netty-transport-4.1.82.Final.jar:?]
	at io.netty.channel.AbstractChannelHandlerContext.invokeChannelRead(AbstractChannelHandlerContext.java:365) ~[netty-transport-4.1.82.Final.jar:?]
	at io.netty.channel.AbstractChannelHandlerContext.fireChannelRead(AbstractChannelHandlerContext.java:357) ~[netty-transport-4.1.82.Final.jar:?]
	at io.netty.handler.timeout.IdleStateHandler.channelRead(IdleStateHandler.java:286) ~[netty-handler-4.1.82.Final.jar:?]
	at io.netty.channel.AbstractChannelHandlerContext.invokeChannelRead(AbstractChannelHandlerContext.java:379) ~[netty-transport-4.1.82.Final.jar:?]
	at io.netty.channel.AbstractChannelHandlerContext.invokeChannelRead(AbstractChannelHandlerContext.java:365) ~[netty-transport-4.1.82.Final.jar:?]
	at io.netty.channel.AbstractChannelHandlerContext.fireChannelRead(AbstractChannelHandlerContext.java:357) ~[netty-transport-4.1.82.Final.jar:?]
	at io.netty.channel.DefaultChannelPipeline$HeadContext.channelRead(DefaultChannelPipeline.java:1410) ~[netty-transport-4.1.82.Final.jar:?]
	at io.netty.channel.AbstractChannelHandlerContext.invokeChannelRead(AbstractChannelHandlerContext.java:379) ~[netty-transport-4.1.82.Final.jar:?]
	at io.netty.channel.AbstractChannelHandlerContext.invokeChannelRead(AbstractChannelHandlerContext.java:365) ~[netty-transport-4.1.82.Final.jar:?]
	at io.netty.channel.DefaultChannelPipeline.fireChannelRead(DefaultChannelPipeline.java:919) ~[netty-transport-4.1.82.Final.jar:?]
	at io.netty.channel.epoll.AbstractEpollStreamChannel$EpollStreamUnsafe.epollInReady(AbstractEpollStreamChannel.java:800) ~[netty-transport-classes-epoll-4.1.82.Final.jar:?]
	at io.netty.channel.epoll.EpollEventLoop.processReady(EpollEventLoop.java:499) ~[netty-transport-classes-epoll-4.1.82.Final.jar:?]
	at io.netty.channel.epoll.EpollEventLoop.run(EpollEventLoop.java:397) ~[netty-transport-classes-epoll-4.1.82.Final.jar:?]
	at io.netty.util.concurrent.SingleThreadEventExecutor$4.run(SingleThreadEventExecutor.java:997) ~[netty-common-4.1.82.Final.jar:?]
	at io.netty.util.internal.ThreadExecutorMap$2.run(ThreadExecutorMap.java:74) ~[netty-common-4.1.82.Final.jar:?]
	at java.lang.Thread.run(Thread.java:840) ~[?:?]
Caused by: java.lang.IndexOutOfBoundsException: Index 3 out of bounds for length 1
	at jdk.internal.util.Preconditions.outOfBounds(Preconditions.java:64) ~[?:?]
	at jdk.internal.util.Preconditions.outOfBoundsCheckIndex(Preconditions.java:70) ~[?:?]
	at jdk.internal.util.Preconditions.checkIndex(Preconditions.java:266) ~[?:?]
	at java.util.Objects.checkIndex(Objects.java:361) ~[?:?]
	at java.util.ArrayList.get(ArrayList.java:427) ~[?:?]
	at net.minecraft.network.NetworkState$PacketHandler.createPacket(NetworkState.java:458) ~[server-intermediary.jar:?]
	at net.minecraft.network.NetworkState.getPacketHandler(NetworkState.java:522) ~[server-intermediary.jar:?]
	at net.minecraft.network.DecoderHandler.decode(DecoderHandler.java:32) ~[server-intermediary.jar:?]
	at io.netty.handler.codec.ByteToMessageDecoder.decodeRemovalReentryProtection(ByteToMessageDecoder.java:519) ~[netty-codec-4.1.82.Final.jar:?]
	at io.netty.handler.codec.ByteToMessageDecoder.callDecode(ByteToMessageDecoder.java:458) ~[netty-codec-4.1.82.Final.jar:?]
	... 29 more
[01:33:24] [Netty Epoll Server IO #1/ERROR]: Exception occurred in netty pipeline
io.netty.handler.codec.DecoderException: java.lang.IndexOutOfBoundsException: Index 3 out of bounds for length 1
	at io.netty.handler.codec.ByteToMessageDecoder.callDecode(ByteToMessageDecoder.java:489) ~[netty-codec-4.1.82.Final.jar:?]
	at io.netty.handler.codec.ByteToMessageDecoder.channelRead(ByteToMessageDecoder.java:280) ~[netty-codec-4.1.82.Final.jar:?]
	at io.netty.channel.AbstractChannelHandlerContext.invokeChannelRead(AbstractChannelHandlerContext.java:379) ~[netty-transport-4.1.82.Final.jar:?]
	at io.netty.channel.AbstractChannelHandlerContext.invokeChannelRead(AbstractChannelHandlerContext.java:365) ~[netty-transport-4.1.82.Final.jar:?]
	at io.netty.channel.AbstractChannelHandlerContext.fireChannelRead(AbstractChannelHandlerContext.java:357) ~[netty-transport-4.1.82.Final.jar:?]
	at io.netty.handler.codec.ByteToMessageDecoder.fireChannelRead(ByteToMessageDecoder.java:336) ~[netty-codec-4.1.82.Final.jar:?]
	at io.netty.handler.codec.ByteToMessageDecoder.fireChannelRead(ByteToMessageDecoder.java:323) ~[netty-codec-4.1.82.Final.jar:?]
	at io.netty.handler.codec.ByteToMessageDecoder.callDecode(ByteToMessageDecoder.java:444) ~[netty-codec-4.1.82.Final.jar:?]
	at io.netty.handler.codec.ByteToMessageDecoder.channelRead(ByteToMessageDecoder.java:280) ~[netty-codec-4.1.82.Final.jar:?]
	at io.netty.channel.AbstractChannelHandlerContext.invokeChannelRead(AbstractChannelHandlerContext.java:379) ~[netty-transport-4.1.82.Final.jar:?]
	at io.netty.channel.AbstractChannelHandlerContext.invokeChannelRead(AbstractChannelHandlerContext.java:365) ~[netty-transport-4.1.82.Final.jar:?]
	at io.netty.channel.AbstractChannelHandlerContext.fireChannelRead(AbstractChannelHandlerContext.java:357) ~[netty-transport-4.1.82.Final.jar:?]
	at net.minecraft.network.LegacyQueryHandler.channelRead(LegacyQueryHandler.java:95) ~[server-intermediary.jar:?]
	at io.netty.channel.AbstractChannelHandlerContext.invokeChannelRead(AbstractChannelHandlerContext.java:379) ~[netty-transport-4.1.82.Final.jar:?]
	at io.netty.channel.AbstractChannelHandlerContext.invokeChannelRead(AbstractChannelHandlerContext.java:365) ~[netty-transport-4.1.82.Final.jar:?]
	at io.netty.channel.AbstractChannelHandlerContext.fireChannelRead(AbstractChannelHandlerContext.java:357) ~[netty-transport-4.1.82.Final.jar:?]
	at io.netty.handler.timeout.IdleStateHandler.channelRead(IdleStateHandler.java:286) ~[netty-handler-4.1.82.Final.jar:?]
	at io.netty.channel.AbstractChannelHandlerContext.invokeChannelRead(AbstractChannelHandlerContext.java:379) ~[netty-transport-4.1.82.Final.jar:?]
	at io.netty.channel.AbstractChannelHandlerContext.invokeChannelRead(AbstractChannelHandlerContext.java:365) ~[netty-transport-4.1.82.Final.jar:?]
	at io.netty.channel.AbstractChannelHandlerContext.fireChannelRead(AbstractChannelHandlerContext.java:357) ~[netty-transport-4.1.82.Final.jar:?]
	at io.netty.channel.DefaultChannelPipeline$HeadContext.channelRead(DefaultChannelPipeline.java:1410) ~[netty-transport-4.1.82.Final.jar:?]
	at io.netty.channel.AbstractChannelHandlerContext.invokeChannelRead(AbstractChannelHandlerContext.java:379) ~[netty-transport-4.1.82.Final.jar:?]
	at io.netty.channel.AbstractChannelHandlerContext.invokeChannelRead(AbstractChannelHandlerContext.java:365) ~[netty-transport-4.1.82.Final.jar:?]
	at io.netty.channel.DefaultChannelPipeline.fireChannelRead(DefaultChannelPipeline.java:919) ~[netty-transport-4.1.82.Final.jar:?]
	at io.netty.channel.epoll.AbstractEpollStreamChannel$EpollStreamUnsafe.epollInReady(AbstractEpollStreamChannel.java:800) ~[netty-transport-classes-epoll-4.1.82.Final.jar:?]
	at io.netty.channel.epoll.EpollEventLoop.processReady(EpollEventLoop.java:499) ~[netty-transport-classes-epoll-4.1.82.Final.jar:?]
	at io.netty.channel.epoll.EpollEventLoop.run(EpollEventLoop.java:397) ~[netty-transport-classes-epoll-4.1.82.Final.jar:?]
	at io.netty.util.concurrent.SingleThreadEventExecutor$4.run(SingleThreadEventExecutor.java:997) ~[netty-common-4.1.82.Final.jar:?]
	at io.netty.util.internal.ThreadExecutorMap$2.run(ThreadExecutorMap.java:74) ~[netty-common-4.1.82.Final.jar:?]
	at java.lang.Thread.run(Thread.java:840) ~[?:?]
Caused by: java.lang.IndexOutOfBoundsException: Index 3 out of bounds for length 1
	at jdk.internal.util.Preconditions.outOfBounds(Preconditions.java:64) ~[?:?]
	at jdk.internal.util.Preconditions.outOfBoundsCheckIndex(Preconditions.java:70) ~[?:?]
	at jdk.internal.util.Preconditions.checkIndex(Preconditions.java:266) ~[?:?]
	at java.util.Objects.checkIndex(Objects.java:361) ~[?:?]
	at java.util.ArrayList.get(ArrayList.java:427) ~[?:?]
	at net.minecraft.network.NetworkState$PacketHandler.createPacket(NetworkState.java:458) ~[server-intermediary.jar:?]
	at net.minecraft.network.NetworkState.getPacketHandler(NetworkState.java:522) ~[server-intermediary.jar:?]
	at net.minecraft.network.DecoderHandler.decode(DecoderHandler.java:32) ~[server-intermediary.jar:?]
	at io.netty.handler.codec.ByteToMessageDecoder.decodeRemovalReentryProtection(ByteToMessageDecoder.java:519) ~[netty-codec-4.1.82.Final.jar:?]
	at io.netty.handler.codec.ByteToMessageDecoder.callDecode(ByteToMessageDecoder.java:458) ~[netty-codec-4.1.82.Final.jar:?]
	... 29 more
[01:37:55] [Netty Epoll Server IO #4/ERROR]: Exception occurred in netty pipeline
io.netty.handler.codec.DecoderException: java.lang.IndexOutOfBoundsException: Index 50 out of bounds for length 1
	at io.netty.handler.codec.ByteToMessageDecoder.callDecode(ByteToMessageDecoder.java:489) ~[netty-codec-4.1.82.Final.jar:?]
	at io.netty.handler.codec.ByteToMessageDecoder.channelRead(ByteToMessageDecoder.java:280) ~[netty-codec-4.1.82.Final.jar:?]
	at io.netty.channel.AbstractChannelHandlerContext.invokeChannelRead(AbstractChannelHandlerContext.java:379) ~[netty-transport-4.1.82.Final.jar:?]
	at io.netty.channel.AbstractChannelHandlerContext.invokeChannelRead(AbstractChannelHandlerContext.java:365) ~[netty-transport-4.1.82.Final.jar:?]
	at io.netty.channel.AbstractChannelHandlerContext.fireChannelRead(AbstractChannelHandlerContext.java:357) ~[netty-transport-4.1.82.Final.jar:?]
	at io.netty.handler.codec.ByteToMessageDecoder.fireChannelRead(ByteToMessageDecoder.java:336) ~[netty-codec-4.1.82.Final.jar:?]
	at io.netty.handler.codec.ByteToMessageDecoder.fireChannelRead(ByteToMessageDecoder.java:323) ~[netty-codec-4.1.82.Final.jar:?]
	at io.netty.handler.codec.ByteToMessageDecoder.callDecode(ByteToMessageDecoder.java:444) ~[netty-codec-4.1.82.Final.jar:?]
	at io.netty.handler.codec.ByteToMessageDecoder.channelRead(ByteToMessageDecoder.java:280) ~[netty-codec-4.1.82.Final.jar:?]
	at io.netty.channel.AbstractChannelHandlerContext.invokeChannelRead(AbstractChannelHandlerContext.java:379) ~[netty-transport-4.1.82.Final.jar:?]
	at io.netty.channel.AbstractChannelHandlerContext.invokeChannelRead(AbstractChannelHandlerContext.java:365) ~[netty-transport-4.1.82.Final.jar:?]
	at io.netty.channel.AbstractChannelHandlerContext.fireChannelRead(AbstractChannelHandlerContext.java:357) ~[netty-transport-4.1.82.Final.jar:?]
	at net.minecraft.network.LegacyQueryHandler.channelRead(LegacyQueryHandler.java:95) ~[server-intermediary.jar:?]
	at io.netty.channel.AbstractChannelHandlerContext.invokeChannelRead(AbstractChannelHandlerContext.java:379) ~[netty-transport-4.1.82.Final.jar:?]
	at io.netty.channel.AbstractChannelHandlerContext.invokeChannelRead(AbstractChannelHandlerContext.java:365) ~[netty-transport-4.1.82.Final.jar:?]
	at io.netty.channel.AbstractChannelHandlerContext.fireChannelRead(AbstractChannelHandlerContext.java:357) ~[netty-transport-4.1.82.Final.jar:?]
	at io.netty.handler.timeout.IdleStateHandler.channelRead(IdleStateHandler.java:286) ~[netty-handler-4.1.82.Final.jar:?]
	at io.netty.channel.AbstractChannelHandlerContext.invokeChannelRead(AbstractChannelHandlerContext.java:379) ~[netty-transport-4.1.82.Final.jar:?]
	at io.netty.channel.AbstractChannelHandlerContext.invokeChannelRead(AbstractChannelHandlerContext.java:365) ~[netty-transport-4.1.82.Final.jar:?]
	at io.netty.channel.AbstractChannelHandlerContext.fireChannelRead(AbstractChannelHandlerContext.java:357) ~[netty-transport-4.1.82.Final.jar:?]
	at io.netty.channel.DefaultChannelPipeline$HeadContext.channelRead(DefaultChannelPipeline.java:1410) ~[netty-transport-4.1.82.Final.jar:?]
	at io.netty.channel.AbstractChannelHandlerContext.invokeChannelRead(AbstractChannelHandlerContext.java:379) ~[netty-transport-4.1.82.Final.jar:?]
	at io.netty.channel.AbstractChannelHandlerContext.invokeChannelRead(AbstractChannelHandlerContext.java:365) ~[netty-transport-4.1.82.Final.jar:?]
	at io.netty.channel.DefaultChannelPipeline.fireChannelRead(DefaultChannelPipeline.java:919) ~[netty-transport-4.1.82.Final.jar:?]
	at io.netty.channel.epoll.AbstractEpollStreamChannel$EpollStreamUnsafe.epollInReady(AbstractEpollStreamChannel.java:800) ~[netty-transport-classes-epoll-4.1.82.Final.jar:?]
	at io.netty.channel.epoll.EpollEventLoop.processReady(EpollEventLoop.java:499) ~[netty-transport-classes-epoll-4.1.82.Final.jar:?]
	at io.netty.channel.epoll.EpollEventLoop.run(EpollEventLoop.java:397) ~[netty-transport-classes-epoll-4.1.82.Final.jar:?]
	at io.netty.util.concurrent.SingleThreadEventExecutor$4.run(SingleThreadEventExecutor.java:997) ~[netty-common-4.1.82.Final.jar:?]
	at io.netty.util.internal.ThreadExecutorMap$2.run(ThreadExecutorMap.java:74) ~[netty-common-4.1.82.Final.jar:?]
	at java.lang.Thread.run(Thread.java:840) ~[?:?]
Caused by: java.lang.IndexOutOfBoundsException: Index 50 out of bounds for length 1
	at jdk.internal.util.Preconditions.outOfBounds(Preconditions.java:64) ~[?:?]
	at jdk.internal.util.Preconditions.outOfBoundsCheckIndex(Preconditions.java:70) ~[?:?]
	at jdk.internal.util.Preconditions.checkIndex(Preconditions.java:266) ~[?:?]
	at java.util.Objects.checkIndex(Objects.java:361) ~[?:?]
	at java.util.ArrayList.get(ArrayList.java:427) ~[?:?]
	at net.minecraft.network.NetworkState$PacketHandler.createPacket(NetworkState.java:458) ~[server-intermediary.jar:?]
	at net.minecraft.network.NetworkState.getPacketHandler(NetworkState.java:522) ~[server-intermediary.jar:?]
	at net.minecraft.network.DecoderHandler.decode(DecoderHandler.java:32) ~[server-intermediary.jar:?]
	at io.netty.handler.codec.ByteToMessageDecoder.decodeRemovalReentryProtection(ByteToMessageDecoder.java:519) ~[netty-codec-4.1.82.Final.jar:?]
	at io.netty.handler.codec.ByteToMessageDecoder.callDecode(ByteToMessageDecoder.java:458) ~[netty-codec-4.1.82.Final.jar:?]
	... 29 more
[01:43:10] [Netty Epoll Server IO #6/ERROR]: Exception occurred in netty pipeline
io.netty.handler.codec.DecoderException: java.lang.IndexOutOfBoundsException: Index 50 out of bounds for length 1
	at io.netty.handler.codec.ByteToMessageDecoder.callDecode(ByteToMessageDecoder.java:489) ~[netty-codec-4.1.82.Final.jar:?]
	at io.netty.handler.codec.ByteToMessageDecoder.channelRead(ByteToMessageDecoder.java:280) ~[netty-codec-4.1.82.Final.jar:?]
	at io.netty.channel.AbstractChannelHandlerContext.invokeChannelRead(AbstractChannelHandlerContext.java:379) ~[netty-transport-4.1.82.Final.jar:?]
	at io.netty.channel.AbstractChannelHandlerContext.invokeChannelRead(AbstractChannelHandlerContext.java:365) ~[netty-transport-4.1.82.Final.jar:?]
	at io.netty.channel.AbstractChannelHandlerContext.fireChannelRead(AbstractChannelHandlerContext.java:357) ~[netty-transport-4.1.82.Final.jar:?]
	at io.netty.handler.codec.ByteToMessageDecoder.fireChannelRead(ByteToMessageDecoder.java:336) ~[netty-codec-4.1.82.Final.jar:?]
	at io.netty.handler.codec.ByteToMessageDecoder.fireChannelRead(ByteToMessageDecoder.java:323) ~[netty-codec-4.1.82.Final.jar:?]
	at io.netty.handler.codec.ByteToMessageDecoder.callDecode(ByteToMessageDecoder.java:444) ~[netty-codec-4.1.82.Final.jar:?]
	at io.netty.handler.codec.ByteToMessageDecoder.channelRead(ByteToMessageDecoder.java:280) ~[netty-codec-4.1.82.Final.jar:?]
	at io.netty.channel.AbstractChannelHandlerContext.invokeChannelRead(AbstractChannelHandlerContext.java:379) ~[netty-transport-4.1.82.Final.jar:?]
	at io.netty.channel.AbstractChannelHandlerContext.invokeChannelRead(AbstractChannelHandlerContext.java:365) ~[netty-transport-4.1.82.Final.jar:?]
	at io.netty.channel.AbstractChannelHandlerContext.fireChannelRead(AbstractChannelHandlerContext.java:357) ~[netty-transport-4.1.82.Final.jar:?]
	at net.minecraft.network.LegacyQueryHandler.channelRead(LegacyQueryHandler.java:95) ~[server-intermediary.jar:?]
	at io.netty.channel.AbstractChannelHandlerContext.invokeChannelRead(AbstractChannelHandlerContext.java:379) ~[netty-transport-4.1.82.Final.jar:?]
	at io.netty.channel.AbstractChannelHandlerContext.invokeChannelRead(AbstractChannelHandlerContext.java:365) ~[netty-transport-4.1.82.Final.jar:?]
	at io.netty.channel.AbstractChannelHandlerContext.fireChannelRead(AbstractChannelHandlerContext.java:357) ~[netty-transport-4.1.82.Final.jar:?]
	at io.netty.handler.timeout.IdleStateHandler.channelRead(IdleStateHandler.java:286) ~[netty-handler-4.1.82.Final.jar:?]
	at io.netty.channel.AbstractChannelHandlerContext.invokeChannelRead(AbstractChannelHandlerContext.java:379) ~[netty-transport-4.1.82.Final.jar:?]
	at io.netty.channel.AbstractChannelHandlerContext.invokeChannelRead(AbstractChannelHandlerContext.java:365) ~[netty-transport-4.1.82.Final.jar:?]
	at io.netty.channel.AbstractChannelHandlerContext.fireChannelRead(AbstractChannelHandlerContext.java:357) ~[netty-transport-4.1.82.Final.jar:?]
	at io.netty.channel.DefaultChannelPipeline$HeadContext.channelRead(DefaultChannelPipeline.java:1410) ~[netty-transport-4.1.82.Final.jar:?]
	at io.netty.channel.AbstractChannelHandlerContext.invokeChannelRead(AbstractChannelHandlerContext.java:379) ~[netty-transport-4.1.82.Final.jar:?]
	at io.netty.channel.AbstractChannelHandlerContext.invokeChannelRead(AbstractChannelHandlerContext.java:365) ~[netty-transport-4.1.82.Final.jar:?]
	at io.netty.channel.DefaultChannelPipeline.fireChannelRead(DefaultChannelPipeline.java:919) ~[netty-transport-4.1.82.Final.jar:?]
	at io.netty.channel.epoll.AbstractEpollStreamChannel$EpollStreamUnsafe.epollInReady(AbstractEpollStreamChannel.java:800) ~[netty-transport-classes-epoll-4.1.82.Final.jar:?]
	at io.netty.channel.epoll.EpollEventLoop.processReady(EpollEventLoop.java:499) ~[netty-transport-classes-epoll-4.1.82.Final.jar:?]
	at io.netty.channel.epoll.EpollEventLoop.run(EpollEventLoop.java:397) ~[netty-transport-classes-epoll-4.1.82.Final.jar:?]
	at io.netty.util.concurrent.SingleThreadEventExecutor$4.run(SingleThreadEventExecutor.java:997) ~[netty-common-4.1.82.Final.jar:?]
	at io.netty.util.internal.ThreadExecutorMap$2.run(ThreadExecutorMap.java:74) ~[netty-common-4.1.82.Final.jar:?]
	at java.lang.Thread.run(Thread.java:840) ~[?:?]
Caused by: java.lang.IndexOutOfBoundsException: Index 50 out of bounds for length 1
	at jdk.internal.util.Preconditions.outOfBounds(Preconditions.java:64) ~[?:?]
	at jdk.internal.util.Preconditions.outOfBoundsCheckIndex(Preconditions.java:70) ~[?:?]
	at jdk.internal.util.Preconditions.checkIndex(Preconditions.java:266) ~[?:?]
	at java.util.Objects.checkIndex(Objects.java:361) ~[?:?]
	at java.util.ArrayList.get(ArrayList.java:427) ~[?:?]
	at net.minecraft.network.NetworkState$PacketHandler.createPacket(NetworkState.java:458) ~[server-intermediary.jar:?]
	at net.minecraft.network.NetworkState.getPacketHandler(NetworkState.java:522) ~[server-intermediary.jar:?]
	at net.minecraft.network.DecoderHandler.decode(DecoderHandler.java:32) ~[server-intermediary.jar:?]
	at io.netty.handler.codec.ByteToMessageDecoder.decodeRemovalReentryProtection(ByteToMessageDecoder.java:519) ~[netty-codec-4.1.82.Final.jar:?]
	at io.netty.handler.codec.ByteToMessageDecoder.callDecode(ByteToMessageDecoder.java:458) ~[netty-codec-4.1.82.Final.jar:?]
	... 29 more
[01:48:27] [Netty Epoll Server IO #0/ERROR]: Exception occurred in netty pipeline
io.netty.handler.codec.DecoderException: java.lang.IndexOutOfBoundsException: Index 50 out of bounds for length 1
	at io.netty.handler.codec.ByteToMessageDecoder.callDecode(ByteToMessageDecoder.java:489) ~[netty-codec-4.1.82.Final.jar:?]
	at io.netty.handler.codec.ByteToMessageDecoder.channelRead(ByteToMessageDecoder.java:280) ~[netty-codec-4.1.82.Final.jar:?]
	at io.netty.channel.AbstractChannelHandlerContext.invokeChannelRead(AbstractChannelHandlerContext.java:379) ~[netty-transport-4.1.82.Final.jar:?]
	at io.netty.channel.AbstractChannelHandlerContext.invokeChannelRead(AbstractChannelHandlerContext.java:365) ~[netty-transport-4.1.82.Final.jar:?]
	at io.netty.channel.AbstractChannelHandlerContext.fireChannelRead(AbstractChannelHandlerContext.java:357) ~[netty-transport-4.1.82.Final.jar:?]
	at io.netty.handler.codec.ByteToMessageDecoder.fireChannelRead(ByteToMessageDecoder.java:336) ~[netty-codec-4.1.82.Final.jar:?]
	at io.netty.handler.codec.ByteToMessageDecoder.fireChannelRead(ByteToMessageDecoder.java:323) ~[netty-codec-4.1.82.Final.jar:?]
	at io.netty.handler.codec.ByteToMessageDecoder.callDecode(ByteToMessageDecoder.java:444) ~[netty-codec-4.1.82.Final.jar:?]
	at io.netty.handler.codec.ByteToMessageDecoder.channelRead(ByteToMessageDecoder.java:280) ~[netty-codec-4.1.82.Final.jar:?]
	at io.netty.channel.AbstractChannelHandlerContext.invokeChannelRead(AbstractChannelHandlerContext.java:379) ~[netty-transport-4.1.82.Final.jar:?]
	at io.netty.channel.AbstractChannelHandlerContext.invokeChannelRead(AbstractChannelHandlerContext.java:365) ~[netty-transport-4.1.82.Final.jar:?]
	at io.netty.channel.AbstractChannelHandlerContext.fireChannelRead(AbstractChannelHandlerContext.java:357) ~[netty-transport-4.1.82.Final.jar:?]
	at net.minecraft.network.LegacyQueryHandler.channelRead(LegacyQueryHandler.java:95) ~[server-intermediary.jar:?]
	at io.netty.channel.AbstractChannelHandlerContext.invokeChannelRead(AbstractChannelHandlerContext.java:379) ~[netty-transport-4.1.82.Final.jar:?]
	at io.netty.channel.AbstractChannelHandlerContext.invokeChannelRead(AbstractChannelHandlerContext.java:365) ~[netty-transport-4.1.82.Final.jar:?]
	at io.netty.channel.AbstractChannelHandlerContext.fireChannelRead(AbstractChannelHandlerContext.java:357) ~[netty-transport-4.1.82.Final.jar:?]
	at io.netty.handler.timeout.IdleStateHandler.channelRead(IdleStateHandler.java:286) ~[netty-handler-4.1.82.Final.jar:?]
	at io.netty.channel.AbstractChannelHandlerContext.invokeChannelRead(AbstractChannelHandlerContext.java:379) ~[netty-transport-4.1.82.Final.jar:?]
	at io.netty.channel.AbstractChannelHandlerContext.invokeChannelRead(AbstractChannelHandlerContext.java:365) ~[netty-transport-4.1.82.Final.jar:?]
	at io.netty.channel.AbstractChannelHandlerContext.fireChannelRead(AbstractChannelHandlerContext.java:357) ~[netty-transport-4.1.82.Final.jar:?]
	at io.netty.channel.DefaultChannelPipeline$HeadContext.channelRead(DefaultChannelPipeline.java:1410) ~[netty-transport-4.1.82.Final.jar:?]
	at io.netty.channel.AbstractChannelHandlerContext.invokeChannelRead(AbstractChannelHandlerContext.java:379) ~[netty-transport-4.1.82.Final.jar:?]
	at io.netty.channel.AbstractChannelHandlerContext.invokeChannelRead(AbstractChannelHandlerContext.java:365) ~[netty-transport-4.1.82.Final.jar:?]
	at io.netty.channel.DefaultChannelPipeline.fireChannelRead(DefaultChannelPipeline.java:919) ~[netty-transport-4.1.82.Final.jar:?]
	at io.netty.channel.epoll.AbstractEpollStreamChannel$EpollStreamUnsafe.epollInReady(AbstractEpollStreamChannel.java:800) ~[netty-transport-classes-epoll-4.1.82.Final.jar:?]
	at io.netty.channel.epoll.EpollEventLoop.processReady(EpollEventLoop.java:499) ~[netty-transport-classes-epoll-4.1.82.Final.jar:?]
	at io.netty.channel.epoll.EpollEventLoop.run(EpollEventLoop.java:397) ~[netty-transport-classes-epoll-4.1.82.Final.jar:?]
	at io.netty.util.concurrent.SingleThreadEventExecutor$4.run(SingleThreadEventExecutor.java:997) ~[netty-common-4.1.82.Final.jar:?]
	at io.netty.util.internal.ThreadExecutorMap$2.run(ThreadExecutorMap.java:74) ~[netty-common-4.1.82.Final.jar:?]
	at java.lang.Thread.run(Thread.java:840) ~[?:?]
Caused by: java.lang.IndexOutOfBoundsException: Index 50 out of bounds for length 1
	at jdk.internal.util.Preconditions.outOfBounds(Preconditions.java:64) ~[?:?]
	at jdk.internal.util.Preconditions.outOfBoundsCheckIndex(Preconditions.java:70) ~[?:?]
	at jdk.internal.util.Preconditions.checkIndex(Preconditions.java:266) ~[?:?]
	at java.util.Objects.checkIndex(Objects.java:361) ~[?:?]
	at java.util.ArrayList.get(ArrayList.java:427) ~[?:?]
	at net.minecraft.network.NetworkState$PacketHandler.createPacket(NetworkState.java:458) ~[server-intermediary.jar:?]
	at net.minecraft.network.NetworkState.getPacketHandler(NetworkState.java:522) ~[server-intermediary.jar:?]
	at net.minecraft.network.DecoderHandler.decode(DecoderHandler.java:32) ~[server-intermediary.jar:?]
	at io.netty.handler.codec.ByteToMessageDecoder.decodeRemovalReentryProtection(ByteToMessageDecoder.java:519) ~[netty-codec-4.1.82.Final.jar:?]
	at io.netty.handler.codec.ByteToMessageDecoder.callDecode(ByteToMessageDecoder.java:458) ~[netty-codec-4.1.82.Final.jar:?]
	... 29 more
[01:53:43] [Netty Epoll Server IO #2/ERROR]: Exception occurred in netty pipeline
io.netty.handler.codec.DecoderException: java.lang.IndexOutOfBoundsException: Index 50 out of bounds for length 1
	at io.netty.handler.codec.ByteToMessageDecoder.callDecode(ByteToMessageDecoder.java:489) ~[netty-codec-4.1.82.Final.jar:?]
	at io.netty.handler.codec.ByteToMessageDecoder.channelRead(ByteToMessageDecoder.java:280) ~[netty-codec-4.1.82.Final.jar:?]
	at io.netty.channel.AbstractChannelHandlerContext.invokeChannelRead(AbstractChannelHandlerContext.java:379) ~[netty-transport-4.1.82.Final.jar:?]
	at io.netty.channel.AbstractChannelHandlerContext.invokeChannelRead(AbstractChannelHandlerContext.java:365) ~[netty-transport-4.1.82.Final.jar:?]
	at io.netty.channel.AbstractChannelHandlerContext.fireChannelRead(AbstractChannelHandlerContext.java:357) ~[netty-transport-4.1.82.Final.jar:?]
	at io.netty.handler.codec.ByteToMessageDecoder.fireChannelRead(ByteToMessageDecoder.java:336) ~[netty-codec-4.1.82.Final.jar:?]
	at io.netty.handler.codec.ByteToMessageDecoder.fireChannelRead(ByteToMessageDecoder.java:323) ~[netty-codec-4.1.82.Final.jar:?]
	at io.netty.handler.codec.ByteToMessageDecoder.callDecode(ByteToMessageDecoder.java:444) ~[netty-codec-4.1.82.Final.jar:?]
	at io.netty.handler.codec.ByteToMessageDecoder.channelRead(ByteToMessageDecoder.java:280) ~[netty-codec-4.1.82.Final.jar:?]
	at io.netty.channel.AbstractChannelHandlerContext.invokeChannelRead(AbstractChannelHandlerContext.java:379) ~[netty-transport-4.1.82.Final.jar:?]
	at io.netty.channel.AbstractChannelHandlerContext.invokeChannelRead(AbstractChannelHandlerContext.java:365) ~[netty-transport-4.1.82.Final.jar:?]
	at io.netty.channel.AbstractChannelHandlerContext.fireChannelRead(AbstractChannelHandlerContext.java:357) ~[netty-transport-4.1.82.Final.jar:?]
	at net.minecraft.network.LegacyQueryHandler.channelRead(LegacyQueryHandler.java:95) ~[server-intermediary.jar:?]
	at io.netty.channel.AbstractChannelHandlerContext.invokeChannelRead(AbstractChannelHandlerContext.java:379) ~[netty-transport-4.1.82.Final.jar:?]
	at io.netty.channel.AbstractChannelHandlerContext.invokeChannelRead(AbstractChannelHandlerContext.java:365) ~[netty-transport-4.1.82.Final.jar:?]
	at io.netty.channel.AbstractChannelHandlerContext.fireChannelRead(AbstractChannelHandlerContext.java:357) ~[netty-transport-4.1.82.Final.jar:?]
	at io.netty.handler.timeout.IdleStateHandler.channelRead(IdleStateHandler.java:286) ~[netty-handler-4.1.82.Final.jar:?]
	at io.netty.channel.AbstractChannelHandlerContext.invokeChannelRead(AbstractChannelHandlerContext.java:379) ~[netty-transport-4.1.82.Final.jar:?]
	at io.netty.channel.AbstractChannelHandlerContext.invokeChannelRead(AbstractChannelHandlerContext.java:365) ~[netty-transport-4.1.82.Final.jar:?]
	at io.netty.channel.AbstractChannelHandlerContext.fireChannelRead(AbstractChannelHandlerContext.java:357) ~[netty-transport-4.1.82.Final.jar:?]
	at io.netty.channel.DefaultChannelPipeline$HeadContext.channelRead(DefaultChannelPipeline.java:1410) ~[netty-transport-4.1.82.Final.jar:?]
	at io.netty.channel.AbstractChannelHandlerContext.invokeChannelRead(AbstractChannelHandlerContext.java:379) ~[netty-transport-4.1.82.Final.jar:?]
	at io.netty.channel.AbstractChannelHandlerContext.invokeChannelRead(AbstractChannelHandlerContext.java:365) ~[netty-transport-4.1.82.Final.jar:?]
	at io.netty.channel.DefaultChannelPipeline.fireChannelRead(DefaultChannelPipeline.java:919) ~[netty-transport-4.1.82.Final.jar:?]
	at io.netty.channel.epoll.AbstractEpollStreamChannel$EpollStreamUnsafe.epollInReady(AbstractEpollStreamChannel.java:800) ~[netty-transport-classes-epoll-4.1.82.Final.jar:?]
	at io.netty.channel.epoll.EpollEventLoop.processReady(EpollEventLoop.java:499) ~[netty-transport-classes-epoll-4.1.82.Final.jar:?]
	at io.netty.channel.epoll.EpollEventLoop.run(EpollEventLoop.java:397) ~[netty-transport-classes-epoll-4.1.82.Final.jar:?]
	at io.netty.util.concurrent.SingleThreadEventExecutor$4.run(SingleThreadEventExecutor.java:997) ~[netty-common-4.1.82.Final.jar:?]
	at io.netty.util.internal.ThreadExecutorMap$2.run(ThreadExecutorMap.java:74) ~[netty-common-4.1.82.Final.jar:?]
	at java.lang.Thread.run(Thread.java:840) ~[?:?]
Caused by: java.lang.IndexOutOfBoundsException: Index 50 out of bounds for length 1
	at jdk.internal.util.Preconditions.outOfBounds(Preconditions.java:64) ~[?:?]
	at jdk.internal.util.Preconditions.outOfBoundsCheckIndex(Preconditions.java:70) ~[?:?]
	at jdk.internal.util.Preconditions.checkIndex(Preconditions.java:266) ~[?:?]
	at java.util.Objects.checkIndex(Objects.java:361) ~[?:?]
	at java.util.ArrayList.get(ArrayList.java:427) ~[?:?]
	at net.minecraft.network.NetworkState$PacketHandler.createPacket(NetworkState.java:458) ~[server-intermediary.jar:?]
	at net.minecraft.network.NetworkState.getPacketHandler(NetworkState.java:522) ~[server-intermediary.jar:?]
	at net.minecraft.network.DecoderHandler.decode(DecoderHandler.java:32) ~[server-intermediary.jar:?]
	at io.netty.handler.codec.ByteToMessageDecoder.decodeRemovalReentryProtection(ByteToMessageDecoder.java:519) ~[netty-codec-4.1.82.Final.jar:?]
	at io.netty.handler.codec.ByteToMessageDecoder.callDecode(ByteToMessageDecoder.java:458) ~[netty-codec-4.1.82.Final.jar:?]
	... 29 more
[01:53:59] [Netty Epoll Server IO #4/ERROR]: Exception occurred in netty pipeline
io.netty.handler.codec.DecoderException: java.lang.IndexOutOfBoundsException: Index 50 out of bounds for length 1
	at io.netty.handler.codec.ByteToMessageDecoder.callDecode(ByteToMessageDecoder.java:489) ~[netty-codec-4.1.82.Final.jar:?]
	at io.netty.handler.codec.ByteToMessageDecoder.channelRead(ByteToMessageDecoder.java:280) ~[netty-codec-4.1.82.Final.jar:?]
	at io.netty.channel.AbstractChannelHandlerContext.invokeChannelRead(AbstractChannelHandlerContext.java:379) ~[netty-transport-4.1.82.Final.jar:?]
	at io.netty.channel.AbstractChannelHandlerContext.invokeChannelRead(AbstractChannelHandlerContext.java:365) ~[netty-transport-4.1.82.Final.jar:?]
	at io.netty.channel.AbstractChannelHandlerContext.fireChannelRead(AbstractChannelHandlerContext.java:357) ~[netty-transport-4.1.82.Final.jar:?]
	at io.netty.handler.codec.ByteToMessageDecoder.fireChannelRead(ByteToMessageDecoder.java:336) ~[netty-codec-4.1.82.Final.jar:?]
	at io.netty.handler.codec.ByteToMessageDecoder.fireChannelRead(ByteToMessageDecoder.java:323) ~[netty-codec-4.1.82.Final.jar:?]
	at io.netty.handler.codec.ByteToMessageDecoder.callDecode(ByteToMessageDecoder.java:444) ~[netty-codec-4.1.82.Final.jar:?]
	at io.netty.handler.codec.ByteToMessageDecoder.channelRead(ByteToMessageDecoder.java:280) ~[netty-codec-4.1.82.Final.jar:?]
	at io.netty.channel.AbstractChannelHandlerContext.invokeChannelRead(AbstractChannelHandlerContext.java:379) ~[netty-transport-4.1.82.Final.jar:?]
	at io.netty.channel.AbstractChannelHandlerContext.invokeChannelRead(AbstractChannelHandlerContext.java:365) ~[netty-transport-4.1.82.Final.jar:?]
	at io.netty.channel.AbstractChannelHandlerContext.fireChannelRead(AbstractChannelHandlerContext.java:357) ~[netty-transport-4.1.82.Final.jar:?]
	at net.minecraft.network.LegacyQueryHandler.channelRead(LegacyQueryHandler.java:95) ~[server-intermediary.jar:?]
	at io.netty.channel.AbstractChannelHandlerContext.invokeChannelRead(AbstractChannelHandlerContext.java:379) ~[netty-transport-4.1.82.Final.jar:?]
	at io.netty.channel.AbstractChannelHandlerContext.invokeChannelRead(AbstractChannelHandlerContext.java:365) ~[netty-transport-4.1.82.Final.jar:?]
	at io.netty.channel.AbstractChannelHandlerContext.fireChannelRead(AbstractChannelHandlerContext.java:357) ~[netty-transport-4.1.82.Final.jar:?]
	at io.netty.handler.timeout.IdleStateHandler.channelRead(IdleStateHandler.java:286) ~[netty-handler-4.1.82.Final.jar:?]
	at io.netty.channel.AbstractChannelHandlerContext.invokeChannelRead(AbstractChannelHandlerContext.java:379) ~[netty-transport-4.1.82.Final.jar:?]
	at io.netty.channel.AbstractChannelHandlerContext.invokeChannelRead(AbstractChannelHandlerContext.java:365) ~[netty-transport-4.1.82.Final.jar:?]
	at io.netty.channel.AbstractChannelHandlerContext.fireChannelRead(AbstractChannelHandlerContext.java:357) ~[netty-transport-4.1.82.Final.jar:?]
	at io.netty.channel.DefaultChannelPipeline$HeadContext.channelRead(DefaultChannelPipeline.java:1410) ~[netty-transport-4.1.82.Final.jar:?]
	at io.netty.channel.AbstractChannelHandlerContext.invokeChannelRead(AbstractChannelHandlerContext.java:379) ~[netty-transport-4.1.82.Final.jar:?]
	at io.netty.channel.AbstractChannelHandlerContext.invokeChannelRead(AbstractChannelHandlerContext.java:365) ~[netty-transport-4.1.82.Final.jar:?]
	at io.netty.channel.DefaultChannelPipeline.fireChannelRead(DefaultChannelPipeline.java:919) ~[netty-transport-4.1.82.Final.jar:?]
	at io.netty.channel.epoll.AbstractEpollStreamChannel$EpollStreamUnsafe.epollInReady(AbstractEpollStreamChannel.java:800) ~[netty-transport-classes-epoll-4.1.82.Final.jar:?]
	at io.netty.channel.epoll.EpollEventLoop.processReady(EpollEventLoop.java:499) ~[netty-transport-classes-epoll-4.1.82.Final.jar:?]
	at io.netty.channel.epoll.EpollEventLoop.run(EpollEventLoop.java:397) ~[netty-transport-classes-epoll-4.1.82.Final.jar:?]
	at io.netty.util.concurrent.SingleThreadEventExecutor$4.run(SingleThreadEventExecutor.java:997) ~[netty-common-4.1.82.Final.jar:?]
	at io.netty.util.internal.ThreadExecutorMap$2.run(ThreadExecutorMap.java:74) ~[netty-common-4.1.82.Final.jar:?]
	at java.lang.Thread.run(Thread.java:840) ~[?:?]
Caused by: java.lang.IndexOutOfBoundsException: Index 50 out of bounds for length 1
	at jdk.internal.util.Preconditions.outOfBounds(Preconditions.java:64) ~[?:?]
	at jdk.internal.util.Preconditions.outOfBoundsCheckIndex(Preconditions.java:70) ~[?:?]
	at jdk.internal.util.Preconditions.checkIndex(Preconditions.java:266) ~[?:?]
	at java.util.Objects.checkIndex(Objects.java:361) ~[?:?]
	at java.util.ArrayList.get(ArrayList.java:427) ~[?:?]
	at net.minecraft.network.NetworkState$PacketHandler.createPacket(NetworkState.java:458) ~[server-intermediary.jar:?]
	at net.minecraft.network.NetworkState.getPacketHandler(NetworkState.java:522) ~[server-intermediary.jar:?]
	at net.minecraft.network.DecoderHandler.decode(DecoderHandler.java:32) ~[server-intermediary.jar:?]
	at io.netty.handler.codec.ByteToMessageDecoder.decodeRemovalReentryProtection(ByteToMessageDecoder.java:519) ~[netty-codec-4.1.82.Final.jar:?]
	at io.netty.handler.codec.ByteToMessageDecoder.callDecode(ByteToMessageDecoder.java:458) ~[netty-codec-4.1.82.Final.jar:?]
	... 29 more
[01:58:59] [Netty Epoll Server IO #5/ERROR]: Exception occurred in netty pipeline
io.netty.handler.codec.DecoderException: java.lang.IndexOutOfBoundsException: Index 50 out of bounds for length 1
	at io.netty.handler.codec.ByteToMessageDecoder.callDecode(ByteToMessageDecoder.java:489) ~[netty-codec-4.1.82.Final.jar:?]
	at io.netty.handler.codec.ByteToMessageDecoder.channelRead(ByteToMessageDecoder.java:280) ~[netty-codec-4.1.82.Final.jar:?]
	at io.netty.channel.AbstractChannelHandlerContext.invokeChannelRead(AbstractChannelHandlerContext.java:379) ~[netty-transport-4.1.82.Final.jar:?]
	at io.netty.channel.AbstractChannelHandlerContext.invokeChannelRead(AbstractChannelHandlerContext.java:365) ~[netty-transport-4.1.82.Final.jar:?]
	at io.netty.channel.AbstractChannelHandlerContext.fireChannelRead(AbstractChannelHandlerContext.java:357) ~[netty-transport-4.1.82.Final.jar:?]
	at io.netty.handler.codec.ByteToMessageDecoder.fireChannelRead(ByteToMessageDecoder.java:336) ~[netty-codec-4.1.82.Final.jar:?]
	at io.netty.handler.codec.ByteToMessageDecoder.fireChannelRead(ByteToMessageDecoder.java:323) ~[netty-codec-4.1.82.Final.jar:?]
	at io.netty.handler.codec.ByteToMessageDecoder.callDecode(ByteToMessageDecoder.java:444) ~[netty-codec-4.1.82.Final.jar:?]
	at io.netty.handler.codec.ByteToMessageDecoder.channelRead(ByteToMessageDecoder.java:280) ~[netty-codec-4.1.82.Final.jar:?]
	at io.netty.channel.AbstractChannelHandlerContext.invokeChannelRead(AbstractChannelHandlerContext.java:379) ~[netty-transport-4.1.82.Final.jar:?]
	at io.netty.channel.AbstractChannelHandlerContext.invokeChannelRead(AbstractChannelHandlerContext.java:365) ~[netty-transport-4.1.82.Final.jar:?]
	at io.netty.channel.AbstractChannelHandlerContext.fireChannelRead(AbstractChannelHandlerContext.java:357) ~[netty-transport-4.1.82.Final.jar:?]
	at io.netty.handler.timeout.IdleStateHandler.channelRead(IdleStateHandler.java:286) ~[netty-handler-4.1.82.Final.jar:?]
	at io.netty.channel.AbstractChannelHandlerContext.invokeChannelRead(AbstractChannelHandlerContext.java:379) ~[netty-transport-4.1.82.Final.jar:?]
	at io.netty.channel.AbstractChannelHandlerContext.invokeChannelRead(AbstractChannelHandlerContext.java:365) ~[netty-transport-4.1.82.Final.jar:?]
	at io.netty.channel.AbstractChannelHandlerContext.fireChannelRead(AbstractChannelHandlerContext.java:357) ~[netty-transport-4.1.82.Final.jar:?]
	at io.netty.channel.DefaultChannelPipeline$HeadContext.channelRead(DefaultChannelPipeline.java:1410) ~[netty-transport-4.1.82.Final.jar:?]
	at io.netty.channel.AbstractChannelHandlerContext.invokeChannelRead(AbstractChannelHandlerContext.java:379) ~[netty-transport-4.1.82.Final.jar:?]
	at io.netty.channel.AbstractChannelHandlerContext.invokeChannelRead(AbstractChannelHandlerContext.java:365) ~[netty-transport-4.1.82.Final.jar:?]
	at io.netty.channel.DefaultChannelPipeline.fireChannelRead(DefaultChannelPipeline.java:919) ~[netty-transport-4.1.82.Final.jar:?]
	at io.netty.channel.epoll.AbstractEpollStreamChannel$EpollStreamUnsafe.epollInReady(AbstractEpollStreamChannel.java:800) ~[netty-transport-classes-epoll-4.1.82.Final.jar:?]
	at io.netty.channel.epoll.EpollEventLoop.processReady(EpollEventLoop.java:499) ~[netty-transport-classes-epoll-4.1.82.Final.jar:?]
	at io.netty.channel.epoll.EpollEventLoop.run(EpollEventLoop.java:397) ~[netty-transport-classes-epoll-4.1.82.Final.jar:?]
	at io.netty.util.concurrent.SingleThreadEventExecutor$4.run(SingleThreadEventExecutor.java:997) ~[netty-common-4.1.82.Final.jar:?]
	at io.netty.util.internal.ThreadExecutorMap$2.run(ThreadExecutorMap.java:74) ~[netty-common-4.1.82.Final.jar:?]
	at java.lang.Thread.run(Thread.java:840) ~[?:?]
Caused by: java.lang.IndexOutOfBoundsException: Index 50 out of bounds for length 1
	at jdk.internal.util.Preconditions.outOfBounds(Preconditions.java:64) ~[?:?]
	at jdk.internal.util.Preconditions.outOfBoundsCheckIndex(Preconditions.java:70) ~[?:?]
	at jdk.internal.util.Preconditions.checkIndex(Preconditions.java:266) ~[?:?]
	at java.util.Objects.checkIndex(Objects.java:361) ~[?:?]
	at java.util.ArrayList.get(ArrayList.java:427) ~[?:?]
	at net.minecraft.network.NetworkState$PacketHandler.createPacket(NetworkState.java:458) ~[server-intermediary.jar:?]
	at net.minecraft.network.NetworkState.getPacketHandler(NetworkState.java:522) ~[server-intermediary.jar:?]
	at net.minecraft.network.DecoderHandler.decode(DecoderHandler.java:32) ~[server-intermediary.jar:?]
	at io.netty.handler.codec.ByteToMessageDecoder.decodeRemovalReentryProtection(ByteToMessageDecoder.java:519) ~[netty-codec-4.1.82.Final.jar:?]
	at io.netty.handler.codec.ByteToMessageDecoder.callDecode(ByteToMessageDecoder.java:458) ~[netty-codec-4.1.82.Final.jar:?]
	... 25 more
[01:59:00] [Netty Epoll Server IO #7/ERROR]: Exception occurred in netty pipeline
io.netty.handler.codec.DecoderException: java.lang.IndexOutOfBoundsException: Index 50 out of bounds for length 1
	at io.netty.handler.codec.ByteToMessageDecoder.callDecode(ByteToMessageDecoder.java:489) ~[netty-codec-4.1.82.Final.jar:?]
	at io.netty.handler.codec.ByteToMessageDecoder.channelRead(ByteToMessageDecoder.java:280) ~[netty-codec-4.1.82.Final.jar:?]
	at io.netty.channel.AbstractChannelHandlerContext.invokeChannelRead(AbstractChannelHandlerContext.java:379) ~[netty-transport-4.1.82.Final.jar:?]
	at io.netty.channel.AbstractChannelHandlerContext.invokeChannelRead(AbstractChannelHandlerContext.java:365) ~[netty-transport-4.1.82.Final.jar:?]
	at io.netty.channel.AbstractChannelHandlerContext.fireChannelRead(AbstractChannelHandlerContext.java:357) ~[netty-transport-4.1.82.Final.jar:?]
	at io.netty.handler.codec.ByteToMessageDecoder.fireChannelRead(ByteToMessageDecoder.java:336) ~[netty-codec-4.1.82.Final.jar:?]
	at io.netty.handler.codec.ByteToMessageDecoder.fireChannelRead(ByteToMessageDecoder.java:323) ~[netty-codec-4.1.82.Final.jar:?]
	at io.netty.handler.codec.ByteToMessageDecoder.callDecode(ByteToMessageDecoder.java:444) ~[netty-codec-4.1.82.Final.jar:?]
	at io.netty.handler.codec.ByteToMessageDecoder.channelRead(ByteToMessageDecoder.java:280) ~[netty-codec-4.1.82.Final.jar:?]
	at io.netty.channel.AbstractChannelHandlerContext.invokeChannelRead(AbstractChannelHandlerContext.java:379) ~[netty-transport-4.1.82.Final.jar:?]
	at io.netty.channel.AbstractChannelHandlerContext.invokeChannelRead(AbstractChannelHandlerContext.java:365) ~[netty-transport-4.1.82.Final.jar:?]
	at io.netty.channel.AbstractChannelHandlerContext.fireChannelRead(AbstractChannelHandlerContext.java:357) ~[netty-transport-4.1.82.Final.jar:?]
	at net.minecraft.network.LegacyQueryHandler.channelRead(LegacyQueryHandler.java:95) ~[server-intermediary.jar:?]
	at io.netty.channel.AbstractChannelHandlerContext.invokeChannelRead(AbstractChannelHandlerContext.java:379) ~[netty-transport-4.1.82.Final.jar:?]
	at io.netty.channel.AbstractChannelHandlerContext.invokeChannelRead(AbstractChannelHandlerContext.java:365) ~[netty-transport-4.1.82.Final.jar:?]
	at io.netty.channel.AbstractChannelHandlerContext.fireChannelRead(AbstractChannelHandlerContext.java:357) ~[netty-transport-4.1.82.Final.jar:?]
	at io.netty.handler.timeout.IdleStateHandler.channelRead(IdleStateHandler.java:286) ~[netty-handler-4.1.82.Final.jar:?]
	at io.netty.channel.AbstractChannelHandlerContext.invokeChannelRead(AbstractChannelHandlerContext.java:379) ~[netty-transport-4.1.82.Final.jar:?]
	at io.netty.channel.AbstractChannelHandlerContext.invokeChannelRead(AbstractChannelHandlerContext.java:365) ~[netty-transport-4.1.82.Final.jar:?]
	at io.netty.channel.AbstractChannelHandlerContext.fireChannelRead(AbstractChannelHandlerContext.java:357) ~[netty-transport-4.1.82.Final.jar:?]
	at io.netty.channel.DefaultChannelPipeline$HeadContext.channelRead(DefaultChannelPipeline.java:1410) ~[netty-transport-4.1.82.Final.jar:?]
	at io.netty.channel.AbstractChannelHandlerContext.invokeChannelRead(AbstractChannelHandlerContext.java:379) ~[netty-transport-4.1.82.Final.jar:?]
	at io.netty.channel.AbstractChannelHandlerContext.invokeChannelRead(AbstractChannelHandlerContext.java:365) ~[netty-transport-4.1.82.Final.jar:?]
	at io.netty.channel.DefaultChannelPipeline.fireChannelRead(DefaultChannelPipeline.java:919) ~[netty-transport-4.1.82.Final.jar:?]
	at io.netty.channel.epoll.AbstractEpollStreamChannel$EpollStreamUnsafe.epollInReady(AbstractEpollStreamChannel.java:800) ~[netty-transport-classes-epoll-4.1.82.Final.jar:?]
	at io.netty.channel.epoll.EpollEventLoop.processReady(EpollEventLoop.java:499) ~[netty-transport-classes-epoll-4.1.82.Final.jar:?]
	at io.netty.channel.epoll.EpollEventLoop.run(EpollEventLoop.java:397) ~[netty-transport-classes-epoll-4.1.82.Final.jar:?]
	at io.netty.util.concurrent.SingleThreadEventExecutor$4.run(SingleThreadEventExecutor.java:997) ~[netty-common-4.1.82.Final.jar:?]
	at io.netty.util.internal.ThreadExecutorMap$2.run(ThreadExecutorMap.java:74) ~[netty-common-4.1.82.Final.jar:?]
	at java.lang.Thread.run(Thread.java:840) ~[?:?]
Caused by: java.lang.IndexOutOfBoundsException: Index 50 out of bounds for length 1
	at jdk.internal.util.Preconditions.outOfBounds(Preconditions.java:64) ~[?:?]
	at jdk.internal.util.Preconditions.outOfBoundsCheckIndex(Preconditions.java:70) ~[?:?]
	at jdk.internal.util.Preconditions.checkIndex(Preconditions.java:266) ~[?:?]
	at java.util.Objects.checkIndex(Objects.java:361) ~[?:?]
	at java.util.ArrayList.get(ArrayList.java:427) ~[?:?]
	at net.minecraft.network.NetworkState$PacketHandler.createPacket(NetworkState.java:458) ~[server-intermediary.jar:?]
	at net.minecraft.network.NetworkState.getPacketHandler(NetworkState.java:522) ~[server-intermediary.jar:?]
	at net.minecraft.network.DecoderHandler.decode(DecoderHandler.java:32) ~[server-intermediary.jar:?]
	at io.netty.handler.codec.ByteToMessageDecoder.decodeRemovalReentryProtection(ByteToMessageDecoder.java:519) ~[netty-codec-4.1.82.Final.jar:?]
	at io.netty.handler.codec.ByteToMessageDecoder.callDecode(ByteToMessageDecoder.java:458) ~[netty-codec-4.1.82.Final.jar:?]
	... 29 more
[02:04:17] [Netty Epoll Server IO #0/ERROR]: Exception occurred in netty pipeline
io.netty.handler.codec.DecoderException: java.lang.IndexOutOfBoundsException: Index 50 out of bounds for length 1
	at io.netty.handler.codec.ByteToMessageDecoder.callDecode(ByteToMessageDecoder.java:489) ~[netty-codec-4.1.82.Final.jar:?]
	at io.netty.handler.codec.ByteToMessageDecoder.channelRead(ByteToMessageDecoder.java:280) ~[netty-codec-4.1.82.Final.jar:?]
	at io.netty.channel.AbstractChannelHandlerContext.invokeChannelRead(AbstractChannelHandlerContext.java:379) ~[netty-transport-4.1.82.Final.jar:?]
	at io.netty.channel.AbstractChannelHandlerContext.invokeChannelRead(AbstractChannelHandlerContext.java:365) ~[netty-transport-4.1.82.Final.jar:?]
	at io.netty.channel.AbstractChannelHandlerContext.fireChannelRead(AbstractChannelHandlerContext.java:357) ~[netty-transport-4.1.82.Final.jar:?]
	at io.netty.handler.codec.ByteToMessageDecoder.fireChannelRead(ByteToMessageDecoder.java:336) ~[netty-codec-4.1.82.Final.jar:?]
	at io.netty.handler.codec.ByteToMessageDecoder.fireChannelRead(ByteToMessageDecoder.java:323) ~[netty-codec-4.1.82.Final.jar:?]
	at io.netty.handler.codec.ByteToMessageDecoder.callDecode(ByteToMessageDecoder.java:444) ~[netty-codec-4.1.82.Final.jar:?]
	at io.netty.handler.codec.ByteToMessageDecoder.channelRead(ByteToMessageDecoder.java:280) ~[netty-codec-4.1.82.Final.jar:?]
	at io.netty.channel.AbstractChannelHandlerContext.invokeChannelRead(AbstractChannelHandlerContext.java:379) ~[netty-transport-4.1.82.Final.jar:?]
	at io.netty.channel.AbstractChannelHandlerContext.invokeChannelRead(AbstractChannelHandlerContext.java:365) ~[netty-transport-4.1.82.Final.jar:?]
	at io.netty.channel.AbstractChannelHandlerContext.fireChannelRead(AbstractChannelHandlerContext.java:357) ~[netty-transport-4.1.82.Final.jar:?]
	at net.minecraft.network.LegacyQueryHandler.channelRead(LegacyQueryHandler.java:95) ~[server-intermediary.jar:?]
	at io.netty.channel.AbstractChannelHandlerContext.invokeChannelRead(AbstractChannelHandlerContext.java:379) ~[netty-transport-4.1.82.Final.jar:?]
	at io.netty.channel.AbstractChannelHandlerContext.invokeChannelRead(AbstractChannelHandlerContext.java:365) ~[netty-transport-4.1.82.Final.jar:?]
	at io.netty.channel.AbstractChannelHandlerContext.fireChannelRead(AbstractChannelHandlerContext.java:357) ~[netty-transport-4.1.82.Final.jar:?]
	at io.netty.handler.timeout.IdleStateHandler.channelRead(IdleStateHandler.java:286) ~[netty-handler-4.1.82.Final.jar:?]
	at io.netty.channel.AbstractChannelHandlerContext.invokeChannelRead(AbstractChannelHandlerContext.java:379) ~[netty-transport-4.1.82.Final.jar:?]
	at io.netty.channel.AbstractChannelHandlerContext.invokeChannelRead(AbstractChannelHandlerContext.java:365) ~[netty-transport-4.1.82.Final.jar:?]
	at io.netty.channel.AbstractChannelHandlerContext.fireChannelRead(AbstractChannelHandlerContext.java:357) ~[netty-transport-4.1.82.Final.jar:?]
	at io.netty.channel.DefaultChannelPipeline$HeadContext.channelRead(DefaultChannelPipeline.java:1410) ~[netty-transport-4.1.82.Final.jar:?]
	at io.netty.channel.AbstractChannelHandlerContext.invokeChannelRead(AbstractChannelHandlerContext.java:379) ~[netty-transport-4.1.82.Final.jar:?]
	at io.netty.channel.AbstractChannelHandlerContext.invokeChannelRead(AbstractChannelHandlerContext.java:365) ~[netty-transport-4.1.82.Final.jar:?]
	at io.netty.channel.DefaultChannelPipeline.fireChannelRead(DefaultChannelPipeline.java:919) ~[netty-transport-4.1.82.Final.jar:?]
	at io.netty.channel.epoll.AbstractEpollStreamChannel$EpollStreamUnsafe.epollInReady(AbstractEpollStreamChannel.java:800) ~[netty-transport-classes-epoll-4.1.82.Final.jar:?]
	at io.netty.channel.epoll.EpollEventLoop.processReady(EpollEventLoop.java:499) ~[netty-transport-classes-epoll-4.1.82.Final.jar:?]
	at io.netty.channel.epoll.EpollEventLoop.run(EpollEventLoop.java:397) ~[netty-transport-classes-epoll-4.1.82.Final.jar:?]
	at io.netty.util.concurrent.SingleThreadEventExecutor$4.run(SingleThreadEventExecutor.java:997) ~[netty-common-4.1.82.Final.jar:?]
	at io.netty.util.internal.ThreadExecutorMap$2.run(ThreadExecutorMap.java:74) ~[netty-common-4.1.82.Final.jar:?]
	at java.lang.Thread.run(Thread.java:840) ~[?:?]
Caused by: java.lang.IndexOutOfBoundsException: Index 50 out of bounds for length 1
	at jdk.internal.util.Preconditions.outOfBounds(Preconditions.java:64) ~[?:?]
	at jdk.internal.util.Preconditions.outOfBoundsCheckIndex(Preconditions.java:70) ~[?:?]
	at jdk.internal.util.Preconditions.checkIndex(Preconditions.java:266) ~[?:?]
	at java.util.Objects.checkIndex(Objects.java:361) ~[?:?]
	at java.util.ArrayList.get(ArrayList.java:427) ~[?:?]
	at net.minecraft.network.NetworkState$PacketHandler.createPacket(NetworkState.java:458) ~[server-intermediary.jar:?]
	at net.minecraft.network.NetworkState.getPacketHandler(NetworkState.java:522) ~[server-intermediary.jar:?]
	at net.minecraft.network.DecoderHandler.decode(DecoderHandler.java:32) ~[server-intermediary.jar:?]
	at io.netty.handler.codec.ByteToMessageDecoder.decodeRemovalReentryProtection(ByteToMessageDecoder.java:519) ~[netty-codec-4.1.82.Final.jar:?]
	at io.netty.handler.codec.ByteToMessageDecoder.callDecode(ByteToMessageDecoder.java:458) ~[netty-codec-4.1.82.Final.jar:?]
	... 29 more
[02:05:41] [Netty Epoll Server IO #2/ERROR]: Exception occurred in netty pipeline
io.netty.handler.codec.DecoderException: java.lang.IndexOutOfBoundsException: Index 3 out of bounds for length 1
	at io.netty.handler.codec.ByteToMessageDecoder.callDecode(ByteToMessageDecoder.java:489) ~[netty-codec-4.1.82.Final.jar:?]
	at io.netty.handler.codec.ByteToMessageDecoder.channelRead(ByteToMessageDecoder.java:280) ~[netty-codec-4.1.82.Final.jar:?]
	at io.netty.channel.AbstractChannelHandlerContext.invokeChannelRead(AbstractChannelHandlerContext.java:379) ~[netty-transport-4.1.82.Final.jar:?]
	at io.netty.channel.AbstractChannelHandlerContext.invokeChannelRead(AbstractChannelHandlerContext.java:365) ~[netty-transport-4.1.82.Final.jar:?]
	at io.netty.channel.AbstractChannelHandlerContext.fireChannelRead(AbstractChannelHandlerContext.java:357) ~[netty-transport-4.1.82.Final.jar:?]
	at io.netty.handler.codec.ByteToMessageDecoder.fireChannelRead(ByteToMessageDecoder.java:336) ~[netty-codec-4.1.82.Final.jar:?]
	at io.netty.handler.codec.ByteToMessageDecoder.fireChannelRead(ByteToMessageDecoder.java:323) ~[netty-codec-4.1.82.Final.jar:?]
	at io.netty.handler.codec.ByteToMessageDecoder.callDecode(ByteToMessageDecoder.java:444) ~[netty-codec-4.1.82.Final.jar:?]
	at io.netty.handler.codec.ByteToMessageDecoder.channelRead(ByteToMessageDecoder.java:280) ~[netty-codec-4.1.82.Final.jar:?]
	at io.netty.channel.AbstractChannelHandlerContext.invokeChannelRead(AbstractChannelHandlerContext.java:379) ~[netty-transport-4.1.82.Final.jar:?]
	at io.netty.channel.AbstractChannelHandlerContext.invokeChannelRead(AbstractChannelHandlerContext.java:365) ~[netty-transport-4.1.82.Final.jar:?]
	at io.netty.channel.AbstractChannelHandlerContext.fireChannelRead(AbstractChannelHandlerContext.java:357) ~[netty-transport-4.1.82.Final.jar:?]
	at net.minecraft.network.LegacyQueryHandler.channelRead(LegacyQueryHandler.java:95) ~[server-intermediary.jar:?]
	at io.netty.channel.AbstractChannelHandlerContext.invokeChannelRead(AbstractChannelHandlerContext.java:379) ~[netty-transport-4.1.82.Final.jar:?]
	at io.netty.channel.AbstractChannelHandlerContext.invokeChannelRead(AbstractChannelHandlerContext.java:365) ~[netty-transport-4.1.82.Final.jar:?]
	at io.netty.channel.AbstractChannelHandlerContext.fireChannelRead(AbstractChannelHandlerContext.java:357) ~[netty-transport-4.1.82.Final.jar:?]
	at io.netty.handler.timeout.IdleStateHandler.channelRead(IdleStateHandler.java:286) ~[netty-handler-4.1.82.Final.jar:?]
	at io.netty.channel.AbstractChannelHandlerContext.invokeChannelRead(AbstractChannelHandlerContext.java:379) ~[netty-transport-4.1.82.Final.jar:?]
	at io.netty.channel.AbstractChannelHandlerContext.invokeChannelRead(AbstractChannelHandlerContext.java:365) ~[netty-transport-4.1.82.Final.jar:?]
	at io.netty.channel.AbstractChannelHandlerContext.fireChannelRead(AbstractChannelHandlerContext.java:357) ~[netty-transport-4.1.82.Final.jar:?]
	at io.netty.channel.DefaultChannelPipeline$HeadContext.channelRead(DefaultChannelPipeline.java:1410) ~[netty-transport-4.1.82.Final.jar:?]
	at io.netty.channel.AbstractChannelHandlerContext.invokeChannelRead(AbstractChannelHandlerContext.java:379) ~[netty-transport-4.1.82.Final.jar:?]
	at io.netty.channel.AbstractChannelHandlerContext.invokeChannelRead(AbstractChannelHandlerContext.java:365) ~[netty-transport-4.1.82.Final.jar:?]
	at io.netty.channel.DefaultChannelPipeline.fireChannelRead(DefaultChannelPipeline.java:919) ~[netty-transport-4.1.82.Final.jar:?]
	at io.netty.channel.epoll.AbstractEpollStreamChannel$EpollStreamUnsafe.epollInReady(AbstractEpollStreamChannel.java:800) ~[netty-transport-classes-epoll-4.1.82.Final.jar:?]
	at io.netty.channel.epoll.EpollEventLoop.processReady(EpollEventLoop.java:499) ~[netty-transport-classes-epoll-4.1.82.Final.jar:?]
	at io.netty.channel.epoll.EpollEventLoop.run(EpollEventLoop.java:397) ~[netty-transport-classes-epoll-4.1.82.Final.jar:?]
	at io.netty.util.concurrent.SingleThreadEventExecutor$4.run(SingleThreadEventExecutor.java:997) ~[netty-common-4.1.82.Final.jar:?]
	at io.netty.util.internal.ThreadExecutorMap$2.run(ThreadExecutorMap.java:74) ~[netty-common-4.1.82.Final.jar:?]
	at java.lang.Thread.run(Thread.java:840) ~[?:?]
Caused by: java.lang.IndexOutOfBoundsException: Index 3 out of bounds for length 1
	at jdk.internal.util.Preconditions.outOfBounds(Preconditions.java:64) ~[?:?]
	at jdk.internal.util.Preconditions.outOfBoundsCheckIndex(Preconditions.java:70) ~[?:?]
	at jdk.internal.util.Preconditions.checkIndex(Preconditions.java:266) ~[?:?]
	at java.util.Objects.checkIndex(Objects.java:361) ~[?:?]
	at java.util.ArrayList.get(ArrayList.java:427) ~[?:?]
	at net.minecraft.network.NetworkState$PacketHandler.createPacket(NetworkState.java:458) ~[server-intermediary.jar:?]
	at net.minecraft.network.NetworkState.getPacketHandler(NetworkState.java:522) ~[server-intermediary.jar:?]
	at net.minecraft.network.DecoderHandler.decode(DecoderHandler.java:32) ~[server-intermediary.jar:?]
	at io.netty.handler.codec.ByteToMessageDecoder.decodeRemovalReentryProtection(ByteToMessageDecoder.java:519) ~[netty-codec-4.1.82.Final.jar:?]
	at io.netty.handler.codec.ByteToMessageDecoder.callDecode(ByteToMessageDecoder.java:458) ~[netty-codec-4.1.82.Final.jar:?]
	... 29 more
[02:05:42] [Netty Epoll Server IO #4/ERROR]: Exception occurred in netty pipeline
io.netty.handler.codec.DecoderException: java.lang.IndexOutOfBoundsException: Index 3 out of bounds for length 1
	at io.netty.handler.codec.ByteToMessageDecoder.callDecode(ByteToMessageDecoder.java:489) ~[netty-codec-4.1.82.Final.jar:?]
	at io.netty.handler.codec.ByteToMessageDecoder.channelRead(ByteToMessageDecoder.java:280) ~[netty-codec-4.1.82.Final.jar:?]
	at io.netty.channel.AbstractChannelHandlerContext.invokeChannelRead(AbstractChannelHandlerContext.java:379) ~[netty-transport-4.1.82.Final.jar:?]
	at io.netty.channel.AbstractChannelHandlerContext.invokeChannelRead(AbstractChannelHandlerContext.java:365) ~[netty-transport-4.1.82.Final.jar:?]
	at io.netty.channel.AbstractChannelHandlerContext.fireChannelRead(AbstractChannelHandlerContext.java:357) ~[netty-transport-4.1.82.Final.jar:?]
	at io.netty.handler.codec.ByteToMessageDecoder.fireChannelRead(ByteToMessageDecoder.java:336) ~[netty-codec-4.1.82.Final.jar:?]
	at io.netty.handler.codec.ByteToMessageDecoder.fireChannelRead(ByteToMessageDecoder.java:323) ~[netty-codec-4.1.82.Final.jar:?]
	at io.netty.handler.codec.ByteToMessageDecoder.callDecode(ByteToMessageDecoder.java:444) ~[netty-codec-4.1.82.Final.jar:?]
	at io.netty.handler.codec.ByteToMessageDecoder.channelRead(ByteToMessageDecoder.java:280) ~[netty-codec-4.1.82.Final.jar:?]
	at io.netty.channel.AbstractChannelHandlerContext.invokeChannelRead(AbstractChannelHandlerContext.java:379) ~[netty-transport-4.1.82.Final.jar:?]
	at io.netty.channel.AbstractChannelHandlerContext.invokeChannelRead(AbstractChannelHandlerContext.java:365) ~[netty-transport-4.1.82.Final.jar:?]
	at io.netty.channel.AbstractChannelHandlerContext.fireChannelRead(AbstractChannelHandlerContext.java:357) ~[netty-transport-4.1.82.Final.jar:?]
	at net.minecraft.network.LegacyQueryHandler.channelRead(LegacyQueryHandler.java:95) ~[server-intermediary.jar:?]
	at io.netty.channel.AbstractChannelHandlerContext.invokeChannelRead(AbstractChannelHandlerContext.java:379) ~[netty-transport-4.1.82.Final.jar:?]
	at io.netty.channel.AbstractChannelHandlerContext.invokeChannelRead(AbstractChannelHandlerContext.java:365) ~[netty-transport-4.1.82.Final.jar:?]
	at io.netty.channel.AbstractChannelHandlerContext.fireChannelRead(AbstractChannelHandlerContext.java:357) ~[netty-transport-4.1.82.Final.jar:?]
	at io.netty.handler.timeout.IdleStateHandler.channelRead(IdleStateHandler.java:286) ~[netty-handler-4.1.82.Final.jar:?]
	at io.netty.channel.AbstractChannelHandlerContext.invokeChannelRead(AbstractChannelHandlerContext.java:379) ~[netty-transport-4.1.82.Final.jar:?]
	at io.netty.channel.AbstractChannelHandlerContext.invokeChannelRead(AbstractChannelHandlerContext.java:365) ~[netty-transport-4.1.82.Final.jar:?]
	at io.netty.channel.AbstractChannelHandlerContext.fireChannelRead(AbstractChannelHandlerContext.java:357) ~[netty-transport-4.1.82.Final.jar:?]
	at io.netty.channel.DefaultChannelPipeline$HeadContext.channelRead(DefaultChannelPipeline.java:1410) ~[netty-transport-4.1.82.Final.jar:?]
	at io.netty.channel.AbstractChannelHandlerContext.invokeChannelRead(AbstractChannelHandlerContext.java:379) ~[netty-transport-4.1.82.Final.jar:?]
	at io.netty.channel.AbstractChannelHandlerContext.invokeChannelRead(AbstractChannelHandlerContext.java:365) ~[netty-transport-4.1.82.Final.jar:?]
	at io.netty.channel.DefaultChannelPipeline.fireChannelRead(DefaultChannelPipeline.java:919) ~[netty-transport-4.1.82.Final.jar:?]
	at io.netty.channel.epoll.AbstractEpollStreamChannel$EpollStreamUnsafe.epollInReady(AbstractEpollStreamChannel.java:800) ~[netty-transport-classes-epoll-4.1.82.Final.jar:?]
	at io.netty.channel.epoll.EpollEventLoop.processReady(EpollEventLoop.java:499) ~[netty-transport-classes-epoll-4.1.82.Final.jar:?]
	at io.netty.channel.epoll.EpollEventLoop.run(EpollEventLoop.java:397) ~[netty-transport-classes-epoll-4.1.82.Final.jar:?]
	at io.netty.util.concurrent.SingleThreadEventExecutor$4.run(SingleThreadEventExecutor.java:997) ~[netty-common-4.1.82.Final.jar:?]
	at io.netty.util.internal.ThreadExecutorMap$2.run(ThreadExecutorMap.java:74) ~[netty-common-4.1.82.Final.jar:?]
	at java.lang.Thread.run(Thread.java:840) ~[?:?]
Caused by: java.lang.IndexOutOfBoundsException: Index 3 out of bounds for length 1
	at jdk.internal.util.Preconditions.outOfBounds(Preconditions.java:64) ~[?:?]
	at jdk.internal.util.Preconditions.outOfBoundsCheckIndex(Preconditions.java:70) ~[?:?]
	at jdk.internal.util.Preconditions.checkIndex(Preconditions.java:266) ~[?:?]
	at java.util.Objects.checkIndex(Objects.java:361) ~[?:?]
	at java.util.ArrayList.get(ArrayList.java:427) ~[?:?]
	at net.minecraft.network.NetworkState$PacketHandler.createPacket(NetworkState.java:458) ~[server-intermediary.jar:?]
	at net.minecraft.network.NetworkState.getPacketHandler(NetworkState.java:522) ~[server-intermediary.jar:?]
	at net.minecraft.network.DecoderHandler.decode(DecoderHandler.java:32) ~[server-intermediary.jar:?]
	at io.netty.handler.codec.ByteToMessageDecoder.decodeRemovalReentryProtection(ByteToMessageDecoder.java:519) ~[netty-codec-4.1.82.Final.jar:?]
	at io.netty.handler.codec.ByteToMessageDecoder.callDecode(ByteToMessageDecoder.java:458) ~[netty-codec-4.1.82.Final.jar:?]
	... 29 more
[02:05:42] [Netty Epoll Server IO #5/ERROR]: Exception occurred in netty pipeline
io.netty.handler.codec.DecoderException: java.lang.IndexOutOfBoundsException: Index 3 out of bounds for length 1
	at io.netty.handler.codec.ByteToMessageDecoder.callDecode(ByteToMessageDecoder.java:489) ~[netty-codec-4.1.82.Final.jar:?]
	at io.netty.handler.codec.ByteToMessageDecoder.channelRead(ByteToMessageDecoder.java:280) ~[netty-codec-4.1.82.Final.jar:?]
	at io.netty.channel.AbstractChannelHandlerContext.invokeChannelRead(AbstractChannelHandlerContext.java:379) ~[netty-transport-4.1.82.Final.jar:?]
	at io.netty.channel.AbstractChannelHandlerContext.invokeChannelRead(AbstractChannelHandlerContext.java:365) ~[netty-transport-4.1.82.Final.jar:?]
	at io.netty.channel.AbstractChannelHandlerContext.fireChannelRead(AbstractChannelHandlerContext.java:357) ~[netty-transport-4.1.82.Final.jar:?]
	at io.netty.handler.codec.ByteToMessageDecoder.fireChannelRead(ByteToMessageDecoder.java:336) ~[netty-codec-4.1.82.Final.jar:?]
	at io.netty.handler.codec.ByteToMessageDecoder.fireChannelRead(ByteToMessageDecoder.java:323) ~[netty-codec-4.1.82.Final.jar:?]
	at io.netty.handler.codec.ByteToMessageDecoder.callDecode(ByteToMessageDecoder.java:444) ~[netty-codec-4.1.82.Final.jar:?]
	at io.netty.handler.codec.ByteToMessageDecoder.channelRead(ByteToMessageDecoder.java:280) ~[netty-codec-4.1.82.Final.jar:?]
	at io.netty.channel.AbstractChannelHandlerContext.invokeChannelRead(AbstractChannelHandlerContext.java:379) ~[netty-transport-4.1.82.Final.jar:?]
	at io.netty.channel.AbstractChannelHandlerContext.invokeChannelRead(AbstractChannelHandlerContext.java:365) ~[netty-transport-4.1.82.Final.jar:?]
	at io.netty.channel.AbstractChannelHandlerContext.fireChannelRead(AbstractChannelHandlerContext.java:357) ~[netty-transport-4.1.82.Final.jar:?]
	at net.minecraft.network.LegacyQueryHandler.channelRead(LegacyQueryHandler.java:95) ~[server-intermediary.jar:?]
	at io.netty.channel.AbstractChannelHandlerContext.invokeChannelRead(AbstractChannelHandlerContext.java:379) ~[netty-transport-4.1.82.Final.jar:?]
	at io.netty.channel.AbstractChannelHandlerContext.invokeChannelRead(AbstractChannelHandlerContext.java:365) ~[netty-transport-4.1.82.Final.jar:?]
	at io.netty.channel.AbstractChannelHandlerContext.fireChannelRead(AbstractChannelHandlerContext.java:357) ~[netty-transport-4.1.82.Final.jar:?]
	at io.netty.handler.timeout.IdleStateHandler.channelRead(IdleStateHandler.java:286) ~[netty-handler-4.1.82.Final.jar:?]
	at io.netty.channel.AbstractChannelHandlerContext.invokeChannelRead(AbstractChannelHandlerContext.java:379) ~[netty-transport-4.1.82.Final.jar:?]
	at io.netty.channel.AbstractChannelHandlerContext.invokeChannelRead(AbstractChannelHandlerContext.java:365) ~[netty-transport-4.1.82.Final.jar:?]
	at io.netty.channel.AbstractChannelHandlerContext.fireChannelRead(AbstractChannelHandlerContext.java:357) ~[netty-transport-4.1.82.Final.jar:?]
	at io.netty.channel.DefaultChannelPipeline$HeadContext.channelRead(DefaultChannelPipeline.java:1410) ~[netty-transport-4.1.82.Final.jar:?]
	at io.netty.channel.AbstractChannelHandlerContext.invokeChannelRead(AbstractChannelHandlerContext.java:379) ~[netty-transport-4.1.82.Final.jar:?]
	at io.netty.channel.AbstractChannelHandlerContext.invokeChannelRead(AbstractChannelHandlerContext.java:365) ~[netty-transport-4.1.82.Final.jar:?]
	at io.netty.channel.DefaultChannelPipeline.fireChannelRead(DefaultChannelPipeline.java:919) ~[netty-transport-4.1.82.Final.jar:?]
	at io.netty.channel.epoll.AbstractEpollStreamChannel$EpollStreamUnsafe.epollInReady(AbstractEpollStreamChannel.java:800) ~[netty-transport-classes-epoll-4.1.82.Final.jar:?]
	at io.netty.channel.epoll.EpollEventLoop.processReady(EpollEventLoop.java:499) ~[netty-transport-classes-epoll-4.1.82.Final.jar:?]
	at io.netty.channel.epoll.EpollEventLoop.run(EpollEventLoop.java:397) ~[netty-transport-classes-epoll-4.1.82.Final.jar:?]
	at io.netty.util.concurrent.SingleThreadEventExecutor$4.run(SingleThreadEventExecutor.java:997) ~[netty-common-4.1.82.Final.jar:?]
	at io.netty.util.internal.ThreadExecutorMap$2.run(ThreadExecutorMap.java:74) ~[netty-common-4.1.82.Final.jar:?]
	at java.lang.Thread.run(Thread.java:840) ~[?:?]
Caused by: java.lang.IndexOutOfBoundsException: Index 3 out of bounds for length 1
	at jdk.internal.util.Preconditions.outOfBounds(Preconditions.java:64) ~[?:?]
	at jdk.internal.util.Preconditions.outOfBoundsCheckIndex(Preconditions.java:70) ~[?:?]
	at jdk.internal.util.Preconditions.checkIndex(Preconditions.java:266) ~[?:?]
	at java.util.Objects.checkIndex(Objects.java:361) ~[?:?]
	at java.util.ArrayList.get(ArrayList.java:427) ~[?:?]
	at net.minecraft.network.NetworkState$PacketHandler.createPacket(NetworkState.java:458) ~[server-intermediary.jar:?]
	at net.minecraft.network.NetworkState.getPacketHandler(NetworkState.java:522) ~[server-intermediary.jar:?]
	at net.minecraft.network.DecoderHandler.decode(DecoderHandler.java:32) ~[server-intermediary.jar:?]
	at io.netty.handler.codec.ByteToMessageDecoder.decodeRemovalReentryProtection(ByteToMessageDecoder.java:519) ~[netty-codec-4.1.82.Final.jar:?]
	at io.netty.handler.codec.ByteToMessageDecoder.callDecode(ByteToMessageDecoder.java:458) ~[netty-codec-4.1.82.Final.jar:?]
	... 29 more
[02:05:42] [Netty Epoll Server IO #6/ERROR]: Exception occurred in netty pipeline
io.netty.handler.codec.DecoderException: java.lang.IndexOutOfBoundsException: Index 3 out of bounds for length 1
	at io.netty.handler.codec.ByteToMessageDecoder.callDecode(ByteToMessageDecoder.java:489) ~[netty-codec-4.1.82.Final.jar:?]
	at io.netty.handler.codec.ByteToMessageDecoder.channelRead(ByteToMessageDecoder.java:280) ~[netty-codec-4.1.82.Final.jar:?]
	at io.netty.channel.AbstractChannelHandlerContext.invokeChannelRead(AbstractChannelHandlerContext.java:379) ~[netty-transport-4.1.82.Final.jar:?]
	at io.netty.channel.AbstractChannelHandlerContext.invokeChannelRead(AbstractChannelHandlerContext.java:365) ~[netty-transport-4.1.82.Final.jar:?]
	at io.netty.channel.AbstractChannelHandlerContext.fireChannelRead(AbstractChannelHandlerContext.java:357) ~[netty-transport-4.1.82.Final.jar:?]
	at io.netty.handler.codec.ByteToMessageDecoder.fireChannelRead(ByteToMessageDecoder.java:336) ~[netty-codec-4.1.82.Final.jar:?]
	at io.netty.handler.codec.ByteToMessageDecoder.fireChannelRead(ByteToMessageDecoder.java:323) ~[netty-codec-4.1.82.Final.jar:?]
	at io.netty.handler.codec.ByteToMessageDecoder.callDecode(ByteToMessageDecoder.java:444) ~[netty-codec-4.1.82.Final.jar:?]
	at io.netty.handler.codec.ByteToMessageDecoder.channelRead(ByteToMessageDecoder.java:280) ~[netty-codec-4.1.82.Final.jar:?]
	at io.netty.channel.AbstractChannelHandlerContext.invokeChannelRead(AbstractChannelHandlerContext.java:379) ~[netty-transport-4.1.82.Final.jar:?]
	at io.netty.channel.AbstractChannelHandlerContext.invokeChannelRead(AbstractChannelHandlerContext.java:365) ~[netty-transport-4.1.82.Final.jar:?]
	at io.netty.channel.AbstractChannelHandlerContext.fireChannelRead(AbstractChannelHandlerContext.java:357) ~[netty-transport-4.1.82.Final.jar:?]
	at net.minecraft.network.LegacyQueryHandler.channelRead(LegacyQueryHandler.java:95) ~[server-intermediary.jar:?]
	at io.netty.channel.AbstractChannelHandlerContext.invokeChannelRead(AbstractChannelHandlerContext.java:379) ~[netty-transport-4.1.82.Final.jar:?]
	at io.netty.channel.AbstractChannelHandlerContext.invokeChannelRead(AbstractChannelHandlerContext.java:365) ~[netty-transport-4.1.82.Final.jar:?]
	at io.netty.channel.AbstractChannelHandlerContext.fireChannelRead(AbstractChannelHandlerContext.java:357) ~[netty-transport-4.1.82.Final.jar:?]
	at io.netty.handler.timeout.IdleStateHandler.channelRead(IdleStateHandler.java:286) ~[netty-handler-4.1.82.Final.jar:?]
	at io.netty.channel.AbstractChannelHandlerContext.invokeChannelRead(AbstractChannelHandlerContext.java:379) ~[netty-transport-4.1.82.Final.jar:?]
	at io.netty.channel.AbstractChannelHandlerContext.invokeChannelRead(AbstractChannelHandlerContext.java:365) ~[netty-transport-4.1.82.Final.jar:?]
	at io.netty.channel.AbstractChannelHandlerContext.fireChannelRead(AbstractChannelHandlerContext.java:357) ~[netty-transport-4.1.82.Final.jar:?]
	at io.netty.channel.DefaultChannelPipeline$HeadContext.channelRead(DefaultChannelPipeline.java:1410) ~[netty-transport-4.1.82.Final.jar:?]
	at io.netty.channel.AbstractChannelHandlerContext.invokeChannelRead(AbstractChannelHandlerContext.java:379) ~[netty-transport-4.1.82.Final.jar:?]
	at io.netty.channel.AbstractChannelHandlerContext.invokeChannelRead(AbstractChannelHandlerContext.java:365) ~[netty-transport-4.1.82.Final.jar:?]
	at io.netty.channel.DefaultChannelPipeline.fireChannelRead(DefaultChannelPipeline.java:919) ~[netty-transport-4.1.82.Final.jar:?]
	at io.netty.channel.epoll.AbstractEpollStreamChannel$EpollStreamUnsafe.epollInReady(AbstractEpollStreamChannel.java:800) ~[netty-transport-classes-epoll-4.1.82.Final.jar:?]
	at io.netty.channel.epoll.EpollEventLoop.processReady(EpollEventLoop.java:499) ~[netty-transport-classes-epoll-4.1.82.Final.jar:?]
	at io.netty.channel.epoll.EpollEventLoop.run(EpollEventLoop.java:397) ~[netty-transport-classes-epoll-4.1.82.Final.jar:?]
	at io.netty.util.concurrent.SingleThreadEventExecutor$4.run(SingleThreadEventExecutor.java:997) ~[netty-common-4.1.82.Final.jar:?]
	at io.netty.util.internal.ThreadExecutorMap$2.run(ThreadExecutorMap.java:74) ~[netty-common-4.1.82.Final.jar:?]
	at java.lang.Thread.run(Thread.java:840) ~[?:?]
Caused by: java.lang.IndexOutOfBoundsException: Index 3 out of bounds for length 1
	at jdk.internal.util.Preconditions.outOfBounds(Preconditions.java:64) ~[?:?]
	at jdk.internal.util.Preconditions.outOfBoundsCheckIndex(Preconditions.java:70) ~[?:?]
	at jdk.internal.util.Preconditions.checkIndex(Preconditions.java:266) ~[?:?]
	at java.util.Objects.checkIndex(Objects.java:361) ~[?:?]
	at java.util.ArrayList.get(ArrayList.java:427) ~[?:?]
	at net.minecraft.network.NetworkState$PacketHandler.createPacket(NetworkState.java:458) ~[server-intermediary.jar:?]
	at net.minecraft.network.NetworkState.getPacketHandler(NetworkState.java:522) ~[server-intermediary.jar:?]
	at net.minecraft.network.DecoderHandler.decode(DecoderHandler.java:32) ~[server-intermediary.jar:?]
	at io.netty.handler.codec.ByteToMessageDecoder.decodeRemovalReentryProtection(ByteToMessageDecoder.java:519) ~[netty-codec-4.1.82.Final.jar:?]
	at io.netty.handler.codec.ByteToMessageDecoder.callDecode(ByteToMessageDecoder.java:458) ~[netty-codec-4.1.82.Final.jar:?]
	... 29 more
[02:05:43] [Netty Epoll Server IO #7/ERROR]: Exception occurred in netty pipeline
io.netty.handler.codec.DecoderException: java.lang.IndexOutOfBoundsException: Index 3 out of bounds for length 1
	at io.netty.handler.codec.ByteToMessageDecoder.callDecode(ByteToMessageDecoder.java:489) ~[netty-codec-4.1.82.Final.jar:?]
	at io.netty.handler.codec.ByteToMessageDecoder.channelRead(ByteToMessageDecoder.java:280) ~[netty-codec-4.1.82.Final.jar:?]
	at io.netty.channel.AbstractChannelHandlerContext.invokeChannelRead(AbstractChannelHandlerContext.java:379) ~[netty-transport-4.1.82.Final.jar:?]
	at io.netty.channel.AbstractChannelHandlerContext.invokeChannelRead(AbstractChannelHandlerContext.java:365) ~[netty-transport-4.1.82.Final.jar:?]
	at io.netty.channel.AbstractChannelHandlerContext.fireChannelRead(AbstractChannelHandlerContext.java:357) ~[netty-transport-4.1.82.Final.jar:?]
	at io.netty.handler.codec.ByteToMessageDecoder.fireChannelRead(ByteToMessageDecoder.java:336) ~[netty-codec-4.1.82.Final.jar:?]
	at io.netty.handler.codec.ByteToMessageDecoder.fireChannelRead(ByteToMessageDecoder.java:323) ~[netty-codec-4.1.82.Final.jar:?]
	at io.netty.handler.codec.ByteToMessageDecoder.callDecode(ByteToMessageDecoder.java:444) ~[netty-codec-4.1.82.Final.jar:?]
	at io.netty.handler.codec.ByteToMessageDecoder.channelRead(ByteToMessageDecoder.java:280) ~[netty-codec-4.1.82.Final.jar:?]
	at io.netty.channel.AbstractChannelHandlerContext.invokeChannelRead(AbstractChannelHandlerContext.java:379) ~[netty-transport-4.1.82.Final.jar:?]
	at io.netty.channel.AbstractChannelHandlerContext.invokeChannelRead(AbstractChannelHandlerContext.java:365) ~[netty-transport-4.1.82.Final.jar:?]
	at io.netty.channel.AbstractChannelHandlerContext.fireChannelRead(AbstractChannelHandlerContext.java:357) ~[netty-transport-4.1.82.Final.jar:?]
	at net.minecraft.network.LegacyQueryHandler.channelRead(LegacyQueryHandler.java:95) ~[server-intermediary.jar:?]
	at io.netty.channel.AbstractChannelHandlerContext.invokeChannelRead(AbstractChannelHandlerContext.java:379) ~[netty-transport-4.1.82.Final.jar:?]
	at io.netty.channel.AbstractChannelHandlerContext.invokeChannelRead(AbstractChannelHandlerContext.java:365) ~[netty-transport-4.1.82.Final.jar:?]
	at io.netty.channel.AbstractChannelHandlerContext.fireChannelRead(AbstractChannelHandlerContext.java:357) ~[netty-transport-4.1.82.Final.jar:?]
	at io.netty.handler.timeout.IdleStateHandler.channelRead(IdleStateHandler.java:286) ~[netty-handler-4.1.82.Final.jar:?]
	at io.netty.channel.AbstractChannelHandlerContext.invokeChannelRead(AbstractChannelHandlerContext.java:379) ~[netty-transport-4.1.82.Final.jar:?]
	at io.netty.channel.AbstractChannelHandlerContext.invokeChannelRead(AbstractChannelHandlerContext.java:365) ~[netty-transport-4.1.82.Final.jar:?]
	at io.netty.channel.AbstractChannelHandlerContext.fireChannelRead(AbstractChannelHandlerContext.java:357) ~[netty-transport-4.1.82.Final.jar:?]
	at io.netty.channel.DefaultChannelPipeline$HeadContext.channelRead(DefaultChannelPipeline.java:1410) ~[netty-transport-4.1.82.Final.jar:?]
	at io.netty.channel.AbstractChannelHandlerContext.invokeChannelRead(AbstractChannelHandlerContext.java:379) ~[netty-transport-4.1.82.Final.jar:?]
	at io.netty.channel.AbstractChannelHandlerContext.invokeChannelRead(AbstractChannelHandlerContext.java:365) ~[netty-transport-4.1.82.Final.jar:?]
	at io.netty.channel.DefaultChannelPipeline.fireChannelRead(DefaultChannelPipeline.java:919) ~[netty-transport-4.1.82.Final.jar:?]
	at io.netty.channel.epoll.AbstractEpollStreamChannel$EpollStreamUnsafe.epollInReady(AbstractEpollStreamChannel.java:800) ~[netty-transport-classes-epoll-4.1.82.Final.jar:?]
	at io.netty.channel.epoll.EpollEventLoop.processReady(EpollEventLoop.java:499) ~[netty-transport-classes-epoll-4.1.82.Final.jar:?]
	at io.netty.channel.epoll.EpollEventLoop.run(EpollEventLoop.java:397) ~[netty-transport-classes-epoll-4.1.82.Final.jar:?]
	at io.netty.util.concurrent.SingleThreadEventExecutor$4.run(SingleThreadEventExecutor.java:997) ~[netty-common-4.1.82.Final.jar:?]
	at io.netty.util.internal.ThreadExecutorMap$2.run(ThreadExecutorMap.java:74) ~[netty-common-4.1.82.Final.jar:?]
	at java.lang.Thread.run(Thread.java:840) ~[?:?]
Caused by: java.lang.IndexOutOfBoundsException: Index 3 out of bounds for length 1
	at jdk.internal.util.Preconditions.outOfBounds(Preconditions.java:64) ~[?:?]
	at jdk.internal.util.Preconditions.outOfBoundsCheckIndex(Preconditions.java:70) ~[?:?]
	at jdk.internal.util.Preconditions.checkIndex(Preconditions.java:266) ~[?:?]
	at java.util.Objects.checkIndex(Objects.java:361) ~[?:?]
	at java.util.ArrayList.get(ArrayList.java:427) ~[?:?]
	at net.minecraft.network.NetworkState$PacketHandler.createPacket(NetworkState.java:458) ~[server-intermediary.jar:?]
	at net.minecraft.network.NetworkState.getPacketHandler(NetworkState.java:522) ~[server-intermediary.jar:?]
	at net.minecraft.network.DecoderHandler.decode(DecoderHandler.java:32) ~[server-intermediary.jar:?]
	at io.netty.handler.codec.ByteToMessageDecoder.decodeRemovalReentryProtection(ByteToMessageDecoder.java:519) ~[netty-codec-4.1.82.Final.jar:?]
	at io.netty.handler.codec.ByteToMessageDecoder.callDecode(ByteToMessageDecoder.java:458) ~[netty-codec-4.1.82.Final.jar:?]
	... 29 more
[02:05:44] [Netty Epoll Server IO #0/ERROR]: Exception occurred in netty pipeline
io.netty.handler.codec.DecoderException: java.lang.IndexOutOfBoundsException: Index 3 out of bounds for length 1
	at io.netty.handler.codec.ByteToMessageDecoder.callDecode(ByteToMessageDecoder.java:489) ~[netty-codec-4.1.82.Final.jar:?]
	at io.netty.handler.codec.ByteToMessageDecoder.channelRead(ByteToMessageDecoder.java:280) ~[netty-codec-4.1.82.Final.jar:?]
	at io.netty.channel.AbstractChannelHandlerContext.invokeChannelRead(AbstractChannelHandlerContext.java:379) ~[netty-transport-4.1.82.Final.jar:?]
	at io.netty.channel.AbstractChannelHandlerContext.invokeChannelRead(AbstractChannelHandlerContext.java:365) ~[netty-transport-4.1.82.Final.jar:?]
	at io.netty.channel.AbstractChannelHandlerContext.fireChannelRead(AbstractChannelHandlerContext.java:357) ~[netty-transport-4.1.82.Final.jar:?]
	at io.netty.handler.codec.ByteToMessageDecoder.fireChannelRead(ByteToMessageDecoder.java:336) ~[netty-codec-4.1.82.Final.jar:?]
	at io.netty.handler.codec.ByteToMessageDecoder.fireChannelRead(ByteToMessageDecoder.java:323) ~[netty-codec-4.1.82.Final.jar:?]
	at io.netty.handler.codec.ByteToMessageDecoder.callDecode(ByteToMessageDecoder.java:444) ~[netty-codec-4.1.82.Final.jar:?]
	at io.netty.handler.codec.ByteToMessageDecoder.channelRead(ByteToMessageDecoder.java:280) ~[netty-codec-4.1.82.Final.jar:?]
	at io.netty.channel.AbstractChannelHandlerContext.invokeChannelRead(AbstractChannelHandlerContext.java:379) ~[netty-transport-4.1.82.Final.jar:?]
	at io.netty.channel.AbstractChannelHandlerContext.invokeChannelRead(AbstractChannelHandlerContext.java:365) ~[netty-transport-4.1.82.Final.jar:?]
	at io.netty.channel.AbstractChannelHandlerContext.fireChannelRead(AbstractChannelHandlerContext.java:357) ~[netty-transport-4.1.82.Final.jar:?]
	at net.minecraft.network.LegacyQueryHandler.channelRead(LegacyQueryHandler.java:95) ~[server-intermediary.jar:?]
	at io.netty.channel.AbstractChannelHandlerContext.invokeChannelRead(AbstractChannelHandlerContext.java:379) ~[netty-transport-4.1.82.Final.jar:?]
	at io.netty.channel.AbstractChannelHandlerContext.invokeChannelRead(AbstractChannelHandlerContext.java:365) ~[netty-transport-4.1.82.Final.jar:?]
	at io.netty.channel.AbstractChannelHandlerContext.fireChannelRead(AbstractChannelHandlerContext.java:357) ~[netty-transport-4.1.82.Final.jar:?]
	at io.netty.handler.timeout.IdleStateHandler.channelRead(IdleStateHandler.java:286) ~[netty-handler-4.1.82.Final.jar:?]
	at io.netty.channel.AbstractChannelHandlerContext.invokeChannelRead(AbstractChannelHandlerContext.java:379) ~[netty-transport-4.1.82.Final.jar:?]
	at io.netty.channel.AbstractChannelHandlerContext.invokeChannelRead(AbstractChannelHandlerContext.java:365) ~[netty-transport-4.1.82.Final.jar:?]
	at io.netty.channel.AbstractChannelHandlerContext.fireChannelRead(AbstractChannelHandlerContext.java:357) ~[netty-transport-4.1.82.Final.jar:?]
	at io.netty.channel.DefaultChannelPipeline$HeadContext.channelRead(DefaultChannelPipeline.java:1410) ~[netty-transport-4.1.82.Final.jar:?]
	at io.netty.channel.AbstractChannelHandlerContext.invokeChannelRead(AbstractChannelHandlerContext.java:379) ~[netty-transport-4.1.82.Final.jar:?]
	at io.netty.channel.AbstractChannelHandlerContext.invokeChannelRead(AbstractChannelHandlerContext.java:365) ~[netty-transport-4.1.82.Final.jar:?]
	at io.netty.channel.DefaultChannelPipeline.fireChannelRead(DefaultChannelPipeline.java:919) ~[netty-transport-4.1.82.Final.jar:?]
	at io.netty.channel.epoll.AbstractEpollStreamChannel$EpollStreamUnsafe.epollInReady(AbstractEpollStreamChannel.java:800) ~[netty-transport-classes-epoll-4.1.82.Final.jar:?]
	at io.netty.channel.epoll.EpollEventLoop.processReady(EpollEventLoop.java:499) ~[netty-transport-classes-epoll-4.1.82.Final.jar:?]
	at io.netty.channel.epoll.EpollEventLoop.run(EpollEventLoop.java:397) ~[netty-transport-classes-epoll-4.1.82.Final.jar:?]
	at io.netty.util.concurrent.SingleThreadEventExecutor$4.run(SingleThreadEventExecutor.java:997) ~[netty-common-4.1.82.Final.jar:?]
	at io.netty.util.internal.ThreadExecutorMap$2.run(ThreadExecutorMap.java:74) ~[netty-common-4.1.82.Final.jar:?]
	at java.lang.Thread.run(Thread.java:840) ~[?:?]
Caused by: java.lang.IndexOutOfBoundsException: Index 3 out of bounds for length 1
	at jdk.internal.util.Preconditions.outOfBounds(Preconditions.java:64) ~[?:?]
	at jdk.internal.util.Preconditions.outOfBoundsCheckIndex(Preconditions.java:70) ~[?:?]
	at jdk.internal.util.Preconditions.checkIndex(Preconditions.java:266) ~[?:?]
	at java.util.Objects.checkIndex(Objects.java:361) ~[?:?]
	at java.util.ArrayList.get(ArrayList.java:427) ~[?:?]
	at net.minecraft.network.NetworkState$PacketHandler.createPacket(NetworkState.java:458) ~[server-intermediary.jar:?]
	at net.minecraft.network.NetworkState.getPacketHandler(NetworkState.java:522) ~[server-intermediary.jar:?]
	at net.minecraft.network.DecoderHandler.decode(DecoderHandler.java:32) ~[server-intermediary.jar:?]
	at io.netty.handler.codec.ByteToMessageDecoder.decodeRemovalReentryProtection(ByteToMessageDecoder.java:519) ~[netty-codec-4.1.82.Final.jar:?]
	at io.netty.handler.codec.ByteToMessageDecoder.callDecode(ByteToMessageDecoder.java:458) ~[netty-codec-4.1.82.Final.jar:?]
	... 29 more
[02:05:44] [Netty Epoll Server IO #1/ERROR]: Exception occurred in netty pipeline
io.netty.handler.codec.DecoderException: java.lang.IndexOutOfBoundsException: Index 3 out of bounds for length 1
	at io.netty.handler.codec.ByteToMessageDecoder.callDecode(ByteToMessageDecoder.java:489) ~[netty-codec-4.1.82.Final.jar:?]
	at io.netty.handler.codec.ByteToMessageDecoder.channelRead(ByteToMessageDecoder.java:280) ~[netty-codec-4.1.82.Final.jar:?]
	at io.netty.channel.AbstractChannelHandlerContext.invokeChannelRead(AbstractChannelHandlerContext.java:379) ~[netty-transport-4.1.82.Final.jar:?]
	at io.netty.channel.AbstractChannelHandlerContext.invokeChannelRead(AbstractChannelHandlerContext.java:365) ~[netty-transport-4.1.82.Final.jar:?]
	at io.netty.channel.AbstractChannelHandlerContext.fireChannelRead(AbstractChannelHandlerContext.java:357) ~[netty-transport-4.1.82.Final.jar:?]
	at io.netty.handler.codec.ByteToMessageDecoder.fireChannelRead(ByteToMessageDecoder.java:336) ~[netty-codec-4.1.82.Final.jar:?]
	at io.netty.handler.codec.ByteToMessageDecoder.fireChannelRead(ByteToMessageDecoder.java:323) ~[netty-codec-4.1.82.Final.jar:?]
	at io.netty.handler.codec.ByteToMessageDecoder.callDecode(ByteToMessageDecoder.java:444) ~[netty-codec-4.1.82.Final.jar:?]
	at io.netty.handler.codec.ByteToMessageDecoder.channelRead(ByteToMessageDecoder.java:280) ~[netty-codec-4.1.82.Final.jar:?]
	at io.netty.channel.AbstractChannelHandlerContext.invokeChannelRead(AbstractChannelHandlerContext.java:379) ~[netty-transport-4.1.82.Final.jar:?]
	at io.netty.channel.AbstractChannelHandlerContext.invokeChannelRead(AbstractChannelHandlerContext.java:365) ~[netty-transport-4.1.82.Final.jar:?]
	at io.netty.channel.AbstractChannelHandlerContext.fireChannelRead(AbstractChannelHandlerContext.java:357) ~[netty-transport-4.1.82.Final.jar:?]
	at net.minecraft.network.LegacyQueryHandler.channelRead(LegacyQueryHandler.java:95) ~[server-intermediary.jar:?]
	at io.netty.channel.AbstractChannelHandlerContext.invokeChannelRead(AbstractChannelHandlerContext.java:379) ~[netty-transport-4.1.82.Final.jar:?]
	at io.netty.channel.AbstractChannelHandlerContext.invokeChannelRead(AbstractChannelHandlerContext.java:365) ~[netty-transport-4.1.82.Final.jar:?]
	at io.netty.channel.AbstractChannelHandlerContext.fireChannelRead(AbstractChannelHandlerContext.java:357) ~[netty-transport-4.1.82.Final.jar:?]
	at io.netty.handler.timeout.IdleStateHandler.channelRead(IdleStateHandler.java:286) ~[netty-handler-4.1.82.Final.jar:?]
	at io.netty.channel.AbstractChannelHandlerContext.invokeChannelRead(AbstractChannelHandlerContext.java:379) ~[netty-transport-4.1.82.Final.jar:?]
	at io.netty.channel.AbstractChannelHandlerContext.invokeChannelRead(AbstractChannelHandlerContext.java:365) ~[netty-transport-4.1.82.Final.jar:?]
	at io.netty.channel.AbstractChannelHandlerContext.fireChannelRead(AbstractChannelHandlerContext.java:357) ~[netty-transport-4.1.82.Final.jar:?]
	at io.netty.channel.DefaultChannelPipeline$HeadContext.channelRead(DefaultChannelPipeline.java:1410) ~[netty-transport-4.1.82.Final.jar:?]
	at io.netty.channel.AbstractChannelHandlerContext.invokeChannelRead(AbstractChannelHandlerContext.java:379) ~[netty-transport-4.1.82.Final.jar:?]
	at io.netty.channel.AbstractChannelHandlerContext.invokeChannelRead(AbstractChannelHandlerContext.java:365) ~[netty-transport-4.1.82.Final.jar:?]
	at io.netty.channel.DefaultChannelPipeline.fireChannelRead(DefaultChannelPipeline.java:919) ~[netty-transport-4.1.82.Final.jar:?]
	at io.netty.channel.epoll.AbstractEpollStreamChannel$EpollStreamUnsafe.epollInReady(AbstractEpollStreamChannel.java:800) ~[netty-transport-classes-epoll-4.1.82.Final.jar:?]
	at io.netty.channel.epoll.EpollEventLoop.processReady(EpollEventLoop.java:499) ~[netty-transport-classes-epoll-4.1.82.Final.jar:?]
	at io.netty.channel.epoll.EpollEventLoop.run(EpollEventLoop.java:397) ~[netty-transport-classes-epoll-4.1.82.Final.jar:?]
	at io.netty.util.concurrent.SingleThreadEventExecutor$4.run(SingleThreadEventExecutor.java:997) ~[netty-common-4.1.82.Final.jar:?]
	at io.netty.util.internal.ThreadExecutorMap$2.run(ThreadExecutorMap.java:74) ~[netty-common-4.1.82.Final.jar:?]
	at java.lang.Thread.run(Thread.java:840) ~[?:?]
Caused by: java.lang.IndexOutOfBoundsException: Index 3 out of bounds for length 1
	at jdk.internal.util.Preconditions.outOfBounds(Preconditions.java:64) ~[?:?]
	at jdk.internal.util.Preconditions.outOfBoundsCheckIndex(Preconditions.java:70) ~[?:?]
	at jdk.internal.util.Preconditions.checkIndex(Preconditions.java:266) ~[?:?]
	at java.util.Objects.checkIndex(Objects.java:361) ~[?:?]
	at java.util.ArrayList.get(ArrayList.java:427) ~[?:?]
	at net.minecraft.network.NetworkState$PacketHandler.createPacket(NetworkState.java:458) ~[server-intermediary.jar:?]
	at net.minecraft.network.NetworkState.getPacketHandler(NetworkState.java:522) ~[server-intermediary.jar:?]
	at net.minecraft.network.DecoderHandler.decode(DecoderHandler.java:32) ~[server-intermediary.jar:?]
	at io.netty.handler.codec.ByteToMessageDecoder.decodeRemovalReentryProtection(ByteToMessageDecoder.java:519) ~[netty-codec-4.1.82.Final.jar:?]
	at io.netty.handler.codec.ByteToMessageDecoder.callDecode(ByteToMessageDecoder.java:458) ~[netty-codec-4.1.82.Final.jar:?]
	... 29 more
[02:05:44] [Netty Epoll Server IO #2/ERROR]: Exception occurred in netty pipeline
io.netty.handler.codec.DecoderException: java.lang.IndexOutOfBoundsException: Index 3 out of bounds for length 1
	at io.netty.handler.codec.ByteToMessageDecoder.callDecode(ByteToMessageDecoder.java:489) ~[netty-codec-4.1.82.Final.jar:?]
	at io.netty.handler.codec.ByteToMessageDecoder.channelRead(ByteToMessageDecoder.java:280) ~[netty-codec-4.1.82.Final.jar:?]
	at io.netty.channel.AbstractChannelHandlerContext.invokeChannelRead(AbstractChannelHandlerContext.java:379) ~[netty-transport-4.1.82.Final.jar:?]
	at io.netty.channel.AbstractChannelHandlerContext.invokeChannelRead(AbstractChannelHandlerContext.java:365) ~[netty-transport-4.1.82.Final.jar:?]
	at io.netty.channel.AbstractChannelHandlerContext.fireChannelRead(AbstractChannelHandlerContext.java:357) ~[netty-transport-4.1.82.Final.jar:?]
	at io.netty.handler.codec.ByteToMessageDecoder.fireChannelRead(ByteToMessageDecoder.java:336) ~[netty-codec-4.1.82.Final.jar:?]
	at io.netty.handler.codec.ByteToMessageDecoder.fireChannelRead(ByteToMessageDecoder.java:323) ~[netty-codec-4.1.82.Final.jar:?]
	at io.netty.handler.codec.ByteToMessageDecoder.callDecode(ByteToMessageDecoder.java:444) ~[netty-codec-4.1.82.Final.jar:?]
	at io.netty.handler.codec.ByteToMessageDecoder.channelRead(ByteToMessageDecoder.java:280) ~[netty-codec-4.1.82.Final.jar:?]
	at io.netty.channel.AbstractChannelHandlerContext.invokeChannelRead(AbstractChannelHandlerContext.java:379) ~[netty-transport-4.1.82.Final.jar:?]
	at io.netty.channel.AbstractChannelHandlerContext.invokeChannelRead(AbstractChannelHandlerContext.java:365) ~[netty-transport-4.1.82.Final.jar:?]
	at io.netty.channel.AbstractChannelHandlerContext.fireChannelRead(AbstractChannelHandlerContext.java:357) ~[netty-transport-4.1.82.Final.jar:?]
	at net.minecraft.network.LegacyQueryHandler.channelRead(LegacyQueryHandler.java:95) ~[server-intermediary.jar:?]
	at io.netty.channel.AbstractChannelHandlerContext.invokeChannelRead(AbstractChannelHandlerContext.java:379) ~[netty-transport-4.1.82.Final.jar:?]
	at io.netty.channel.AbstractChannelHandlerContext.invokeChannelRead(AbstractChannelHandlerContext.java:365) ~[netty-transport-4.1.82.Final.jar:?]
	at io.netty.channel.AbstractChannelHandlerContext.fireChannelRead(AbstractChannelHandlerContext.java:357) ~[netty-transport-4.1.82.Final.jar:?]
	at io.netty.handler.timeout.IdleStateHandler.channelRead(IdleStateHandler.java:286) ~[netty-handler-4.1.82.Final.jar:?]
	at io.netty.channel.AbstractChannelHandlerContext.invokeChannelRead(AbstractChannelHandlerContext.java:379) ~[netty-transport-4.1.82.Final.jar:?]
	at io.netty.channel.AbstractChannelHandlerContext.invokeChannelRead(AbstractChannelHandlerContext.java:365) ~[netty-transport-4.1.82.Final.jar:?]
	at io.netty.channel.AbstractChannelHandlerContext.fireChannelRead(AbstractChannelHandlerContext.java:357) ~[netty-transport-4.1.82.Final.jar:?]
	at io.netty.channel.DefaultChannelPipeline$HeadContext.channelRead(DefaultChannelPipeline.java:1410) ~[netty-transport-4.1.82.Final.jar:?]
	at io.netty.channel.AbstractChannelHandlerContext.invokeChannelRead(AbstractChannelHandlerContext.java:379) ~[netty-transport-4.1.82.Final.jar:?]
	at io.netty.channel.AbstractChannelHandlerContext.invokeChannelRead(AbstractChannelHandlerContext.java:365) ~[netty-transport-4.1.82.Final.jar:?]
	at io.netty.channel.DefaultChannelPipeline.fireChannelRead(DefaultChannelPipeline.java:919) ~[netty-transport-4.1.82.Final.jar:?]
	at io.netty.channel.epoll.AbstractEpollStreamChannel$EpollStreamUnsafe.epollInReady(AbstractEpollStreamChannel.java:800) ~[netty-transport-classes-epoll-4.1.82.Final.jar:?]
	at io.netty.channel.epoll.EpollEventLoop.processReady(EpollEventLoop.java:499) ~[netty-transport-classes-epoll-4.1.82.Final.jar:?]
	at io.netty.channel.epoll.EpollEventLoop.run(EpollEventLoop.java:397) ~[netty-transport-classes-epoll-4.1.82.Final.jar:?]
	at io.netty.util.concurrent.SingleThreadEventExecutor$4.run(SingleThreadEventExecutor.java:997) ~[netty-common-4.1.82.Final.jar:?]
	at io.netty.util.internal.ThreadExecutorMap$2.run(ThreadExecutorMap.java:74) ~[netty-common-4.1.82.Final.jar:?]
	at java.lang.Thread.run(Thread.java:840) ~[?:?]
Caused by: java.lang.IndexOutOfBoundsException: Index 3 out of bounds for length 1
	at jdk.internal.util.Preconditions.outOfBounds(Preconditions.java:64) ~[?:?]
	at jdk.internal.util.Preconditions.outOfBoundsCheckIndex(Preconditions.java:70) ~[?:?]
	at jdk.internal.util.Preconditions.checkIndex(Preconditions.java:266) ~[?:?]
	at java.util.Objects.checkIndex(Objects.java:361) ~[?:?]
	at java.util.ArrayList.get(ArrayList.java:427) ~[?:?]
	at net.minecraft.network.NetworkState$PacketHandler.createPacket(NetworkState.java:458) ~[server-intermediary.jar:?]
	at net.minecraft.network.NetworkState.getPacketHandler(NetworkState.java:522) ~[server-intermediary.jar:?]
	at net.minecraft.network.DecoderHandler.decode(DecoderHandler.java:32) ~[server-intermediary.jar:?]
	at io.netty.handler.codec.ByteToMessageDecoder.decodeRemovalReentryProtection(ByteToMessageDecoder.java:519) ~[netty-codec-4.1.82.Final.jar:?]
	at io.netty.handler.codec.ByteToMessageDecoder.callDecode(ByteToMessageDecoder.java:458) ~[netty-codec-4.1.82.Final.jar:?]
	... 29 more
[02:05:47] [Netty Epoll Server IO #3/ERROR]: Exception occurred in netty pipeline
io.netty.handler.codec.DecoderException: java.lang.IndexOutOfBoundsException: Index 3 out of bounds for length 1
	at io.netty.handler.codec.ByteToMessageDecoder.callDecode(ByteToMessageDecoder.java:489) ~[netty-codec-4.1.82.Final.jar:?]
	at io.netty.handler.codec.ByteToMessageDecoder.channelRead(ByteToMessageDecoder.java:280) ~[netty-codec-4.1.82.Final.jar:?]
	at io.netty.channel.AbstractChannelHandlerContext.invokeChannelRead(AbstractChannelHandlerContext.java:379) ~[netty-transport-4.1.82.Final.jar:?]
	at io.netty.channel.AbstractChannelHandlerContext.invokeChannelRead(AbstractChannelHandlerContext.java:365) ~[netty-transport-4.1.82.Final.jar:?]
	at io.netty.channel.AbstractChannelHandlerContext.fireChannelRead(AbstractChannelHandlerContext.java:357) ~[netty-transport-4.1.82.Final.jar:?]
	at io.netty.handler.codec.ByteToMessageDecoder.fireChannelRead(ByteToMessageDecoder.java:336) ~[netty-codec-4.1.82.Final.jar:?]
	at io.netty.handler.codec.ByteToMessageDecoder.fireChannelRead(ByteToMessageDecoder.java:323) ~[netty-codec-4.1.82.Final.jar:?]
	at io.netty.handler.codec.ByteToMessageDecoder.callDecode(ByteToMessageDecoder.java:444) ~[netty-codec-4.1.82.Final.jar:?]
	at io.netty.handler.codec.ByteToMessageDecoder.channelRead(ByteToMessageDecoder.java:280) ~[netty-codec-4.1.82.Final.jar:?]
	at io.netty.channel.AbstractChannelHandlerContext.invokeChannelRead(AbstractChannelHandlerContext.java:379) ~[netty-transport-4.1.82.Final.jar:?]
	at io.netty.channel.AbstractChannelHandlerContext.invokeChannelRead(AbstractChannelHandlerContext.java:365) ~[netty-transport-4.1.82.Final.jar:?]
	at io.netty.channel.AbstractChannelHandlerContext.fireChannelRead(AbstractChannelHandlerContext.java:357) ~[netty-transport-4.1.82.Final.jar:?]
	at net.minecraft.network.LegacyQueryHandler.channelRead(LegacyQueryHandler.java:95) ~[server-intermediary.jar:?]
	at io.netty.channel.AbstractChannelHandlerContext.invokeChannelRead(AbstractChannelHandlerContext.java:379) ~[netty-transport-4.1.82.Final.jar:?]
	at io.netty.channel.AbstractChannelHandlerContext.invokeChannelRead(AbstractChannelHandlerContext.java:365) ~[netty-transport-4.1.82.Final.jar:?]
	at io.netty.channel.AbstractChannelHandlerContext.fireChannelRead(AbstractChannelHandlerContext.java:357) ~[netty-transport-4.1.82.Final.jar:?]
	at io.netty.handler.timeout.IdleStateHandler.channelRead(IdleStateHandler.java:286) ~[netty-handler-4.1.82.Final.jar:?]
	at io.netty.channel.AbstractChannelHandlerContext.invokeChannelRead(AbstractChannelHandlerContext.java:379) ~[netty-transport-4.1.82.Final.jar:?]
	at io.netty.channel.AbstractChannelHandlerContext.invokeChannelRead(AbstractChannelHandlerContext.java:365) ~[netty-transport-4.1.82.Final.jar:?]
	at io.netty.channel.AbstractChannelHandlerContext.fireChannelRead(AbstractChannelHandlerContext.java:357) ~[netty-transport-4.1.82.Final.jar:?]
	at io.netty.channel.DefaultChannelPipeline$HeadContext.channelRead(DefaultChannelPipeline.java:1410) ~[netty-transport-4.1.82.Final.jar:?]
	at io.netty.channel.AbstractChannelHandlerContext.invokeChannelRead(AbstractChannelHandlerContext.java:379) ~[netty-transport-4.1.82.Final.jar:?]
	at io.netty.channel.AbstractChannelHandlerContext.invokeChannelRead(AbstractChannelHandlerContext.java:365) ~[netty-transport-4.1.82.Final.jar:?]
	at io.netty.channel.DefaultChannelPipeline.fireChannelRead(DefaultChannelPipeline.java:919) ~[netty-transport-4.1.82.Final.jar:?]
	at io.netty.channel.epoll.AbstractEpollStreamChannel$EpollStreamUnsafe.epollInReady(AbstractEpollStreamChannel.java:800) ~[netty-transport-classes-epoll-4.1.82.Final.jar:?]
	at io.netty.channel.epoll.EpollEventLoop.processReady(EpollEventLoop.java:499) ~[netty-transport-classes-epoll-4.1.82.Final.jar:?]
	at io.netty.channel.epoll.EpollEventLoop.run(EpollEventLoop.java:397) ~[netty-transport-classes-epoll-4.1.82.Final.jar:?]
	at io.netty.util.concurrent.SingleThreadEventExecutor$4.run(SingleThreadEventExecutor.java:997) ~[netty-common-4.1.82.Final.jar:?]
	at io.netty.util.internal.ThreadExecutorMap$2.run(ThreadExecutorMap.java:74) ~[netty-common-4.1.82.Final.jar:?]
	at java.lang.Thread.run(Thread.java:840) ~[?:?]
Caused by: java.lang.IndexOutOfBoundsException: Index 3 out of bounds for length 1
	at jdk.internal.util.Preconditions.outOfBounds(Preconditions.java:64) ~[?:?]
	at jdk.internal.util.Preconditions.outOfBoundsCheckIndex(Preconditions.java:70) ~[?:?]
	at jdk.internal.util.Preconditions.checkIndex(Preconditions.java:266) ~[?:?]
	at java.util.Objects.checkIndex(Objects.java:361) ~[?:?]
	at java.util.ArrayList.get(ArrayList.java:427) ~[?:?]
	at net.minecraft.network.NetworkState$PacketHandler.createPacket(NetworkState.java:458) ~[server-intermediary.jar:?]
	at net.minecraft.network.NetworkState.getPacketHandler(NetworkState.java:522) ~[server-intermediary.jar:?]
	at net.minecraft.network.DecoderHandler.decode(DecoderHandler.java:32) ~[server-intermediary.jar:?]
	at io.netty.handler.codec.ByteToMessageDecoder.decodeRemovalReentryProtection(ByteToMessageDecoder.java:519) ~[netty-codec-4.1.82.Final.jar:?]
	at io.netty.handler.codec.ByteToMessageDecoder.callDecode(ByteToMessageDecoder.java:458) ~[netty-codec-4.1.82.Final.jar:?]
	... 29 more
[02:06:05] [Netty Epoll Server IO #4/ERROR]: Exception occurred in netty pipeline
io.netty.handler.codec.DecoderException: java.lang.IndexOutOfBoundsException: Index 3 out of bounds for length 1
	at io.netty.handler.codec.ByteToMessageDecoder.callDecode(ByteToMessageDecoder.java:489) ~[netty-codec-4.1.82.Final.jar:?]
	at io.netty.handler.codec.ByteToMessageDecoder.channelRead(ByteToMessageDecoder.java:280) ~[netty-codec-4.1.82.Final.jar:?]
	at io.netty.channel.AbstractChannelHandlerContext.invokeChannelRead(AbstractChannelHandlerContext.java:379) ~[netty-transport-4.1.82.Final.jar:?]
	at io.netty.channel.AbstractChannelHandlerContext.invokeChannelRead(AbstractChannelHandlerContext.java:365) ~[netty-transport-4.1.82.Final.jar:?]
	at io.netty.channel.AbstractChannelHandlerContext.fireChannelRead(AbstractChannelHandlerContext.java:357) ~[netty-transport-4.1.82.Final.jar:?]
	at io.netty.handler.codec.ByteToMessageDecoder.fireChannelRead(ByteToMessageDecoder.java:336) ~[netty-codec-4.1.82.Final.jar:?]
	at io.netty.handler.codec.ByteToMessageDecoder.fireChannelRead(ByteToMessageDecoder.java:323) ~[netty-codec-4.1.82.Final.jar:?]
	at io.netty.handler.codec.ByteToMessageDecoder.callDecode(ByteToMessageDecoder.java:444) ~[netty-codec-4.1.82.Final.jar:?]
	at io.netty.handler.codec.ByteToMessageDecoder.channelRead(ByteToMessageDecoder.java:280) ~[netty-codec-4.1.82.Final.jar:?]
	at io.netty.channel.AbstractChannelHandlerContext.invokeChannelRead(AbstractChannelHandlerContext.java:379) ~[netty-transport-4.1.82.Final.jar:?]
	at io.netty.channel.AbstractChannelHandlerContext.invokeChannelRead(AbstractChannelHandlerContext.java:365) ~[netty-transport-4.1.82.Final.jar:?]
	at io.netty.channel.AbstractChannelHandlerContext.fireChannelRead(AbstractChannelHandlerContext.java:357) ~[netty-transport-4.1.82.Final.jar:?]
	at net.minecraft.network.LegacyQueryHandler.channelRead(LegacyQueryHandler.java:95) ~[server-intermediary.jar:?]
	at io.netty.channel.AbstractChannelHandlerContext.invokeChannelRead(AbstractChannelHandlerContext.java:379) ~[netty-transport-4.1.82.Final.jar:?]
	at io.netty.channel.AbstractChannelHandlerContext.invokeChannelRead(AbstractChannelHandlerContext.java:365) ~[netty-transport-4.1.82.Final.jar:?]
	at io.netty.channel.AbstractChannelHandlerContext.fireChannelRead(AbstractChannelHandlerContext.java:357) ~[netty-transport-4.1.82.Final.jar:?]
	at io.netty.handler.timeout.IdleStateHandler.channelRead(IdleStateHandler.java:286) ~[netty-handler-4.1.82.Final.jar:?]
	at io.netty.channel.AbstractChannelHandlerContext.invokeChannelRead(AbstractChannelHandlerContext.java:379) ~[netty-transport-4.1.82.Final.jar:?]
	at io.netty.channel.AbstractChannelHandlerContext.invokeChannelRead(AbstractChannelHandlerContext.java:365) ~[netty-transport-4.1.82.Final.jar:?]
	at io.netty.channel.AbstractChannelHandlerContext.fireChannelRead(AbstractChannelHandlerContext.java:357) ~[netty-transport-4.1.82.Final.jar:?]
	at io.netty.channel.DefaultChannelPipeline$HeadContext.channelRead(DefaultChannelPipeline.java:1410) ~[netty-transport-4.1.82.Final.jar:?]
	at io.netty.channel.AbstractChannelHandlerContext.invokeChannelRead(AbstractChannelHandlerContext.java:379) ~[netty-transport-4.1.82.Final.jar:?]
	at io.netty.channel.AbstractChannelHandlerContext.invokeChannelRead(AbstractChannelHandlerContext.java:365) ~[netty-transport-4.1.82.Final.jar:?]
	at io.netty.channel.DefaultChannelPipeline.fireChannelRead(DefaultChannelPipeline.java:919) ~[netty-transport-4.1.82.Final.jar:?]
	at io.netty.channel.epoll.AbstractEpollStreamChannel$EpollStreamUnsafe.epollInReady(AbstractEpollStreamChannel.java:800) ~[netty-transport-classes-epoll-4.1.82.Final.jar:?]
	at io.netty.channel.epoll.EpollEventLoop.processReady(EpollEventLoop.java:499) ~[netty-transport-classes-epoll-4.1.82.Final.jar:?]
	at io.netty.channel.epoll.EpollEventLoop.run(EpollEventLoop.java:397) ~[netty-transport-classes-epoll-4.1.82.Final.jar:?]
	at io.netty.util.concurrent.SingleThreadEventExecutor$4.run(SingleThreadEventExecutor.java:997) ~[netty-common-4.1.82.Final.jar:?]
	at io.netty.util.internal.ThreadExecutorMap$2.run(ThreadExecutorMap.java:74) ~[netty-common-4.1.82.Final.jar:?]
	at java.lang.Thread.run(Thread.java:840) ~[?:?]
Caused by: java.lang.IndexOutOfBoundsException: Index 3 out of bounds for length 1
	at jdk.internal.util.Preconditions.outOfBounds(Preconditions.java:64) ~[?:?]
	at jdk.internal.util.Preconditions.outOfBoundsCheckIndex(Preconditions.java:70) ~[?:?]
	at jdk.internal.util.Preconditions.checkIndex(Preconditions.java:266) ~[?:?]
	at java.util.Objects.checkIndex(Objects.java:361) ~[?:?]
	at java.util.ArrayList.get(ArrayList.java:427) ~[?:?]
	at net.minecraft.network.NetworkState$PacketHandler.createPacket(NetworkState.java:458) ~[server-intermediary.jar:?]
	at net.minecraft.network.NetworkState.getPacketHandler(NetworkState.java:522) ~[server-intermediary.jar:?]
	at net.minecraft.network.DecoderHandler.decode(DecoderHandler.java:32) ~[server-intermediary.jar:?]
	at io.netty.handler.codec.ByteToMessageDecoder.decodeRemovalReentryProtection(ByteToMessageDecoder.java:519) ~[netty-codec-4.1.82.Final.jar:?]
	at io.netty.handler.codec.ByteToMessageDecoder.callDecode(ByteToMessageDecoder.java:458) ~[netty-codec-4.1.82.Final.jar:?]
	... 29 more
[02:06:06] [Netty Epoll Server IO #5/ERROR]: Exception occurred in netty pipeline
io.netty.handler.codec.DecoderException: java.lang.IndexOutOfBoundsException: Index 3 out of bounds for length 1
	at io.netty.handler.codec.ByteToMessageDecoder.callDecode(ByteToMessageDecoder.java:489) ~[netty-codec-4.1.82.Final.jar:?]
	at io.netty.handler.codec.ByteToMessageDecoder.channelRead(ByteToMessageDecoder.java:280) ~[netty-codec-4.1.82.Final.jar:?]
	at io.netty.channel.AbstractChannelHandlerContext.invokeChannelRead(AbstractChannelHandlerContext.java:379) ~[netty-transport-4.1.82.Final.jar:?]
	at io.netty.channel.AbstractChannelHandlerContext.invokeChannelRead(AbstractChannelHandlerContext.java:365) ~[netty-transport-4.1.82.Final.jar:?]
	at io.netty.channel.AbstractChannelHandlerContext.fireChannelRead(AbstractChannelHandlerContext.java:357) ~[netty-transport-4.1.82.Final.jar:?]
	at io.netty.handler.codec.ByteToMessageDecoder.fireChannelRead(ByteToMessageDecoder.java:336) ~[netty-codec-4.1.82.Final.jar:?]
	at io.netty.handler.codec.ByteToMessageDecoder.fireChannelRead(ByteToMessageDecoder.java:323) ~[netty-codec-4.1.82.Final.jar:?]
	at io.netty.handler.codec.ByteToMessageDecoder.callDecode(ByteToMessageDecoder.java:444) ~[netty-codec-4.1.82.Final.jar:?]
	at io.netty.handler.codec.ByteToMessageDecoder.channelRead(ByteToMessageDecoder.java:280) ~[netty-codec-4.1.82.Final.jar:?]
	at io.netty.channel.AbstractChannelHandlerContext.invokeChannelRead(AbstractChannelHandlerContext.java:379) ~[netty-transport-4.1.82.Final.jar:?]
	at io.netty.channel.AbstractChannelHandlerContext.invokeChannelRead(AbstractChannelHandlerContext.java:365) ~[netty-transport-4.1.82.Final.jar:?]
	at io.netty.channel.AbstractChannelHandlerContext.fireChannelRead(AbstractChannelHandlerContext.java:357) ~[netty-transport-4.1.82.Final.jar:?]
	at net.minecraft.network.LegacyQueryHandler.channelRead(LegacyQueryHandler.java:95) ~[server-intermediary.jar:?]
	at io.netty.channel.AbstractChannelHandlerContext.invokeChannelRead(AbstractChannelHandlerContext.java:379) ~[netty-transport-4.1.82.Final.jar:?]
	at io.netty.channel.AbstractChannelHandlerContext.invokeChannelRead(AbstractChannelHandlerContext.java:365) ~[netty-transport-4.1.82.Final.jar:?]
	at io.netty.channel.AbstractChannelHandlerContext.fireChannelRead(AbstractChannelHandlerContext.java:357) ~[netty-transport-4.1.82.Final.jar:?]
	at io.netty.handler.timeout.IdleStateHandler.channelRead(IdleStateHandler.java:286) ~[netty-handler-4.1.82.Final.jar:?]
	at io.netty.channel.AbstractChannelHandlerContext.invokeChannelRead(AbstractChannelHandlerContext.java:379) ~[netty-transport-4.1.82.Final.jar:?]
	at io.netty.channel.AbstractChannelHandlerContext.invokeChannelRead(AbstractChannelHandlerContext.java:365) ~[netty-transport-4.1.82.Final.jar:?]
	at io.netty.channel.AbstractChannelHandlerContext.fireChannelRead(AbstractChannelHandlerContext.java:357) ~[netty-transport-4.1.82.Final.jar:?]
	at io.netty.channel.DefaultChannelPipeline$HeadContext.channelRead(DefaultChannelPipeline.java:1410) ~[netty-transport-4.1.82.Final.jar:?]
	at io.netty.channel.AbstractChannelHandlerContext.invokeChannelRead(AbstractChannelHandlerContext.java:379) ~[netty-transport-4.1.82.Final.jar:?]
	at io.netty.channel.AbstractChannelHandlerContext.invokeChannelRead(AbstractChannelHandlerContext.java:365) ~[netty-transport-4.1.82.Final.jar:?]
	at io.netty.channel.DefaultChannelPipeline.fireChannelRead(DefaultChannelPipeline.java:919) ~[netty-transport-4.1.82.Final.jar:?]
	at io.netty.channel.epoll.AbstractEpollStreamChannel$EpollStreamUnsafe.epollInReady(AbstractEpollStreamChannel.java:800) ~[netty-transport-classes-epoll-4.1.82.Final.jar:?]
	at io.netty.channel.epoll.EpollEventLoop.processReady(EpollEventLoop.java:499) ~[netty-transport-classes-epoll-4.1.82.Final.jar:?]
	at io.netty.channel.epoll.EpollEventLoop.run(EpollEventLoop.java:397) ~[netty-transport-classes-epoll-4.1.82.Final.jar:?]
	at io.netty.util.concurrent.SingleThreadEventExecutor$4.run(SingleThreadEventExecutor.java:997) ~[netty-common-4.1.82.Final.jar:?]
	at io.netty.util.internal.ThreadExecutorMap$2.run(ThreadExecutorMap.java:74) ~[netty-common-4.1.82.Final.jar:?]
	at java.lang.Thread.run(Thread.java:840) ~[?:?]
Caused by: java.lang.IndexOutOfBoundsException: Index 3 out of bounds for length 1
	at jdk.internal.util.Preconditions.outOfBounds(Preconditions.java:64) ~[?:?]
	at jdk.internal.util.Preconditions.outOfBoundsCheckIndex(Preconditions.java:70) ~[?:?]
	at jdk.internal.util.Preconditions.checkIndex(Preconditions.java:266) ~[?:?]
	at java.util.Objects.checkIndex(Objects.java:361) ~[?:?]
	at java.util.ArrayList.get(ArrayList.java:427) ~[?:?]
	at net.minecraft.network.NetworkState$PacketHandler.createPacket(NetworkState.java:458) ~[server-intermediary.jar:?]
	at net.minecraft.network.NetworkState.getPacketHandler(NetworkState.java:522) ~[server-intermediary.jar:?]
	at net.minecraft.network.DecoderHandler.decode(DecoderHandler.java:32) ~[server-intermediary.jar:?]
	at io.netty.handler.codec.ByteToMessageDecoder.decodeRemovalReentryProtection(ByteToMessageDecoder.java:519) ~[netty-codec-4.1.82.Final.jar:?]
	at io.netty.handler.codec.ByteToMessageDecoder.callDecode(ByteToMessageDecoder.java:458) ~[netty-codec-4.1.82.Final.jar:?]
	... 29 more
[02:06:06] [Netty Epoll Server IO #7/ERROR]: Exception occurred in netty pipeline
io.netty.handler.codec.DecoderException: java.lang.IndexOutOfBoundsException: Index 3 out of bounds for length 1
	at io.netty.handler.codec.ByteToMessageDecoder.callDecode(ByteToMessageDecoder.java:489) ~[netty-codec-4.1.82.Final.jar:?]
	at io.netty.handler.codec.ByteToMessageDecoder.channelRead(ByteToMessageDecoder.java:280) ~[netty-codec-4.1.82.Final.jar:?]
	at io.netty.channel.AbstractChannelHandlerContext.invokeChannelRead(AbstractChannelHandlerContext.java:379) ~[netty-transport-4.1.82.Final.jar:?]
	at io.netty.channel.AbstractChannelHandlerContext.invokeChannelRead(AbstractChannelHandlerContext.java:365) ~[netty-transport-4.1.82.Final.jar:?]
	at io.netty.channel.AbstractChannelHandlerContext.fireChannelRead(AbstractChannelHandlerContext.java:357) ~[netty-transport-4.1.82.Final.jar:?]
	at io.netty.handler.codec.ByteToMessageDecoder.fireChannelRead(ByteToMessageDecoder.java:336) ~[netty-codec-4.1.82.Final.jar:?]
	at io.netty.handler.codec.ByteToMessageDecoder.fireChannelRead(ByteToMessageDecoder.java:323) ~[netty-codec-4.1.82.Final.jar:?]
	at io.netty.handler.codec.ByteToMessageDecoder.callDecode(ByteToMessageDecoder.java:444) ~[netty-codec-4.1.82.Final.jar:?]
	at io.netty.handler.codec.ByteToMessageDecoder.channelRead(ByteToMessageDecoder.java:280) ~[netty-codec-4.1.82.Final.jar:?]
	at io.netty.channel.AbstractChannelHandlerContext.invokeChannelRead(AbstractChannelHandlerContext.java:379) ~[netty-transport-4.1.82.Final.jar:?]
	at io.netty.channel.AbstractChannelHandlerContext.invokeChannelRead(AbstractChannelHandlerContext.java:365) ~[netty-transport-4.1.82.Final.jar:?]
	at io.netty.channel.AbstractChannelHandlerContext.fireChannelRead(AbstractChannelHandlerContext.java:357) ~[netty-transport-4.1.82.Final.jar:?]
	at net.minecraft.network.LegacyQueryHandler.channelRead(LegacyQueryHandler.java:95) ~[server-intermediary.jar:?]
	at io.netty.channel.AbstractChannelHandlerContext.invokeChannelRead(AbstractChannelHandlerContext.java:379) ~[netty-transport-4.1.82.Final.jar:?]
	at io.netty.channel.AbstractChannelHandlerContext.invokeChannelRead(AbstractChannelHandlerContext.java:365) ~[netty-transport-4.1.82.Final.jar:?]
	at io.netty.channel.AbstractChannelHandlerContext.fireChannelRead(AbstractChannelHandlerContext.java:357) ~[netty-transport-4.1.82.Final.jar:?]
	at io.netty.handler.timeout.IdleStateHandler.channelRead(IdleStateHandler.java:286) ~[netty-handler-4.1.82.Final.jar:?]
	at io.netty.channel.AbstractChannelHandlerContext.invokeChannelRead(AbstractChannelHandlerContext.java:379) ~[netty-transport-4.1.82.Final.jar:?]
	at io.netty.channel.AbstractChannelHandlerContext.invokeChannelRead(AbstractChannelHandlerContext.java:365) ~[netty-transport-4.1.82.Final.jar:?]
	at io.netty.channel.AbstractChannelHandlerContext.fireChannelRead(AbstractChannelHandlerContext.java:357) ~[netty-transport-4.1.82.Final.jar:?]
	at io.netty.channel.DefaultChannelPipeline$HeadContext.channelRead(DefaultChannelPipeline.java:1410) ~[netty-transport-4.1.82.Final.jar:?]
	at io.netty.channel.AbstractChannelHandlerContext.invokeChannelRead(AbstractChannelHandlerContext.java:379) ~[netty-transport-4.1.82.Final.jar:?]
	at io.netty.channel.AbstractChannelHandlerContext.invokeChannelRead(AbstractChannelHandlerContext.java:365) ~[netty-transport-4.1.82.Final.jar:?]
	at io.netty.channel.DefaultChannelPipeline.fireChannelRead(DefaultChannelPipeline.java:919) ~[netty-transport-4.1.82.Final.jar:?]
	at io.netty.channel.epoll.AbstractEpollStreamChannel$EpollStreamUnsafe.epollInReady(AbstractEpollStreamChannel.java:800) ~[netty-transport-classes-epoll-4.1.82.Final.jar:?]
	at io.netty.channel.epoll.EpollEventLoop.processReady(EpollEventLoop.java:499) ~[netty-transport-classes-epoll-4.1.82.Final.jar:?]
	at io.netty.channel.epoll.EpollEventLoop.run(EpollEventLoop.java:397) ~[netty-transport-classes-epoll-4.1.82.Final.jar:?]
	at io.netty.util.concurrent.SingleThreadEventExecutor$4.run(SingleThreadEventExecutor.java:997) ~[netty-common-4.1.82.Final.jar:?]
	at io.netty.util.internal.ThreadExecutorMap$2.run(ThreadExecutorMap.java:74) ~[netty-common-4.1.82.Final.jar:?]
	at java.lang.Thread.run(Thread.java:840) ~[?:?]
Caused by: java.lang.IndexOutOfBoundsException: Index 3 out of bounds for length 1
	at jdk.internal.util.Preconditions.outOfBounds(Preconditions.java:64) ~[?:?]
	at jdk.internal.util.Preconditions.outOfBoundsCheckIndex(Preconditions.java:70) ~[?:?]
	at jdk.internal.util.Preconditions.checkIndex(Preconditions.java:266) ~[?:?]
	at java.util.Objects.checkIndex(Objects.java:361) ~[?:?]
	at java.util.ArrayList.get(ArrayList.java:427) ~[?:?]
	at net.minecraft.network.NetworkState$PacketHandler.createPacket(NetworkState.java:458) ~[server-intermediary.jar:?]
	at net.minecraft.network.NetworkState.getPacketHandler(NetworkState.java:522) ~[server-intermediary.jar:?]
	at net.minecraft.network.DecoderHandler.decode(DecoderHandler.java:32) ~[server-intermediary.jar:?]
	at io.netty.handler.codec.ByteToMessageDecoder.decodeRemovalReentryProtection(ByteToMessageDecoder.java:519) ~[netty-codec-4.1.82.Final.jar:?]
	at io.netty.handler.codec.ByteToMessageDecoder.callDecode(ByteToMessageDecoder.java:458) ~[netty-codec-4.1.82.Final.jar:?]
	... 29 more
[02:09:33] [Netty Epoll Server IO #1/ERROR]: Exception occurred in netty pipeline
io.netty.handler.codec.DecoderException: java.lang.IndexOutOfBoundsException: Index 50 out of bounds for length 1
	at io.netty.handler.codec.ByteToMessageDecoder.callDecode(ByteToMessageDecoder.java:489) ~[netty-codec-4.1.82.Final.jar:?]
	at io.netty.handler.codec.ByteToMessageDecoder.channelRead(ByteToMessageDecoder.java:280) ~[netty-codec-4.1.82.Final.jar:?]
	at io.netty.channel.AbstractChannelHandlerContext.invokeChannelRead(AbstractChannelHandlerContext.java:379) ~[netty-transport-4.1.82.Final.jar:?]
	at io.netty.channel.AbstractChannelHandlerContext.invokeChannelRead(AbstractChannelHandlerContext.java:365) ~[netty-transport-4.1.82.Final.jar:?]
	at io.netty.channel.AbstractChannelHandlerContext.fireChannelRead(AbstractChannelHandlerContext.java:357) ~[netty-transport-4.1.82.Final.jar:?]
	at io.netty.handler.codec.ByteToMessageDecoder.fireChannelRead(ByteToMessageDecoder.java:336) ~[netty-codec-4.1.82.Final.jar:?]
	at io.netty.handler.codec.ByteToMessageDecoder.fireChannelRead(ByteToMessageDecoder.java:323) ~[netty-codec-4.1.82.Final.jar:?]
	at io.netty.handler.codec.ByteToMessageDecoder.callDecode(ByteToMessageDecoder.java:444) ~[netty-codec-4.1.82.Final.jar:?]
	at io.netty.handler.codec.ByteToMessageDecoder.channelRead(ByteToMessageDecoder.java:280) ~[netty-codec-4.1.82.Final.jar:?]
	at io.netty.channel.AbstractChannelHandlerContext.invokeChannelRead(AbstractChannelHandlerContext.java:379) ~[netty-transport-4.1.82.Final.jar:?]
	at io.netty.channel.AbstractChannelHandlerContext.invokeChannelRead(AbstractChannelHandlerContext.java:365) ~[netty-transport-4.1.82.Final.jar:?]
	at io.netty.channel.AbstractChannelHandlerContext.fireChannelRead(AbstractChannelHandlerContext.java:357) ~[netty-transport-4.1.82.Final.jar:?]
	at net.minecraft.network.LegacyQueryHandler.channelRead(LegacyQueryHandler.java:95) ~[server-intermediary.jar:?]
	at io.netty.channel.AbstractChannelHandlerContext.invokeChannelRead(AbstractChannelHandlerContext.java:379) ~[netty-transport-4.1.82.Final.jar:?]
	at io.netty.channel.AbstractChannelHandlerContext.invokeChannelRead(AbstractChannelHandlerContext.java:365) ~[netty-transport-4.1.82.Final.jar:?]
	at io.netty.channel.AbstractChannelHandlerContext.fireChannelRead(AbstractChannelHandlerContext.java:357) ~[netty-transport-4.1.82.Final.jar:?]
	at io.netty.handler.timeout.IdleStateHandler.channelRead(IdleStateHandler.java:286) ~[netty-handler-4.1.82.Final.jar:?]
	at io.netty.channel.AbstractChannelHandlerContext.invokeChannelRead(AbstractChannelHandlerContext.java:379) ~[netty-transport-4.1.82.Final.jar:?]
	at io.netty.channel.AbstractChannelHandlerContext.invokeChannelRead(AbstractChannelHandlerContext.java:365) ~[netty-transport-4.1.82.Final.jar:?]
	at io.netty.channel.AbstractChannelHandlerContext.fireChannelRead(AbstractChannelHandlerContext.java:357) ~[netty-transport-4.1.82.Final.jar:?]
	at io.netty.channel.DefaultChannelPipeline$HeadContext.channelRead(DefaultChannelPipeline.java:1410) ~[netty-transport-4.1.82.Final.jar:?]
	at io.netty.channel.AbstractChannelHandlerContext.invokeChannelRead(AbstractChannelHandlerContext.java:379) ~[netty-transport-4.1.82.Final.jar:?]
	at io.netty.channel.AbstractChannelHandlerContext.invokeChannelRead(AbstractChannelHandlerContext.java:365) ~[netty-transport-4.1.82.Final.jar:?]
	at io.netty.channel.DefaultChannelPipeline.fireChannelRead(DefaultChannelPipeline.java:919) ~[netty-transport-4.1.82.Final.jar:?]
	at io.netty.channel.epoll.AbstractEpollStreamChannel$EpollStreamUnsafe.epollInReady(AbstractEpollStreamChannel.java:800) ~[netty-transport-classes-epoll-4.1.82.Final.jar:?]
	at io.netty.channel.epoll.EpollEventLoop.processReady(EpollEventLoop.java:499) ~[netty-transport-classes-epoll-4.1.82.Final.jar:?]
	at io.netty.channel.epoll.EpollEventLoop.run(EpollEventLoop.java:397) ~[netty-transport-classes-epoll-4.1.82.Final.jar:?]
	at io.netty.util.concurrent.SingleThreadEventExecutor$4.run(SingleThreadEventExecutor.java:997) ~[netty-common-4.1.82.Final.jar:?]
	at io.netty.util.internal.ThreadExecutorMap$2.run(ThreadExecutorMap.java:74) ~[netty-common-4.1.82.Final.jar:?]
	at java.lang.Thread.run(Thread.java:840) ~[?:?]
Caused by: java.lang.IndexOutOfBoundsException: Index 50 out of bounds for length 1
	at jdk.internal.util.Preconditions.outOfBounds(Preconditions.java:64) ~[?:?]
	at jdk.internal.util.Preconditions.outOfBoundsCheckIndex(Preconditions.java:70) ~[?:?]
	at jdk.internal.util.Preconditions.checkIndex(Preconditions.java:266) ~[?:?]
	at java.util.Objects.checkIndex(Objects.java:361) ~[?:?]
	at java.util.ArrayList.get(ArrayList.java:427) ~[?:?]
	at net.minecraft.network.NetworkState$PacketHandler.createPacket(NetworkState.java:458) ~[server-intermediary.jar:?]
	at net.minecraft.network.NetworkState.getPacketHandler(NetworkState.java:522) ~[server-intermediary.jar:?]
	at net.minecraft.network.DecoderHandler.decode(DecoderHandler.java:32) ~[server-intermediary.jar:?]
	at io.netty.handler.codec.ByteToMessageDecoder.decodeRemovalReentryProtection(ByteToMessageDecoder.java:519) ~[netty-codec-4.1.82.Final.jar:?]
	at io.netty.handler.codec.ByteToMessageDecoder.callDecode(ByteToMessageDecoder.java:458) ~[netty-codec-4.1.82.Final.jar:?]
	... 29 more
[02:12:46] [Netty Epoll Server IO #3/ERROR]: Exception occurred in netty pipeline
io.netty.handler.codec.DecoderException: java.lang.IndexOutOfBoundsException: Index 50 out of bounds for length 1
	at io.netty.handler.codec.ByteToMessageDecoder.callDecode(ByteToMessageDecoder.java:489) ~[netty-codec-4.1.82.Final.jar:?]
	at io.netty.handler.codec.ByteToMessageDecoder.channelRead(ByteToMessageDecoder.java:280) ~[netty-codec-4.1.82.Final.jar:?]
	at io.netty.channel.AbstractChannelHandlerContext.invokeChannelRead(AbstractChannelHandlerContext.java:379) ~[netty-transport-4.1.82.Final.jar:?]
	at io.netty.channel.AbstractChannelHandlerContext.invokeChannelRead(AbstractChannelHandlerContext.java:365) ~[netty-transport-4.1.82.Final.jar:?]
	at io.netty.channel.AbstractChannelHandlerContext.fireChannelRead(AbstractChannelHandlerContext.java:357) ~[netty-transport-4.1.82.Final.jar:?]
	at io.netty.handler.codec.ByteToMessageDecoder.fireChannelRead(ByteToMessageDecoder.java:336) ~[netty-codec-4.1.82.Final.jar:?]
	at io.netty.handler.codec.ByteToMessageDecoder.fireChannelRead(ByteToMessageDecoder.java:323) ~[netty-codec-4.1.82.Final.jar:?]
	at io.netty.handler.codec.ByteToMessageDecoder.callDecode(ByteToMessageDecoder.java:444) ~[netty-codec-4.1.82.Final.jar:?]
	at io.netty.handler.codec.ByteToMessageDecoder.channelRead(ByteToMessageDecoder.java:280) ~[netty-codec-4.1.82.Final.jar:?]
	at io.netty.channel.AbstractChannelHandlerContext.invokeChannelRead(AbstractChannelHandlerContext.java:379) ~[netty-transport-4.1.82.Final.jar:?]
	at io.netty.channel.AbstractChannelHandlerContext.invokeChannelRead(AbstractChannelHandlerContext.java:365) ~[netty-transport-4.1.82.Final.jar:?]
	at io.netty.channel.AbstractChannelHandlerContext.fireChannelRead(AbstractChannelHandlerContext.java:357) ~[netty-transport-4.1.82.Final.jar:?]
	at net.minecraft.network.LegacyQueryHandler.channelRead(LegacyQueryHandler.java:95) ~[server-intermediary.jar:?]
	at io.netty.channel.AbstractChannelHandlerContext.invokeChannelRead(AbstractChannelHandlerContext.java:379) ~[netty-transport-4.1.82.Final.jar:?]
	at io.netty.channel.AbstractChannelHandlerContext.invokeChannelRead(AbstractChannelHandlerContext.java:365) ~[netty-transport-4.1.82.Final.jar:?]
	at io.netty.channel.AbstractChannelHandlerContext.fireChannelRead(AbstractChannelHandlerContext.java:357) ~[netty-transport-4.1.82.Final.jar:?]
	at io.netty.handler.timeout.IdleStateHandler.channelRead(IdleStateHandler.java:286) ~[netty-handler-4.1.82.Final.jar:?]
	at io.netty.channel.AbstractChannelHandlerContext.invokeChannelRead(AbstractChannelHandlerContext.java:379) ~[netty-transport-4.1.82.Final.jar:?]
	at io.netty.channel.AbstractChannelHandlerContext.invokeChannelRead(AbstractChannelHandlerContext.java:365) ~[netty-transport-4.1.82.Final.jar:?]
	at io.netty.channel.AbstractChannelHandlerContext.fireChannelRead(AbstractChannelHandlerContext.java:357) ~[netty-transport-4.1.82.Final.jar:?]
	at io.netty.channel.DefaultChannelPipeline$HeadContext.channelRead(DefaultChannelPipeline.java:1410) ~[netty-transport-4.1.82.Final.jar:?]
	at io.netty.channel.AbstractChannelHandlerContext.invokeChannelRead(AbstractChannelHandlerContext.java:379) ~[netty-transport-4.1.82.Final.jar:?]
	at io.netty.channel.AbstractChannelHandlerContext.invokeChannelRead(AbstractChannelHandlerContext.java:365) ~[netty-transport-4.1.82.Final.jar:?]
	at io.netty.channel.DefaultChannelPipeline.fireChannelRead(DefaultChannelPipeline.java:919) ~[netty-transport-4.1.82.Final.jar:?]
	at io.netty.channel.epoll.AbstractEpollStreamChannel$EpollStreamUnsafe.epollInReady(AbstractEpollStreamChannel.java:800) ~[netty-transport-classes-epoll-4.1.82.Final.jar:?]
	at io.netty.channel.epoll.EpollEventLoop.processReady(EpollEventLoop.java:499) ~[netty-transport-classes-epoll-4.1.82.Final.jar:?]
	at io.netty.channel.epoll.EpollEventLoop.run(EpollEventLoop.java:397) ~[netty-transport-classes-epoll-4.1.82.Final.jar:?]
	at io.netty.util.concurrent.SingleThreadEventExecutor$4.run(SingleThreadEventExecutor.java:997) ~[netty-common-4.1.82.Final.jar:?]
	at io.netty.util.internal.ThreadExecutorMap$2.run(ThreadExecutorMap.java:74) ~[netty-common-4.1.82.Final.jar:?]
	at java.lang.Thread.run(Thread.java:840) ~[?:?]
Caused by: java.lang.IndexOutOfBoundsException: Index 50 out of bounds for length 1
	at jdk.internal.util.Preconditions.outOfBounds(Preconditions.java:64) ~[?:?]
	at jdk.internal.util.Preconditions.outOfBoundsCheckIndex(Preconditions.java:70) ~[?:?]
	at jdk.internal.util.Preconditions.checkIndex(Preconditions.java:266) ~[?:?]
	at java.util.Objects.checkIndex(Objects.java:361) ~[?:?]
	at java.util.ArrayList.get(ArrayList.java:427) ~[?:?]
	at net.minecraft.network.NetworkState$PacketHandler.createPacket(NetworkState.java:458) ~[server-intermediary.jar:?]
	at net.minecraft.network.NetworkState.getPacketHandler(NetworkState.java:522) ~[server-intermediary.jar:?]
	at net.minecraft.network.DecoderHandler.decode(DecoderHandler.java:32) ~[server-intermediary.jar:?]
	at io.netty.handler.codec.ByteToMessageDecoder.decodeRemovalReentryProtection(ByteToMessageDecoder.java:519) ~[netty-codec-4.1.82.Final.jar:?]
	at io.netty.handler.codec.ByteToMessageDecoder.callDecode(ByteToMessageDecoder.java:458) ~[netty-codec-4.1.82.Final.jar:?]
	... 29 more
[02:14:49] [Netty Epoll Server IO #5/ERROR]: Exception occurred in netty pipeline
io.netty.handler.codec.DecoderException: java.lang.IndexOutOfBoundsException: Index 50 out of bounds for length 1
	at io.netty.handler.codec.ByteToMessageDecoder.callDecode(ByteToMessageDecoder.java:489) ~[netty-codec-4.1.82.Final.jar:?]
	at io.netty.handler.codec.ByteToMessageDecoder.channelRead(ByteToMessageDecoder.java:280) ~[netty-codec-4.1.82.Final.jar:?]
	at io.netty.channel.AbstractChannelHandlerContext.invokeChannelRead(AbstractChannelHandlerContext.java:379) ~[netty-transport-4.1.82.Final.jar:?]
	at io.netty.channel.AbstractChannelHandlerContext.invokeChannelRead(AbstractChannelHandlerContext.java:365) ~[netty-transport-4.1.82.Final.jar:?]
	at io.netty.channel.AbstractChannelHandlerContext.fireChannelRead(AbstractChannelHandlerContext.java:357) ~[netty-transport-4.1.82.Final.jar:?]
	at io.netty.handler.codec.ByteToMessageDecoder.fireChannelRead(ByteToMessageDecoder.java:336) ~[netty-codec-4.1.82.Final.jar:?]
	at io.netty.handler.codec.ByteToMessageDecoder.fireChannelRead(ByteToMessageDecoder.java:323) ~[netty-codec-4.1.82.Final.jar:?]
	at io.netty.handler.codec.ByteToMessageDecoder.callDecode(ByteToMessageDecoder.java:444) ~[netty-codec-4.1.82.Final.jar:?]
	at io.netty.handler.codec.ByteToMessageDecoder.channelRead(ByteToMessageDecoder.java:280) ~[netty-codec-4.1.82.Final.jar:?]
	at io.netty.channel.AbstractChannelHandlerContext.invokeChannelRead(AbstractChannelHandlerContext.java:379) ~[netty-transport-4.1.82.Final.jar:?]
	at io.netty.channel.AbstractChannelHandlerContext.invokeChannelRead(AbstractChannelHandlerContext.java:365) ~[netty-transport-4.1.82.Final.jar:?]
	at io.netty.channel.AbstractChannelHandlerContext.fireChannelRead(AbstractChannelHandlerContext.java:357) ~[netty-transport-4.1.82.Final.jar:?]
	at net.minecraft.network.LegacyQueryHandler.channelRead(LegacyQueryHandler.java:95) ~[server-intermediary.jar:?]
	at io.netty.channel.AbstractChannelHandlerContext.invokeChannelRead(AbstractChannelHandlerContext.java:379) ~[netty-transport-4.1.82.Final.jar:?]
	at io.netty.channel.AbstractChannelHandlerContext.invokeChannelRead(AbstractChannelHandlerContext.java:365) ~[netty-transport-4.1.82.Final.jar:?]
	at io.netty.channel.AbstractChannelHandlerContext.fireChannelRead(AbstractChannelHandlerContext.java:357) ~[netty-transport-4.1.82.Final.jar:?]
	at io.netty.handler.timeout.IdleStateHandler.channelRead(IdleStateHandler.java:286) ~[netty-handler-4.1.82.Final.jar:?]
	at io.netty.channel.AbstractChannelHandlerContext.invokeChannelRead(AbstractChannelHandlerContext.java:379) ~[netty-transport-4.1.82.Final.jar:?]
	at io.netty.channel.AbstractChannelHandlerContext.invokeChannelRead(AbstractChannelHandlerContext.java:365) ~[netty-transport-4.1.82.Final.jar:?]
	at io.netty.channel.AbstractChannelHandlerContext.fireChannelRead(AbstractChannelHandlerContext.java:357) ~[netty-transport-4.1.82.Final.jar:?]
	at io.netty.channel.DefaultChannelPipeline$HeadContext.channelRead(DefaultChannelPipeline.java:1410) ~[netty-transport-4.1.82.Final.jar:?]
	at io.netty.channel.AbstractChannelHandlerContext.invokeChannelRead(AbstractChannelHandlerContext.java:379) ~[netty-transport-4.1.82.Final.jar:?]
	at io.netty.channel.AbstractChannelHandlerContext.invokeChannelRead(AbstractChannelHandlerContext.java:365) ~[netty-transport-4.1.82.Final.jar:?]
	at io.netty.channel.DefaultChannelPipeline.fireChannelRead(DefaultChannelPipeline.java:919) ~[netty-transport-4.1.82.Final.jar:?]
	at io.netty.channel.epoll.AbstractEpollStreamChannel$EpollStreamUnsafe.epollInReady(AbstractEpollStreamChannel.java:800) ~[netty-transport-classes-epoll-4.1.82.Final.jar:?]
	at io.netty.channel.epoll.EpollEventLoop.processReady(EpollEventLoop.java:499) ~[netty-transport-classes-epoll-4.1.82.Final.jar:?]
	at io.netty.channel.epoll.EpollEventLoop.run(EpollEventLoop.java:397) ~[netty-transport-classes-epoll-4.1.82.Final.jar:?]
	at io.netty.util.concurrent.SingleThreadEventExecutor$4.run(SingleThreadEventExecutor.java:997) ~[netty-common-4.1.82.Final.jar:?]
	at io.netty.util.internal.ThreadExecutorMap$2.run(ThreadExecutorMap.java:74) ~[netty-common-4.1.82.Final.jar:?]
	at java.lang.Thread.run(Thread.java:840) ~[?:?]
Caused by: java.lang.IndexOutOfBoundsException: Index 50 out of bounds for length 1
	at jdk.internal.util.Preconditions.outOfBounds(Preconditions.java:64) ~[?:?]
	at jdk.internal.util.Preconditions.outOfBoundsCheckIndex(Preconditions.java:70) ~[?:?]
	at jdk.internal.util.Preconditions.checkIndex(Preconditions.java:266) ~[?:?]
	at java.util.Objects.checkIndex(Objects.java:361) ~[?:?]
	at java.util.ArrayList.get(ArrayList.java:427) ~[?:?]
	at net.minecraft.network.NetworkState$PacketHandler.createPacket(NetworkState.java:458) ~[server-intermediary.jar:?]
	at net.minecraft.network.NetworkState.getPacketHandler(NetworkState.java:522) ~[server-intermediary.jar:?]
	at net.minecraft.network.DecoderHandler.decode(DecoderHandler.java:32) ~[server-intermediary.jar:?]
	at io.netty.handler.codec.ByteToMessageDecoder.decodeRemovalReentryProtection(ByteToMessageDecoder.java:519) ~[netty-codec-4.1.82.Final.jar:?]
	at io.netty.handler.codec.ByteToMessageDecoder.callDecode(ByteToMessageDecoder.java:458) ~[netty-codec-4.1.82.Final.jar:?]
	... 29 more
[02:19:10] [Netty Epoll Server IO #7/ERROR]: Exception occurred in netty pipeline
io.netty.handler.codec.DecoderException: java.lang.IndexOutOfBoundsException: Index 50 out of bounds for length 1
	at io.netty.handler.codec.ByteToMessageDecoder.callDecode(ByteToMessageDecoder.java:489) ~[netty-codec-4.1.82.Final.jar:?]
	at io.netty.handler.codec.ByteToMessageDecoder.channelRead(ByteToMessageDecoder.java:280) ~[netty-codec-4.1.82.Final.jar:?]
	at io.netty.channel.AbstractChannelHandlerContext.invokeChannelRead(AbstractChannelHandlerContext.java:379) ~[netty-transport-4.1.82.Final.jar:?]
	at io.netty.channel.AbstractChannelHandlerContext.invokeChannelRead(AbstractChannelHandlerContext.java:365) ~[netty-transport-4.1.82.Final.jar:?]
	at io.netty.channel.AbstractChannelHandlerContext.fireChannelRead(AbstractChannelHandlerContext.java:357) ~[netty-transport-4.1.82.Final.jar:?]
	at io.netty.handler.codec.ByteToMessageDecoder.fireChannelRead(ByteToMessageDecoder.java:336) ~[netty-codec-4.1.82.Final.jar:?]
	at io.netty.handler.codec.ByteToMessageDecoder.fireChannelRead(ByteToMessageDecoder.java:323) ~[netty-codec-4.1.82.Final.jar:?]
	at io.netty.handler.codec.ByteToMessageDecoder.callDecode(ByteToMessageDecoder.java:444) ~[netty-codec-4.1.82.Final.jar:?]
	at io.netty.handler.codec.ByteToMessageDecoder.channelRead(ByteToMessageDecoder.java:280) ~[netty-codec-4.1.82.Final.jar:?]
	at io.netty.channel.AbstractChannelHandlerContext.invokeChannelRead(AbstractChannelHandlerContext.java:379) ~[netty-transport-4.1.82.Final.jar:?]
	at io.netty.channel.AbstractChannelHandlerContext.invokeChannelRead(AbstractChannelHandlerContext.java:365) ~[netty-transport-4.1.82.Final.jar:?]
	at io.netty.channel.AbstractChannelHandlerContext.fireChannelRead(AbstractChannelHandlerContext.java:357) ~[netty-transport-4.1.82.Final.jar:?]
	at net.minecraft.network.LegacyQueryHandler.channelRead(LegacyQueryHandler.java:95) ~[server-intermediary.jar:?]
	at io.netty.channel.AbstractChannelHandlerContext.invokeChannelRead(AbstractChannelHandlerContext.java:379) ~[netty-transport-4.1.82.Final.jar:?]
	at io.netty.channel.AbstractChannelHandlerContext.invokeChannelRead(AbstractChannelHandlerContext.java:365) ~[netty-transport-4.1.82.Final.jar:?]
	at io.netty.channel.AbstractChannelHandlerContext.fireChannelRead(AbstractChannelHandlerContext.java:357) ~[netty-transport-4.1.82.Final.jar:?]
	at io.netty.handler.timeout.IdleStateHandler.channelRead(IdleStateHandler.java:286) ~[netty-handler-4.1.82.Final.jar:?]
	at io.netty.channel.AbstractChannelHandlerContext.invokeChannelRead(AbstractChannelHandlerContext.java:379) ~[netty-transport-4.1.82.Final.jar:?]
	at io.netty.channel.AbstractChannelHandlerContext.invokeChannelRead(AbstractChannelHandlerContext.java:365) ~[netty-transport-4.1.82.Final.jar:?]
	at io.netty.channel.AbstractChannelHandlerContext.fireChannelRead(AbstractChannelHandlerContext.java:357) ~[netty-transport-4.1.82.Final.jar:?]
	at io.netty.channel.DefaultChannelPipeline$HeadContext.channelRead(DefaultChannelPipeline.java:1410) ~[netty-transport-4.1.82.Final.jar:?]
	at io.netty.channel.AbstractChannelHandlerContext.invokeChannelRead(AbstractChannelHandlerContext.java:379) ~[netty-transport-4.1.82.Final.jar:?]
	at io.netty.channel.AbstractChannelHandlerContext.invokeChannelRead(AbstractChannelHandlerContext.java:365) ~[netty-transport-4.1.82.Final.jar:?]
	at io.netty.channel.DefaultChannelPipeline.fireChannelRead(DefaultChannelPipeline.java:919) ~[netty-transport-4.1.82.Final.jar:?]
	at io.netty.channel.epoll.AbstractEpollStreamChannel$EpollStreamUnsafe.epollInReady(AbstractEpollStreamChannel.java:800) ~[netty-transport-classes-epoll-4.1.82.Final.jar:?]
	at io.netty.channel.epoll.EpollEventLoop.processReady(EpollEventLoop.java:499) ~[netty-transport-classes-epoll-4.1.82.Final.jar:?]
	at io.netty.channel.epoll.EpollEventLoop.run(EpollEventLoop.java:397) ~[netty-transport-classes-epoll-4.1.82.Final.jar:?]
	at io.netty.util.concurrent.SingleThreadEventExecutor$4.run(SingleThreadEventExecutor.java:997) ~[netty-common-4.1.82.Final.jar:?]
	at io.netty.util.internal.ThreadExecutorMap$2.run(ThreadExecutorMap.java:74) ~[netty-common-4.1.82.Final.jar:?]
	at java.lang.Thread.run(Thread.java:840) ~[?:?]
Caused by: java.lang.IndexOutOfBoundsException: Index 50 out of bounds for length 1
	at jdk.internal.util.Preconditions.outOfBounds(Preconditions.java:64) ~[?:?]
	at jdk.internal.util.Preconditions.outOfBoundsCheckIndex(Preconditions.java:70) ~[?:?]
	at jdk.internal.util.Preconditions.checkIndex(Preconditions.java:266) ~[?:?]
	at java.util.Objects.checkIndex(Objects.java:361) ~[?:?]
	at java.util.ArrayList.get(ArrayList.java:427) ~[?:?]
	at net.minecraft.network.NetworkState$PacketHandler.createPacket(NetworkState.java:458) ~[server-intermediary.jar:?]
	at net.minecraft.network.NetworkState.getPacketHandler(NetworkState.java:522) ~[server-intermediary.jar:?]
	at net.minecraft.network.DecoderHandler.decode(DecoderHandler.java:32) ~[server-intermediary.jar:?]
	at io.netty.handler.codec.ByteToMessageDecoder.decodeRemovalReentryProtection(ByteToMessageDecoder.java:519) ~[netty-codec-4.1.82.Final.jar:?]
	at io.netty.handler.codec.ByteToMessageDecoder.callDecode(ByteToMessageDecoder.java:458) ~[netty-codec-4.1.82.Final.jar:?]
	... 29 more
[02:20:09] [Netty Epoll Server IO #1/ERROR]: Exception occurred in netty pipeline
io.netty.handler.codec.DecoderException: java.lang.IndexOutOfBoundsException: Index 50 out of bounds for length 1
	at io.netty.handler.codec.ByteToMessageDecoder.callDecode(ByteToMessageDecoder.java:489) ~[netty-codec-4.1.82.Final.jar:?]
	at io.netty.handler.codec.ByteToMessageDecoder.channelRead(ByteToMessageDecoder.java:280) ~[netty-codec-4.1.82.Final.jar:?]
	at io.netty.channel.AbstractChannelHandlerContext.invokeChannelRead(AbstractChannelHandlerContext.java:379) ~[netty-transport-4.1.82.Final.jar:?]
	at io.netty.channel.AbstractChannelHandlerContext.invokeChannelRead(AbstractChannelHandlerContext.java:365) ~[netty-transport-4.1.82.Final.jar:?]
	at io.netty.channel.AbstractChannelHandlerContext.fireChannelRead(AbstractChannelHandlerContext.java:357) ~[netty-transport-4.1.82.Final.jar:?]
	at io.netty.handler.codec.ByteToMessageDecoder.fireChannelRead(ByteToMessageDecoder.java:336) ~[netty-codec-4.1.82.Final.jar:?]
	at io.netty.handler.codec.ByteToMessageDecoder.fireChannelRead(ByteToMessageDecoder.java:323) ~[netty-codec-4.1.82.Final.jar:?]
	at io.netty.handler.codec.ByteToMessageDecoder.callDecode(ByteToMessageDecoder.java:444) ~[netty-codec-4.1.82.Final.jar:?]
	at io.netty.handler.codec.ByteToMessageDecoder.channelRead(ByteToMessageDecoder.java:280) ~[netty-codec-4.1.82.Final.jar:?]
	at io.netty.channel.AbstractChannelHandlerContext.invokeChannelRead(AbstractChannelHandlerContext.java:379) ~[netty-transport-4.1.82.Final.jar:?]
	at io.netty.channel.AbstractChannelHandlerContext.invokeChannelRead(AbstractChannelHandlerContext.java:365) ~[netty-transport-4.1.82.Final.jar:?]
	at io.netty.channel.AbstractChannelHandlerContext.fireChannelRead(AbstractChannelHandlerContext.java:357) ~[netty-transport-4.1.82.Final.jar:?]
	at net.minecraft.network.LegacyQueryHandler.channelRead(LegacyQueryHandler.java:95) ~[server-intermediary.jar:?]
	at io.netty.channel.AbstractChannelHandlerContext.invokeChannelRead(AbstractChannelHandlerContext.java:379) ~[netty-transport-4.1.82.Final.jar:?]
	at io.netty.channel.AbstractChannelHandlerContext.invokeChannelRead(AbstractChannelHandlerContext.java:365) ~[netty-transport-4.1.82.Final.jar:?]
	at io.netty.channel.AbstractChannelHandlerContext.fireChannelRead(AbstractChannelHandlerContext.java:357) ~[netty-transport-4.1.82.Final.jar:?]
	at io.netty.handler.timeout.IdleStateHandler.channelRead(IdleStateHandler.java:286) ~[netty-handler-4.1.82.Final.jar:?]
	at io.netty.channel.AbstractChannelHandlerContext.invokeChannelRead(AbstractChannelHandlerContext.java:379) ~[netty-transport-4.1.82.Final.jar:?]
	at io.netty.channel.AbstractChannelHandlerContext.invokeChannelRead(AbstractChannelHandlerContext.java:365) ~[netty-transport-4.1.82.Final.jar:?]
	at io.netty.channel.AbstractChannelHandlerContext.fireChannelRead(AbstractChannelHandlerContext.java:357) ~[netty-transport-4.1.82.Final.jar:?]
	at io.netty.channel.DefaultChannelPipeline$HeadContext.channelRead(DefaultChannelPipeline.java:1410) ~[netty-transport-4.1.82.Final.jar:?]
	at io.netty.channel.AbstractChannelHandlerContext.invokeChannelRead(AbstractChannelHandlerContext.java:379) ~[netty-transport-4.1.82.Final.jar:?]
	at io.netty.channel.AbstractChannelHandlerContext.invokeChannelRead(AbstractChannelHandlerContext.java:365) ~[netty-transport-4.1.82.Final.jar:?]
	at io.netty.channel.DefaultChannelPipeline.fireChannelRead(DefaultChannelPipeline.java:919) ~[netty-transport-4.1.82.Final.jar:?]
	at io.netty.channel.epoll.AbstractEpollStreamChannel$EpollStreamUnsafe.epollInReady(AbstractEpollStreamChannel.java:800) ~[netty-transport-classes-epoll-4.1.82.Final.jar:?]
	at io.netty.channel.epoll.EpollEventLoop.processReady(EpollEventLoop.java:499) ~[netty-transport-classes-epoll-4.1.82.Final.jar:?]
	at io.netty.channel.epoll.EpollEventLoop.run(EpollEventLoop.java:397) ~[netty-transport-classes-epoll-4.1.82.Final.jar:?]
	at io.netty.util.concurrent.SingleThreadEventExecutor$4.run(SingleThreadEventExecutor.java:997) ~[netty-common-4.1.82.Final.jar:?]
	at io.netty.util.internal.ThreadExecutorMap$2.run(ThreadExecutorMap.java:74) ~[netty-common-4.1.82.Final.jar:?]
	at java.lang.Thread.run(Thread.java:840) ~[?:?]
Caused by: java.lang.IndexOutOfBoundsException: Index 50 out of bounds for length 1
	at jdk.internal.util.Preconditions.outOfBounds(Preconditions.java:64) ~[?:?]
	at jdk.internal.util.Preconditions.outOfBoundsCheckIndex(Preconditions.java:70) ~[?:?]
	at jdk.internal.util.Preconditions.checkIndex(Preconditions.java:266) ~[?:?]
	at java.util.Objects.checkIndex(Objects.java:361) ~[?:?]
	at java.util.ArrayList.get(ArrayList.java:427) ~[?:?]
	at net.minecraft.network.NetworkState$PacketHandler.createPacket(NetworkState.java:458) ~[server-intermediary.jar:?]
	at net.minecraft.network.NetworkState.getPacketHandler(NetworkState.java:522) ~[server-intermediary.jar:?]
	at net.minecraft.network.DecoderHandler.decode(DecoderHandler.java:32) ~[server-intermediary.jar:?]
	at io.netty.handler.codec.ByteToMessageDecoder.decodeRemovalReentryProtection(ByteToMessageDecoder.java:519) ~[netty-codec-4.1.82.Final.jar:?]
	at io.netty.handler.codec.ByteToMessageDecoder.callDecode(ByteToMessageDecoder.java:458) ~[netty-codec-4.1.82.Final.jar:?]
	... 29 more
[02:25:26] [Netty Epoll Server IO #3/ERROR]: Exception occurred in netty pipeline
io.netty.handler.codec.DecoderException: java.lang.IndexOutOfBoundsException: Index 50 out of bounds for length 1
	at io.netty.handler.codec.ByteToMessageDecoder.callDecode(ByteToMessageDecoder.java:489) ~[netty-codec-4.1.82.Final.jar:?]
	at io.netty.handler.codec.ByteToMessageDecoder.channelRead(ByteToMessageDecoder.java:280) ~[netty-codec-4.1.82.Final.jar:?]
	at io.netty.channel.AbstractChannelHandlerContext.invokeChannelRead(AbstractChannelHandlerContext.java:379) ~[netty-transport-4.1.82.Final.jar:?]
	at io.netty.channel.AbstractChannelHandlerContext.invokeChannelRead(AbstractChannelHandlerContext.java:365) ~[netty-transport-4.1.82.Final.jar:?]
	at io.netty.channel.AbstractChannelHandlerContext.fireChannelRead(AbstractChannelHandlerContext.java:357) ~[netty-transport-4.1.82.Final.jar:?]
	at io.netty.handler.codec.ByteToMessageDecoder.fireChannelRead(ByteToMessageDecoder.java:336) ~[netty-codec-4.1.82.Final.jar:?]
	at io.netty.handler.codec.ByteToMessageDecoder.fireChannelRead(ByteToMessageDecoder.java:323) ~[netty-codec-4.1.82.Final.jar:?]
	at io.netty.handler.codec.ByteToMessageDecoder.callDecode(ByteToMessageDecoder.java:444) ~[netty-codec-4.1.82.Final.jar:?]
	at io.netty.handler.codec.ByteToMessageDecoder.channelRead(ByteToMessageDecoder.java:280) ~[netty-codec-4.1.82.Final.jar:?]
	at io.netty.channel.AbstractChannelHandlerContext.invokeChannelRead(AbstractChannelHandlerContext.java:379) ~[netty-transport-4.1.82.Final.jar:?]
	at io.netty.channel.AbstractChannelHandlerContext.invokeChannelRead(AbstractChannelHandlerContext.java:365) ~[netty-transport-4.1.82.Final.jar:?]
	at io.netty.channel.AbstractChannelHandlerContext.fireChannelRead(AbstractChannelHandlerContext.java:357) ~[netty-transport-4.1.82.Final.jar:?]
	at net.minecraft.network.LegacyQueryHandler.channelRead(LegacyQueryHandler.java:95) ~[server-intermediary.jar:?]
	at io.netty.channel.AbstractChannelHandlerContext.invokeChannelRead(AbstractChannelHandlerContext.java:379) ~[netty-transport-4.1.82.Final.jar:?]
	at io.netty.channel.AbstractChannelHandlerContext.invokeChannelRead(AbstractChannelHandlerContext.java:365) ~[netty-transport-4.1.82.Final.jar:?]
	at io.netty.channel.AbstractChannelHandlerContext.fireChannelRead(AbstractChannelHandlerContext.java:357) ~[netty-transport-4.1.82.Final.jar:?]
	at io.netty.handler.timeout.IdleStateHandler.channelRead(IdleStateHandler.java:286) ~[netty-handler-4.1.82.Final.jar:?]
	at io.netty.channel.AbstractChannelHandlerContext.invokeChannelRead(AbstractChannelHandlerContext.java:379) ~[netty-transport-4.1.82.Final.jar:?]
	at io.netty.channel.AbstractChannelHandlerContext.invokeChannelRead(AbstractChannelHandlerContext.java:365) ~[netty-transport-4.1.82.Final.jar:?]
	at io.netty.channel.AbstractChannelHandlerContext.fireChannelRead(AbstractChannelHandlerContext.java:357) ~[netty-transport-4.1.82.Final.jar:?]
	at io.netty.channel.DefaultChannelPipeline$HeadContext.channelRead(DefaultChannelPipeline.java:1410) ~[netty-transport-4.1.82.Final.jar:?]
	at io.netty.channel.AbstractChannelHandlerContext.invokeChannelRead(AbstractChannelHandlerContext.java:379) ~[netty-transport-4.1.82.Final.jar:?]
	at io.netty.channel.AbstractChannelHandlerContext.invokeChannelRead(AbstractChannelHandlerContext.java:365) ~[netty-transport-4.1.82.Final.jar:?]
	at io.netty.channel.DefaultChannelPipeline.fireChannelRead(DefaultChannelPipeline.java:919) ~[netty-transport-4.1.82.Final.jar:?]
	at io.netty.channel.epoll.AbstractEpollStreamChannel$EpollStreamUnsafe.epollInReady(AbstractEpollStreamChannel.java:800) ~[netty-transport-classes-epoll-4.1.82.Final.jar:?]
	at io.netty.channel.epoll.EpollEventLoop.processReady(EpollEventLoop.java:499) ~[netty-transport-classes-epoll-4.1.82.Final.jar:?]
	at io.netty.channel.epoll.EpollEventLoop.run(EpollEventLoop.java:397) ~[netty-transport-classes-epoll-4.1.82.Final.jar:?]
	at io.netty.util.concurrent.SingleThreadEventExecutor$4.run(SingleThreadEventExecutor.java:997) ~[netty-common-4.1.82.Final.jar:?]
	at io.netty.util.internal.ThreadExecutorMap$2.run(ThreadExecutorMap.java:74) ~[netty-common-4.1.82.Final.jar:?]
	at java.lang.Thread.run(Thread.java:840) ~[?:?]
Caused by: java.lang.IndexOutOfBoundsException: Index 50 out of bounds for length 1
	at jdk.internal.util.Preconditions.outOfBounds(Preconditions.java:64) ~[?:?]
	at jdk.internal.util.Preconditions.outOfBoundsCheckIndex(Preconditions.java:70) ~[?:?]
	at jdk.internal.util.Preconditions.checkIndex(Preconditions.java:266) ~[?:?]
	at java.util.Objects.checkIndex(Objects.java:361) ~[?:?]
	at java.util.ArrayList.get(ArrayList.java:427) ~[?:?]
	at net.minecraft.network.NetworkState$PacketHandler.createPacket(NetworkState.java:458) ~[server-intermediary.jar:?]
	at net.minecraft.network.NetworkState.getPacketHandler(NetworkState.java:522) ~[server-intermediary.jar:?]
	at net.minecraft.network.DecoderHandler.decode(DecoderHandler.java:32) ~[server-intermediary.jar:?]
	at io.netty.handler.codec.ByteToMessageDecoder.decodeRemovalReentryProtection(ByteToMessageDecoder.java:519) ~[netty-codec-4.1.82.Final.jar:?]
	at io.netty.handler.codec.ByteToMessageDecoder.callDecode(ByteToMessageDecoder.java:458) ~[netty-codec-4.1.82.Final.jar:?]
	... 29 more
[02:30:42] [Netty Epoll Server IO #5/ERROR]: Exception occurred in netty pipeline
io.netty.handler.codec.DecoderException: java.lang.IndexOutOfBoundsException: Index 50 out of bounds for length 1
	at io.netty.handler.codec.ByteToMessageDecoder.callDecode(ByteToMessageDecoder.java:489) ~[netty-codec-4.1.82.Final.jar:?]
	at io.netty.handler.codec.ByteToMessageDecoder.channelRead(ByteToMessageDecoder.java:280) ~[netty-codec-4.1.82.Final.jar:?]
	at io.netty.channel.AbstractChannelHandlerContext.invokeChannelRead(AbstractChannelHandlerContext.java:379) ~[netty-transport-4.1.82.Final.jar:?]
	at io.netty.channel.AbstractChannelHandlerContext.invokeChannelRead(AbstractChannelHandlerContext.java:365) ~[netty-transport-4.1.82.Final.jar:?]
	at io.netty.channel.AbstractChannelHandlerContext.fireChannelRead(AbstractChannelHandlerContext.java:357) ~[netty-transport-4.1.82.Final.jar:?]
	at io.netty.handler.codec.ByteToMessageDecoder.fireChannelRead(ByteToMessageDecoder.java:336) ~[netty-codec-4.1.82.Final.jar:?]
	at io.netty.handler.codec.ByteToMessageDecoder.fireChannelRead(ByteToMessageDecoder.java:323) ~[netty-codec-4.1.82.Final.jar:?]
	at io.netty.handler.codec.ByteToMessageDecoder.callDecode(ByteToMessageDecoder.java:444) ~[netty-codec-4.1.82.Final.jar:?]
	at io.netty.handler.codec.ByteToMessageDecoder.channelRead(ByteToMessageDecoder.java:280) ~[netty-codec-4.1.82.Final.jar:?]
	at io.netty.channel.AbstractChannelHandlerContext.invokeChannelRead(AbstractChannelHandlerContext.java:379) ~[netty-transport-4.1.82.Final.jar:?]
	at io.netty.channel.AbstractChannelHandlerContext.invokeChannelRead(AbstractChannelHandlerContext.java:365) ~[netty-transport-4.1.82.Final.jar:?]
	at io.netty.channel.AbstractChannelHandlerContext.fireChannelRead(AbstractChannelHandlerContext.java:357) ~[netty-transport-4.1.82.Final.jar:?]
	at net.minecraft.network.LegacyQueryHandler.channelRead(LegacyQueryHandler.java:95) ~[server-intermediary.jar:?]
	at io.netty.channel.AbstractChannelHandlerContext.invokeChannelRead(AbstractChannelHandlerContext.java:379) ~[netty-transport-4.1.82.Final.jar:?]
	at io.netty.channel.AbstractChannelHandlerContext.invokeChannelRead(AbstractChannelHandlerContext.java:365) ~[netty-transport-4.1.82.Final.jar:?]
	at io.netty.channel.AbstractChannelHandlerContext.fireChannelRead(AbstractChannelHandlerContext.java:357) ~[netty-transport-4.1.82.Final.jar:?]
	at io.netty.handler.timeout.IdleStateHandler.channelRead(IdleStateHandler.java:286) ~[netty-handler-4.1.82.Final.jar:?]
	at io.netty.channel.AbstractChannelHandlerContext.invokeChannelRead(AbstractChannelHandlerContext.java:379) ~[netty-transport-4.1.82.Final.jar:?]
	at io.netty.channel.AbstractChannelHandlerContext.invokeChannelRead(AbstractChannelHandlerContext.java:365) ~[netty-transport-4.1.82.Final.jar:?]
	at io.netty.channel.AbstractChannelHandlerContext.fireChannelRead(AbstractChannelHandlerContext.java:357) ~[netty-transport-4.1.82.Final.jar:?]
	at io.netty.channel.DefaultChannelPipeline$HeadContext.channelRead(DefaultChannelPipeline.java:1410) ~[netty-transport-4.1.82.Final.jar:?]
	at io.netty.channel.AbstractChannelHandlerContext.invokeChannelRead(AbstractChannelHandlerContext.java:379) ~[netty-transport-4.1.82.Final.jar:?]
	at io.netty.channel.AbstractChannelHandlerContext.invokeChannelRead(AbstractChannelHandlerContext.java:365) ~[netty-transport-4.1.82.Final.jar:?]
	at io.netty.channel.DefaultChannelPipeline.fireChannelRead(DefaultChannelPipeline.java:919) ~[netty-transport-4.1.82.Final.jar:?]
	at io.netty.channel.epoll.AbstractEpollStreamChannel$EpollStreamUnsafe.epollInReady(AbstractEpollStreamChannel.java:800) ~[netty-transport-classes-epoll-4.1.82.Final.jar:?]
	at io.netty.channel.epoll.EpollEventLoop.processReady(EpollEventLoop.java:499) ~[netty-transport-classes-epoll-4.1.82.Final.jar:?]
	at io.netty.channel.epoll.EpollEventLoop.run(EpollEventLoop.java:397) ~[netty-transport-classes-epoll-4.1.82.Final.jar:?]
	at io.netty.util.concurrent.SingleThreadEventExecutor$4.run(SingleThreadEventExecutor.java:997) ~[netty-common-4.1.82.Final.jar:?]
	at io.netty.util.internal.ThreadExecutorMap$2.run(ThreadExecutorMap.java:74) ~[netty-common-4.1.82.Final.jar:?]
	at java.lang.Thread.run(Thread.java:840) ~[?:?]
Caused by: java.lang.IndexOutOfBoundsException: Index 50 out of bounds for length 1
	at jdk.internal.util.Preconditions.outOfBounds(Preconditions.java:64) ~[?:?]
	at jdk.internal.util.Preconditions.outOfBoundsCheckIndex(Preconditions.java:70) ~[?:?]
	at jdk.internal.util.Preconditions.checkIndex(Preconditions.java:266) ~[?:?]
	at java.util.Objects.checkIndex(Objects.java:361) ~[?:?]
	at java.util.ArrayList.get(ArrayList.java:427) ~[?:?]
	at net.minecraft.network.NetworkState$PacketHandler.createPacket(NetworkState.java:458) ~[server-intermediary.jar:?]
	at net.minecraft.network.NetworkState.getPacketHandler(NetworkState.java:522) ~[server-intermediary.jar:?]
	at net.minecraft.network.DecoderHandler.decode(DecoderHandler.java:32) ~[server-intermediary.jar:?]
	at io.netty.handler.codec.ByteToMessageDecoder.decodeRemovalReentryProtection(ByteToMessageDecoder.java:519) ~[netty-codec-4.1.82.Final.jar:?]
	at io.netty.handler.codec.ByteToMessageDecoder.callDecode(ByteToMessageDecoder.java:458) ~[netty-codec-4.1.82.Final.jar:?]
	... 29 more
[02:35:59] [Netty Epoll Server IO #0/ERROR]: Exception occurred in netty pipeline
io.netty.handler.codec.DecoderException: java.lang.IndexOutOfBoundsException: Index 50 out of bounds for length 1
	at io.netty.handler.codec.ByteToMessageDecoder.callDecode(ByteToMessageDecoder.java:489) ~[netty-codec-4.1.82.Final.jar:?]
	at io.netty.handler.codec.ByteToMessageDecoder.channelRead(ByteToMessageDecoder.java:280) ~[netty-codec-4.1.82.Final.jar:?]
	at io.netty.channel.AbstractChannelHandlerContext.invokeChannelRead(AbstractChannelHandlerContext.java:379) ~[netty-transport-4.1.82.Final.jar:?]
	at io.netty.channel.AbstractChannelHandlerContext.invokeChannelRead(AbstractChannelHandlerContext.java:365) ~[netty-transport-4.1.82.Final.jar:?]
	at io.netty.channel.AbstractChannelHandlerContext.fireChannelRead(AbstractChannelHandlerContext.java:357) ~[netty-transport-4.1.82.Final.jar:?]
	at io.netty.handler.codec.ByteToMessageDecoder.fireChannelRead(ByteToMessageDecoder.java:336) ~[netty-codec-4.1.82.Final.jar:?]
	at io.netty.handler.codec.ByteToMessageDecoder.fireChannelRead(ByteToMessageDecoder.java:323) ~[netty-codec-4.1.82.Final.jar:?]
	at io.netty.handler.codec.ByteToMessageDecoder.callDecode(ByteToMessageDecoder.java:444) ~[netty-codec-4.1.82.Final.jar:?]
	at io.netty.handler.codec.ByteToMessageDecoder.channelRead(ByteToMessageDecoder.java:280) ~[netty-codec-4.1.82.Final.jar:?]
	at io.netty.channel.AbstractChannelHandlerContext.invokeChannelRead(AbstractChannelHandlerContext.java:379) ~[netty-transport-4.1.82.Final.jar:?]
	at io.netty.channel.AbstractChannelHandlerContext.invokeChannelRead(AbstractChannelHandlerContext.java:365) ~[netty-transport-4.1.82.Final.jar:?]
	at io.netty.channel.AbstractChannelHandlerContext.fireChannelRead(AbstractChannelHandlerContext.java:357) ~[netty-transport-4.1.82.Final.jar:?]
	at net.minecraft.network.LegacyQueryHandler.channelRead(LegacyQueryHandler.java:95) ~[server-intermediary.jar:?]
	at io.netty.channel.AbstractChannelHandlerContext.invokeChannelRead(AbstractChannelHandlerContext.java:379) ~[netty-transport-4.1.82.Final.jar:?]
	at io.netty.channel.AbstractChannelHandlerContext.invokeChannelRead(AbstractChannelHandlerContext.java:365) ~[netty-transport-4.1.82.Final.jar:?]
	at io.netty.channel.AbstractChannelHandlerContext.fireChannelRead(AbstractChannelHandlerContext.java:357) ~[netty-transport-4.1.82.Final.jar:?]
	at io.netty.handler.timeout.IdleStateHandler.channelRead(IdleStateHandler.java:286) ~[netty-handler-4.1.82.Final.jar:?]
	at io.netty.channel.AbstractChannelHandlerContext.invokeChannelRead(AbstractChannelHandlerContext.java:379) ~[netty-transport-4.1.82.Final.jar:?]
	at io.netty.channel.AbstractChannelHandlerContext.invokeChannelRead(AbstractChannelHandlerContext.java:365) ~[netty-transport-4.1.82.Final.jar:?]
	at io.netty.channel.AbstractChannelHandlerContext.fireChannelRead(AbstractChannelHandlerContext.java:357) ~[netty-transport-4.1.82.Final.jar:?]
	at io.netty.channel.DefaultChannelPipeline$HeadContext.channelRead(DefaultChannelPipeline.java:1410) ~[netty-transport-4.1.82.Final.jar:?]
	at io.netty.channel.AbstractChannelHandlerContext.invokeChannelRead(AbstractChannelHandlerContext.java:379) ~[netty-transport-4.1.82.Final.jar:?]
	at io.netty.channel.AbstractChannelHandlerContext.invokeChannelRead(AbstractChannelHandlerContext.java:365) ~[netty-transport-4.1.82.Final.jar:?]
	at io.netty.channel.DefaultChannelPipeline.fireChannelRead(DefaultChannelPipeline.java:919) ~[netty-transport-4.1.82.Final.jar:?]
	at io.netty.channel.epoll.AbstractEpollStreamChannel$EpollStreamUnsafe.epollInReady(AbstractEpollStreamChannel.java:800) ~[netty-transport-classes-epoll-4.1.82.Final.jar:?]
	at io.netty.channel.epoll.EpollEventLoop.processReady(EpollEventLoop.java:499) ~[netty-transport-classes-epoll-4.1.82.Final.jar:?]
	at io.netty.channel.epoll.EpollEventLoop.run(EpollEventLoop.java:397) ~[netty-transport-classes-epoll-4.1.82.Final.jar:?]
	at io.netty.util.concurrent.SingleThreadEventExecutor$4.run(SingleThreadEventExecutor.java:997) ~[netty-common-4.1.82.Final.jar:?]
	at io.netty.util.internal.ThreadExecutorMap$2.run(ThreadExecutorMap.java:74) ~[netty-common-4.1.82.Final.jar:?]
	at java.lang.Thread.run(Thread.java:840) ~[?:?]
Caused by: java.lang.IndexOutOfBoundsException: Index 50 out of bounds for length 1
	at jdk.internal.util.Preconditions.outOfBounds(Preconditions.java:64) ~[?:?]
	at jdk.internal.util.Preconditions.outOfBoundsCheckIndex(Preconditions.java:70) ~[?:?]
	at jdk.internal.util.Preconditions.checkIndex(Preconditions.java:266) ~[?:?]
	at java.util.Objects.checkIndex(Objects.java:361) ~[?:?]
	at java.util.ArrayList.get(ArrayList.java:427) ~[?:?]
	at net.minecraft.network.NetworkState$PacketHandler.createPacket(NetworkState.java:458) ~[server-intermediary.jar:?]
	at net.minecraft.network.NetworkState.getPacketHandler(NetworkState.java:522) ~[server-intermediary.jar:?]
	at net.minecraft.network.DecoderHandler.decode(DecoderHandler.java:32) ~[server-intermediary.jar:?]
	at io.netty.handler.codec.ByteToMessageDecoder.decodeRemovalReentryProtection(ByteToMessageDecoder.java:519) ~[netty-codec-4.1.82.Final.jar:?]
	at io.netty.handler.codec.ByteToMessageDecoder.callDecode(ByteToMessageDecoder.java:458) ~[netty-codec-4.1.82.Final.jar:?]
	... 29 more
[02:41:16] [Netty Epoll Server IO #2/ERROR]: Exception occurred in netty pipeline
io.netty.handler.codec.DecoderException: java.lang.IndexOutOfBoundsException: Index 50 out of bounds for length 1
	at io.netty.handler.codec.ByteToMessageDecoder.callDecode(ByteToMessageDecoder.java:489) ~[netty-codec-4.1.82.Final.jar:?]
	at io.netty.handler.codec.ByteToMessageDecoder.channelRead(ByteToMessageDecoder.java:280) ~[netty-codec-4.1.82.Final.jar:?]
	at io.netty.channel.AbstractChannelHandlerContext.invokeChannelRead(AbstractChannelHandlerContext.java:379) ~[netty-transport-4.1.82.Final.jar:?]
	at io.netty.channel.AbstractChannelHandlerContext.invokeChannelRead(AbstractChannelHandlerContext.java:365) ~[netty-transport-4.1.82.Final.jar:?]
	at io.netty.channel.AbstractChannelHandlerContext.fireChannelRead(AbstractChannelHandlerContext.java:357) ~[netty-transport-4.1.82.Final.jar:?]
	at io.netty.handler.codec.ByteToMessageDecoder.fireChannelRead(ByteToMessageDecoder.java:336) ~[netty-codec-4.1.82.Final.jar:?]
	at io.netty.handler.codec.ByteToMessageDecoder.fireChannelRead(ByteToMessageDecoder.java:323) ~[netty-codec-4.1.82.Final.jar:?]
	at io.netty.handler.codec.ByteToMessageDecoder.callDecode(ByteToMessageDecoder.java:444) ~[netty-codec-4.1.82.Final.jar:?]
	at io.netty.handler.codec.ByteToMessageDecoder.channelRead(ByteToMessageDecoder.java:280) ~[netty-codec-4.1.82.Final.jar:?]
	at io.netty.channel.AbstractChannelHandlerContext.invokeChannelRead(AbstractChannelHandlerContext.java:379) ~[netty-transport-4.1.82.Final.jar:?]
	at io.netty.channel.AbstractChannelHandlerContext.invokeChannelRead(AbstractChannelHandlerContext.java:365) ~[netty-transport-4.1.82.Final.jar:?]
	at io.netty.channel.AbstractChannelHandlerContext.fireChannelRead(AbstractChannelHandlerContext.java:357) ~[netty-transport-4.1.82.Final.jar:?]
	at net.minecraft.network.LegacyQueryHandler.channelRead(LegacyQueryHandler.java:95) ~[server-intermediary.jar:?]
	at io.netty.channel.AbstractChannelHandlerContext.invokeChannelRead(AbstractChannelHandlerContext.java:379) ~[netty-transport-4.1.82.Final.jar:?]
	at io.netty.channel.AbstractChannelHandlerContext.invokeChannelRead(AbstractChannelHandlerContext.java:365) ~[netty-transport-4.1.82.Final.jar:?]
	at io.netty.channel.AbstractChannelHandlerContext.fireChannelRead(AbstractChannelHandlerContext.java:357) ~[netty-transport-4.1.82.Final.jar:?]
	at io.netty.handler.timeout.IdleStateHandler.channelRead(IdleStateHandler.java:286) ~[netty-handler-4.1.82.Final.jar:?]
	at io.netty.channel.AbstractChannelHandlerContext.invokeChannelRead(AbstractChannelHandlerContext.java:379) ~[netty-transport-4.1.82.Final.jar:?]
	at io.netty.channel.AbstractChannelHandlerContext.invokeChannelRead(AbstractChannelHandlerContext.java:365) ~[netty-transport-4.1.82.Final.jar:?]
	at io.netty.channel.AbstractChannelHandlerContext.fireChannelRead(AbstractChannelHandlerContext.java:357) ~[netty-transport-4.1.82.Final.jar:?]
	at io.netty.channel.DefaultChannelPipeline$HeadContext.channelRead(DefaultChannelPipeline.java:1410) ~[netty-transport-4.1.82.Final.jar:?]
	at io.netty.channel.AbstractChannelHandlerContext.invokeChannelRead(AbstractChannelHandlerContext.java:379) ~[netty-transport-4.1.82.Final.jar:?]
	at io.netty.channel.AbstractChannelHandlerContext.invokeChannelRead(AbstractChannelHandlerContext.java:365) ~[netty-transport-4.1.82.Final.jar:?]
	at io.netty.channel.DefaultChannelPipeline.fireChannelRead(DefaultChannelPipeline.java:919) ~[netty-transport-4.1.82.Final.jar:?]
	at io.netty.channel.epoll.AbstractEpollStreamChannel$EpollStreamUnsafe.epollInReady(AbstractEpollStreamChannel.java:800) ~[netty-transport-classes-epoll-4.1.82.Final.jar:?]
	at io.netty.channel.epoll.EpollEventLoop.processReady(EpollEventLoop.java:499) ~[netty-transport-classes-epoll-4.1.82.Final.jar:?]
	at io.netty.channel.epoll.EpollEventLoop.run(EpollEventLoop.java:397) ~[netty-transport-classes-epoll-4.1.82.Final.jar:?]
	at io.netty.util.concurrent.SingleThreadEventExecutor$4.run(SingleThreadEventExecutor.java:997) ~[netty-common-4.1.82.Final.jar:?]
	at io.netty.util.internal.ThreadExecutorMap$2.run(ThreadExecutorMap.java:74) ~[netty-common-4.1.82.Final.jar:?]
	at java.lang.Thread.run(Thread.java:840) ~[?:?]
Caused by: java.lang.IndexOutOfBoundsException: Index 50 out of bounds for length 1
	at jdk.internal.util.Preconditions.outOfBounds(Preconditions.java:64) ~[?:?]
	at jdk.internal.util.Preconditions.outOfBoundsCheckIndex(Preconditions.java:70) ~[?:?]
	at jdk.internal.util.Preconditions.checkIndex(Preconditions.java:266) ~[?:?]
	at java.util.Objects.checkIndex(Objects.java:361) ~[?:?]
	at java.util.ArrayList.get(ArrayList.java:427) ~[?:?]
	at net.minecraft.network.NetworkState$PacketHandler.createPacket(NetworkState.java:458) ~[server-intermediary.jar:?]
	at net.minecraft.network.NetworkState.getPacketHandler(NetworkState.java:522) ~[server-intermediary.jar:?]
	at net.minecraft.network.DecoderHandler.decode(DecoderHandler.java:32) ~[server-intermediary.jar:?]
	at io.netty.handler.codec.ByteToMessageDecoder.decodeRemovalReentryProtection(ByteToMessageDecoder.java:519) ~[netty-codec-4.1.82.Final.jar:?]
	at io.netty.handler.codec.ByteToMessageDecoder.callDecode(ByteToMessageDecoder.java:458) ~[netty-codec-4.1.82.Final.jar:?]
	... 29 more
[02:46:32] [Netty Epoll Server IO #4/ERROR]: Exception occurred in netty pipeline
io.netty.handler.codec.DecoderException: java.lang.IndexOutOfBoundsException: Index 50 out of bounds for length 1
	at io.netty.handler.codec.ByteToMessageDecoder.callDecode(ByteToMessageDecoder.java:489) ~[netty-codec-4.1.82.Final.jar:?]
	at io.netty.handler.codec.ByteToMessageDecoder.channelRead(ByteToMessageDecoder.java:280) ~[netty-codec-4.1.82.Final.jar:?]
	at io.netty.channel.AbstractChannelHandlerContext.invokeChannelRead(AbstractChannelHandlerContext.java:379) ~[netty-transport-4.1.82.Final.jar:?]
	at io.netty.channel.AbstractChannelHandlerContext.invokeChannelRead(AbstractChannelHandlerContext.java:365) ~[netty-transport-4.1.82.Final.jar:?]
	at io.netty.channel.AbstractChannelHandlerContext.fireChannelRead(AbstractChannelHandlerContext.java:357) ~[netty-transport-4.1.82.Final.jar:?]
	at io.netty.handler.codec.ByteToMessageDecoder.fireChannelRead(ByteToMessageDecoder.java:336) ~[netty-codec-4.1.82.Final.jar:?]
	at io.netty.handler.codec.ByteToMessageDecoder.fireChannelRead(ByteToMessageDecoder.java:323) ~[netty-codec-4.1.82.Final.jar:?]
	at io.netty.handler.codec.ByteToMessageDecoder.callDecode(ByteToMessageDecoder.java:444) ~[netty-codec-4.1.82.Final.jar:?]
	at io.netty.handler.codec.ByteToMessageDecoder.channelRead(ByteToMessageDecoder.java:280) ~[netty-codec-4.1.82.Final.jar:?]
	at io.netty.channel.AbstractChannelHandlerContext.invokeChannelRead(AbstractChannelHandlerContext.java:379) ~[netty-transport-4.1.82.Final.jar:?]
	at io.netty.channel.AbstractChannelHandlerContext.invokeChannelRead(AbstractChannelHandlerContext.java:365) ~[netty-transport-4.1.82.Final.jar:?]
	at io.netty.channel.AbstractChannelHandlerContext.fireChannelRead(AbstractChannelHandlerContext.java:357) ~[netty-transport-4.1.82.Final.jar:?]
	at net.minecraft.network.LegacyQueryHandler.channelRead(LegacyQueryHandler.java:95) ~[server-intermediary.jar:?]
	at io.netty.channel.AbstractChannelHandlerContext.invokeChannelRead(AbstractChannelHandlerContext.java:379) ~[netty-transport-4.1.82.Final.jar:?]
	at io.netty.channel.AbstractChannelHandlerContext.invokeChannelRead(AbstractChannelHandlerContext.java:365) ~[netty-transport-4.1.82.Final.jar:?]
	at io.netty.channel.AbstractChannelHandlerContext.fireChannelRead(AbstractChannelHandlerContext.java:357) ~[netty-transport-4.1.82.Final.jar:?]
	at io.netty.handler.timeout.IdleStateHandler.channelRead(IdleStateHandler.java:286) ~[netty-handler-4.1.82.Final.jar:?]
	at io.netty.channel.AbstractChannelHandlerContext.invokeChannelRead(AbstractChannelHandlerContext.java:379) ~[netty-transport-4.1.82.Final.jar:?]
	at io.netty.channel.AbstractChannelHandlerContext.invokeChannelRead(AbstractChannelHandlerContext.java:365) ~[netty-transport-4.1.82.Final.jar:?]
	at io.netty.channel.AbstractChannelHandlerContext.fireChannelRead(AbstractChannelHandlerContext.java:357) ~[netty-transport-4.1.82.Final.jar:?]
	at io.netty.channel.DefaultChannelPipeline$HeadContext.channelRead(DefaultChannelPipeline.java:1410) ~[netty-transport-4.1.82.Final.jar:?]
	at io.netty.channel.AbstractChannelHandlerContext.invokeChannelRead(AbstractChannelHandlerContext.java:379) ~[netty-transport-4.1.82.Final.jar:?]
	at io.netty.channel.AbstractChannelHandlerContext.invokeChannelRead(AbstractChannelHandlerContext.java:365) ~[netty-transport-4.1.82.Final.jar:?]
	at io.netty.channel.DefaultChannelPipeline.fireChannelRead(DefaultChannelPipeline.java:919) ~[netty-transport-4.1.82.Final.jar:?]
	at io.netty.channel.epoll.AbstractEpollStreamChannel$EpollStreamUnsafe.epollInReady(AbstractEpollStreamChannel.java:800) ~[netty-transport-classes-epoll-4.1.82.Final.jar:?]
	at io.netty.channel.epoll.EpollEventLoop.processReady(EpollEventLoop.java:499) ~[netty-transport-classes-epoll-4.1.82.Final.jar:?]
	at io.netty.channel.epoll.EpollEventLoop.run(EpollEventLoop.java:397) ~[netty-transport-classes-epoll-4.1.82.Final.jar:?]
	at io.netty.util.concurrent.SingleThreadEventExecutor$4.run(SingleThreadEventExecutor.java:997) ~[netty-common-4.1.82.Final.jar:?]
	at io.netty.util.internal.ThreadExecutorMap$2.run(ThreadExecutorMap.java:74) ~[netty-common-4.1.82.Final.jar:?]
	at java.lang.Thread.run(Thread.java:840) ~[?:?]
Caused by: java.lang.IndexOutOfBoundsException: Index 50 out of bounds for length 1
	at jdk.internal.util.Preconditions.outOfBounds(Preconditions.java:64) ~[?:?]
	at jdk.internal.util.Preconditions.outOfBoundsCheckIndex(Preconditions.java:70) ~[?:?]
	at jdk.internal.util.Preconditions.checkIndex(Preconditions.java:266) ~[?:?]
	at java.util.Objects.checkIndex(Objects.java:361) ~[?:?]
	at java.util.ArrayList.get(ArrayList.java:427) ~[?:?]
	at net.minecraft.network.NetworkState$PacketHandler.createPacket(NetworkState.java:458) ~[server-intermediary.jar:?]
	at net.minecraft.network.NetworkState.getPacketHandler(NetworkState.java:522) ~[server-intermediary.jar:?]
	at net.minecraft.network.DecoderHandler.decode(DecoderHandler.java:32) ~[server-intermediary.jar:?]
	at io.netty.handler.codec.ByteToMessageDecoder.decodeRemovalReentryProtection(ByteToMessageDecoder.java:519) ~[netty-codec-4.1.82.Final.jar:?]
	at io.netty.handler.codec.ByteToMessageDecoder.callDecode(ByteToMessageDecoder.java:458) ~[netty-codec-4.1.82.Final.jar:?]
	... 29 more
[02:51:47] [Netty Epoll Server IO #6/ERROR]: Exception occurred in netty pipeline
io.netty.handler.codec.DecoderException: java.lang.IndexOutOfBoundsException: Index 50 out of bounds for length 1
	at io.netty.handler.codec.ByteToMessageDecoder.callDecode(ByteToMessageDecoder.java:489) ~[netty-codec-4.1.82.Final.jar:?]
	at io.netty.handler.codec.ByteToMessageDecoder.channelRead(ByteToMessageDecoder.java:280) ~[netty-codec-4.1.82.Final.jar:?]
	at io.netty.channel.AbstractChannelHandlerContext.invokeChannelRead(AbstractChannelHandlerContext.java:379) ~[netty-transport-4.1.82.Final.jar:?]
	at io.netty.channel.AbstractChannelHandlerContext.invokeChannelRead(AbstractChannelHandlerContext.java:365) ~[netty-transport-4.1.82.Final.jar:?]
	at io.netty.channel.AbstractChannelHandlerContext.fireChannelRead(AbstractChannelHandlerContext.java:357) ~[netty-transport-4.1.82.Final.jar:?]
	at io.netty.handler.codec.ByteToMessageDecoder.fireChannelRead(ByteToMessageDecoder.java:336) ~[netty-codec-4.1.82.Final.jar:?]
	at io.netty.handler.codec.ByteToMessageDecoder.fireChannelRead(ByteToMessageDecoder.java:323) ~[netty-codec-4.1.82.Final.jar:?]
	at io.netty.handler.codec.ByteToMessageDecoder.callDecode(ByteToMessageDecoder.java:444) ~[netty-codec-4.1.82.Final.jar:?]
	at io.netty.handler.codec.ByteToMessageDecoder.channelRead(ByteToMessageDecoder.java:280) ~[netty-codec-4.1.82.Final.jar:?]
	at io.netty.channel.AbstractChannelHandlerContext.invokeChannelRead(AbstractChannelHandlerContext.java:379) ~[netty-transport-4.1.82.Final.jar:?]
	at io.netty.channel.AbstractChannelHandlerContext.invokeChannelRead(AbstractChannelHandlerContext.java:365) ~[netty-transport-4.1.82.Final.jar:?]
	at io.netty.channel.AbstractChannelHandlerContext.fireChannelRead(AbstractChannelHandlerContext.java:357) ~[netty-transport-4.1.82.Final.jar:?]
	at net.minecraft.network.LegacyQueryHandler.channelRead(LegacyQueryHandler.java:95) ~[server-intermediary.jar:?]
	at io.netty.channel.AbstractChannelHandlerContext.invokeChannelRead(AbstractChannelHandlerContext.java:379) ~[netty-transport-4.1.82.Final.jar:?]
	at io.netty.channel.AbstractChannelHandlerContext.invokeChannelRead(AbstractChannelHandlerContext.java:365) ~[netty-transport-4.1.82.Final.jar:?]
	at io.netty.channel.AbstractChannelHandlerContext.fireChannelRead(AbstractChannelHandlerContext.java:357) ~[netty-transport-4.1.82.Final.jar:?]
	at io.netty.handler.timeout.IdleStateHandler.channelRead(IdleStateHandler.java:286) ~[netty-handler-4.1.82.Final.jar:?]
	at io.netty.channel.AbstractChannelHandlerContext.invokeChannelRead(AbstractChannelHandlerContext.java:379) ~[netty-transport-4.1.82.Final.jar:?]
	at io.netty.channel.AbstractChannelHandlerContext.invokeChannelRead(AbstractChannelHandlerContext.java:365) ~[netty-transport-4.1.82.Final.jar:?]
	at io.netty.channel.AbstractChannelHandlerContext.fireChannelRead(AbstractChannelHandlerContext.java:357) ~[netty-transport-4.1.82.Final.jar:?]
	at io.netty.channel.DefaultChannelPipeline$HeadContext.channelRead(DefaultChannelPipeline.java:1410) ~[netty-transport-4.1.82.Final.jar:?]
	at io.netty.channel.AbstractChannelHandlerContext.invokeChannelRead(AbstractChannelHandlerContext.java:379) ~[netty-transport-4.1.82.Final.jar:?]
	at io.netty.channel.AbstractChannelHandlerContext.invokeChannelRead(AbstractChannelHandlerContext.java:365) ~[netty-transport-4.1.82.Final.jar:?]
	at io.netty.channel.DefaultChannelPipeline.fireChannelRead(DefaultChannelPipeline.java:919) ~[netty-transport-4.1.82.Final.jar:?]
	at io.netty.channel.epoll.AbstractEpollStreamChannel$EpollStreamUnsafe.epollInReady(AbstractEpollStreamChannel.java:800) ~[netty-transport-classes-epoll-4.1.82.Final.jar:?]
	at io.netty.channel.epoll.EpollEventLoop.processReady(EpollEventLoop.java:499) ~[netty-transport-classes-epoll-4.1.82.Final.jar:?]
	at io.netty.channel.epoll.EpollEventLoop.run(EpollEventLoop.java:397) ~[netty-transport-classes-epoll-4.1.82.Final.jar:?]
	at io.netty.util.concurrent.SingleThreadEventExecutor$4.run(SingleThreadEventExecutor.java:997) ~[netty-common-4.1.82.Final.jar:?]
	at io.netty.util.internal.ThreadExecutorMap$2.run(ThreadExecutorMap.java:74) ~[netty-common-4.1.82.Final.jar:?]
	at java.lang.Thread.run(Thread.java:840) ~[?:?]
Caused by: java.lang.IndexOutOfBoundsException: Index 50 out of bounds for length 1
	at jdk.internal.util.Preconditions.outOfBounds(Preconditions.java:64) ~[?:?]
	at jdk.internal.util.Preconditions.outOfBoundsCheckIndex(Preconditions.java:70) ~[?:?]
	at jdk.internal.util.Preconditions.checkIndex(Preconditions.java:266) ~[?:?]
	at java.util.Objects.checkIndex(Objects.java:361) ~[?:?]
	at java.util.ArrayList.get(ArrayList.java:427) ~[?:?]
	at net.minecraft.network.NetworkState$PacketHandler.createPacket(NetworkState.java:458) ~[server-intermediary.jar:?]
	at net.minecraft.network.NetworkState.getPacketHandler(NetworkState.java:522) ~[server-intermediary.jar:?]
	at net.minecraft.network.DecoderHandler.decode(DecoderHandler.java:32) ~[server-intermediary.jar:?]
	at io.netty.handler.codec.ByteToMessageDecoder.decodeRemovalReentryProtection(ByteToMessageDecoder.java:519) ~[netty-codec-4.1.82.Final.jar:?]
	at io.netty.handler.codec.ByteToMessageDecoder.callDecode(ByteToMessageDecoder.java:458) ~[netty-codec-4.1.82.Final.jar:?]
	... 29 more
[02:57:04] [Netty Epoll Server IO #0/ERROR]: Exception occurred in netty pipeline
io.netty.handler.codec.DecoderException: java.lang.IndexOutOfBoundsException: Index 50 out of bounds for length 1
	at io.netty.handler.codec.ByteToMessageDecoder.callDecode(ByteToMessageDecoder.java:489) ~[netty-codec-4.1.82.Final.jar:?]
	at io.netty.handler.codec.ByteToMessageDecoder.channelRead(ByteToMessageDecoder.java:280) ~[netty-codec-4.1.82.Final.jar:?]
	at io.netty.channel.AbstractChannelHandlerContext.invokeChannelRead(AbstractChannelHandlerContext.java:379) ~[netty-transport-4.1.82.Final.jar:?]
	at io.netty.channel.AbstractChannelHandlerContext.invokeChannelRead(AbstractChannelHandlerContext.java:365) ~[netty-transport-4.1.82.Final.jar:?]
	at io.netty.channel.AbstractChannelHandlerContext.fireChannelRead(AbstractChannelHandlerContext.java:357) ~[netty-transport-4.1.82.Final.jar:?]
	at io.netty.handler.codec.ByteToMessageDecoder.fireChannelRead(ByteToMessageDecoder.java:336) ~[netty-codec-4.1.82.Final.jar:?]
	at io.netty.handler.codec.ByteToMessageDecoder.fireChannelRead(ByteToMessageDecoder.java:323) ~[netty-codec-4.1.82.Final.jar:?]
	at io.netty.handler.codec.ByteToMessageDecoder.callDecode(ByteToMessageDecoder.java:444) ~[netty-codec-4.1.82.Final.jar:?]
	at io.netty.handler.codec.ByteToMessageDecoder.channelRead(ByteToMessageDecoder.java:280) ~[netty-codec-4.1.82.Final.jar:?]
	at io.netty.channel.AbstractChannelHandlerContext.invokeChannelRead(AbstractChannelHandlerContext.java:379) ~[netty-transport-4.1.82.Final.jar:?]
	at io.netty.channel.AbstractChannelHandlerContext.invokeChannelRead(AbstractChannelHandlerContext.java:365) ~[netty-transport-4.1.82.Final.jar:?]
	at io.netty.channel.AbstractChannelHandlerContext.fireChannelRead(AbstractChannelHandlerContext.java:357) ~[netty-transport-4.1.82.Final.jar:?]
	at net.minecraft.network.LegacyQueryHandler.channelRead(LegacyQueryHandler.java:95) ~[server-intermediary.jar:?]
	at io.netty.channel.AbstractChannelHandlerContext.invokeChannelRead(AbstractChannelHandlerContext.java:379) ~[netty-transport-4.1.82.Final.jar:?]
	at io.netty.channel.AbstractChannelHandlerContext.invokeChannelRead(AbstractChannelHandlerContext.java:365) ~[netty-transport-4.1.82.Final.jar:?]
	at io.netty.channel.AbstractChannelHandlerContext.fireChannelRead(AbstractChannelHandlerContext.java:357) ~[netty-transport-4.1.82.Final.jar:?]
	at io.netty.handler.timeout.IdleStateHandler.channelRead(IdleStateHandler.java:286) ~[netty-handler-4.1.82.Final.jar:?]
	at io.netty.channel.AbstractChannelHandlerContext.invokeChannelRead(AbstractChannelHandlerContext.java:379) ~[netty-transport-4.1.82.Final.jar:?]
	at io.netty.channel.AbstractChannelHandlerContext.invokeChannelRead(AbstractChannelHandlerContext.java:365) ~[netty-transport-4.1.82.Final.jar:?]
	at io.netty.channel.AbstractChannelHandlerContext.fireChannelRead(AbstractChannelHandlerContext.java:357) ~[netty-transport-4.1.82.Final.jar:?]
	at io.netty.channel.DefaultChannelPipeline$HeadContext.channelRead(DefaultChannelPipeline.java:1410) ~[netty-transport-4.1.82.Final.jar:?]
	at io.netty.channel.AbstractChannelHandlerContext.invokeChannelRead(AbstractChannelHandlerContext.java:379) ~[netty-transport-4.1.82.Final.jar:?]
	at io.netty.channel.AbstractChannelHandlerContext.invokeChannelRead(AbstractChannelHandlerContext.java:365) ~[netty-transport-4.1.82.Final.jar:?]
	at io.netty.channel.DefaultChannelPipeline.fireChannelRead(DefaultChannelPipeline.java:919) ~[netty-transport-4.1.82.Final.jar:?]
	at io.netty.channel.epoll.AbstractEpollStreamChannel$EpollStreamUnsafe.epollInReady(AbstractEpollStreamChannel.java:800) ~[netty-transport-classes-epoll-4.1.82.Final.jar:?]
	at io.netty.channel.epoll.EpollEventLoop.processReady(EpollEventLoop.java:499) ~[netty-transport-classes-epoll-4.1.82.Final.jar:?]
	at io.netty.channel.epoll.EpollEventLoop.run(EpollEventLoop.java:397) ~[netty-transport-classes-epoll-4.1.82.Final.jar:?]
	at io.netty.util.concurrent.SingleThreadEventExecutor$4.run(SingleThreadEventExecutor.java:997) ~[netty-common-4.1.82.Final.jar:?]
	at io.netty.util.internal.ThreadExecutorMap$2.run(ThreadExecutorMap.java:74) ~[netty-common-4.1.82.Final.jar:?]
	at java.lang.Thread.run(Thread.java:840) ~[?:?]
Caused by: java.lang.IndexOutOfBoundsException: Index 50 out of bounds for length 1
	at jdk.internal.util.Preconditions.outOfBounds(Preconditions.java:64) ~[?:?]
	at jdk.internal.util.Preconditions.outOfBoundsCheckIndex(Preconditions.java:70) ~[?:?]
	at jdk.internal.util.Preconditions.checkIndex(Preconditions.java:266) ~[?:?]
	at java.util.Objects.checkIndex(Objects.java:361) ~[?:?]
	at java.util.ArrayList.get(ArrayList.java:427) ~[?:?]
	at net.minecraft.network.NetworkState$PacketHandler.createPacket(NetworkState.java:458) ~[server-intermediary.jar:?]
	at net.minecraft.network.NetworkState.getPacketHandler(NetworkState.java:522) ~[server-intermediary.jar:?]
	at net.minecraft.network.DecoderHandler.decode(DecoderHandler.java:32) ~[server-intermediary.jar:?]
	at io.netty.handler.codec.ByteToMessageDecoder.decodeRemovalReentryProtection(ByteToMessageDecoder.java:519) ~[netty-codec-4.1.82.Final.jar:?]
	at io.netty.handler.codec.ByteToMessageDecoder.callDecode(ByteToMessageDecoder.java:458) ~[netty-codec-4.1.82.Final.jar:?]
	... 29 more
[02:58:45] [Netty Epoll Server IO #1/ERROR]: Exception occurred in netty pipeline
io.netty.handler.codec.DecoderException: java.lang.IndexOutOfBoundsException: Index 50 out of bounds for length 1
	at io.netty.handler.codec.ByteToMessageDecoder.callDecode(ByteToMessageDecoder.java:489) ~[netty-codec-4.1.82.Final.jar:?]
	at io.netty.handler.codec.ByteToMessageDecoder.channelRead(ByteToMessageDecoder.java:280) ~[netty-codec-4.1.82.Final.jar:?]
	at io.netty.channel.AbstractChannelHandlerContext.invokeChannelRead(AbstractChannelHandlerContext.java:379) ~[netty-transport-4.1.82.Final.jar:?]
	at io.netty.channel.AbstractChannelHandlerContext.invokeChannelRead(AbstractChannelHandlerContext.java:365) ~[netty-transport-4.1.82.Final.jar:?]
	at io.netty.channel.AbstractChannelHandlerContext.fireChannelRead(AbstractChannelHandlerContext.java:357) ~[netty-transport-4.1.82.Final.jar:?]
	at io.netty.handler.codec.ByteToMessageDecoder.fireChannelRead(ByteToMessageDecoder.java:336) ~[netty-codec-4.1.82.Final.jar:?]
	at io.netty.handler.codec.ByteToMessageDecoder.fireChannelRead(ByteToMessageDecoder.java:323) ~[netty-codec-4.1.82.Final.jar:?]
	at io.netty.handler.codec.ByteToMessageDecoder.callDecode(ByteToMessageDecoder.java:444) ~[netty-codec-4.1.82.Final.jar:?]
	at io.netty.handler.codec.ByteToMessageDecoder.channelRead(ByteToMessageDecoder.java:280) ~[netty-codec-4.1.82.Final.jar:?]
	at io.netty.channel.AbstractChannelHandlerContext.invokeChannelRead(AbstractChannelHandlerContext.java:379) ~[netty-transport-4.1.82.Final.jar:?]
	at io.netty.channel.AbstractChannelHandlerContext.invokeChannelRead(AbstractChannelHandlerContext.java:365) ~[netty-transport-4.1.82.Final.jar:?]
	at io.netty.channel.AbstractChannelHandlerContext.fireChannelRead(AbstractChannelHandlerContext.java:357) ~[netty-transport-4.1.82.Final.jar:?]
	at net.minecraft.network.LegacyQueryHandler.channelRead(LegacyQueryHandler.java:95) ~[server-intermediary.jar:?]
	at io.netty.channel.AbstractChannelHandlerContext.invokeChannelRead(AbstractChannelHandlerContext.java:379) ~[netty-transport-4.1.82.Final.jar:?]
	at io.netty.channel.AbstractChannelHandlerContext.invokeChannelRead(AbstractChannelHandlerContext.java:365) ~[netty-transport-4.1.82.Final.jar:?]
	at io.netty.channel.AbstractChannelHandlerContext.fireChannelRead(AbstractChannelHandlerContext.java:357) ~[netty-transport-4.1.82.Final.jar:?]
	at io.netty.handler.timeout.IdleStateHandler.channelRead(IdleStateHandler.java:286) ~[netty-handler-4.1.82.Final.jar:?]
	at io.netty.channel.AbstractChannelHandlerContext.invokeChannelRead(AbstractChannelHandlerContext.java:379) ~[netty-transport-4.1.82.Final.jar:?]
	at io.netty.channel.AbstractChannelHandlerContext.invokeChannelRead(AbstractChannelHandlerContext.java:365) ~[netty-transport-4.1.82.Final.jar:?]
	at io.netty.channel.AbstractChannelHandlerContext.fireChannelRead(AbstractChannelHandlerContext.java:357) ~[netty-transport-4.1.82.Final.jar:?]
	at io.netty.channel.DefaultChannelPipeline$HeadContext.channelRead(DefaultChannelPipeline.java:1410) ~[netty-transport-4.1.82.Final.jar:?]
	at io.netty.channel.AbstractChannelHandlerContext.invokeChannelRead(AbstractChannelHandlerContext.java:379) ~[netty-transport-4.1.82.Final.jar:?]
	at io.netty.channel.AbstractChannelHandlerContext.invokeChannelRead(AbstractChannelHandlerContext.java:365) ~[netty-transport-4.1.82.Final.jar:?]
	at io.netty.channel.DefaultChannelPipeline.fireChannelRead(DefaultChannelPipeline.java:919) ~[netty-transport-4.1.82.Final.jar:?]
	at io.netty.channel.epoll.AbstractEpollStreamChannel$EpollStreamUnsafe.epollInReady(AbstractEpollStreamChannel.java:800) ~[netty-transport-classes-epoll-4.1.82.Final.jar:?]
	at io.netty.channel.epoll.EpollEventLoop.processReady(EpollEventLoop.java:499) ~[netty-transport-classes-epoll-4.1.82.Final.jar:?]
	at io.netty.channel.epoll.EpollEventLoop.run(EpollEventLoop.java:397) ~[netty-transport-classes-epoll-4.1.82.Final.jar:?]
	at io.netty.util.concurrent.SingleThreadEventExecutor$4.run(SingleThreadEventExecutor.java:997) ~[netty-common-4.1.82.Final.jar:?]
	at io.netty.util.internal.ThreadExecutorMap$2.run(ThreadExecutorMap.java:74) ~[netty-common-4.1.82.Final.jar:?]
	at java.lang.Thread.run(Thread.java:840) ~[?:?]
Caused by: java.lang.IndexOutOfBoundsException: Index 50 out of bounds for length 1
	at jdk.internal.util.Preconditions.outOfBounds(Preconditions.java:64) ~[?:?]
	at jdk.internal.util.Preconditions.outOfBoundsCheckIndex(Preconditions.java:70) ~[?:?]
	at jdk.internal.util.Preconditions.checkIndex(Preconditions.java:266) ~[?:?]
	at java.util.Objects.checkIndex(Objects.java:361) ~[?:?]
	at java.util.ArrayList.get(ArrayList.java:427) ~[?:?]
	at net.minecraft.network.NetworkState$PacketHandler.createPacket(NetworkState.java:458) ~[server-intermediary.jar:?]
	at net.minecraft.network.NetworkState.getPacketHandler(NetworkState.java:522) ~[server-intermediary.jar:?]
	at net.minecraft.network.DecoderHandler.decode(DecoderHandler.java:32) ~[server-intermediary.jar:?]
	at io.netty.handler.codec.ByteToMessageDecoder.decodeRemovalReentryProtection(ByteToMessageDecoder.java:519) ~[netty-codec-4.1.82.Final.jar:?]
	at io.netty.handler.codec.ByteToMessageDecoder.callDecode(ByteToMessageDecoder.java:458) ~[netty-codec-4.1.82.Final.jar:?]
	... 29 more
[03:02:21] [Netty Epoll Server IO #4/ERROR]: Exception occurred in netty pipeline
io.netty.handler.codec.DecoderException: java.lang.IndexOutOfBoundsException: Index 50 out of bounds for length 1
	at io.netty.handler.codec.ByteToMessageDecoder.callDecode(ByteToMessageDecoder.java:489) ~[netty-codec-4.1.82.Final.jar:?]
	at io.netty.handler.codec.ByteToMessageDecoder.channelRead(ByteToMessageDecoder.java:280) ~[netty-codec-4.1.82.Final.jar:?]
	at io.netty.channel.AbstractChannelHandlerContext.invokeChannelRead(AbstractChannelHandlerContext.java:379) ~[netty-transport-4.1.82.Final.jar:?]
	at io.netty.channel.AbstractChannelHandlerContext.invokeChannelRead(AbstractChannelHandlerContext.java:365) ~[netty-transport-4.1.82.Final.jar:?]
	at io.netty.channel.AbstractChannelHandlerContext.fireChannelRead(AbstractChannelHandlerContext.java:357) ~[netty-transport-4.1.82.Final.jar:?]
	at io.netty.handler.codec.ByteToMessageDecoder.fireChannelRead(ByteToMessageDecoder.java:336) ~[netty-codec-4.1.82.Final.jar:?]
	at io.netty.handler.codec.ByteToMessageDecoder.fireChannelRead(ByteToMessageDecoder.java:323) ~[netty-codec-4.1.82.Final.jar:?]
	at io.netty.handler.codec.ByteToMessageDecoder.callDecode(ByteToMessageDecoder.java:444) ~[netty-codec-4.1.82.Final.jar:?]
	at io.netty.handler.codec.ByteToMessageDecoder.channelRead(ByteToMessageDecoder.java:280) ~[netty-codec-4.1.82.Final.jar:?]
	at io.netty.channel.AbstractChannelHandlerContext.invokeChannelRead(AbstractChannelHandlerContext.java:379) ~[netty-transport-4.1.82.Final.jar:?]
	at io.netty.channel.AbstractChannelHandlerContext.invokeChannelRead(AbstractChannelHandlerContext.java:365) ~[netty-transport-4.1.82.Final.jar:?]
	at io.netty.channel.AbstractChannelHandlerContext.fireChannelRead(AbstractChannelHandlerContext.java:357) ~[netty-transport-4.1.82.Final.jar:?]
	at net.minecraft.network.LegacyQueryHandler.channelRead(LegacyQueryHandler.java:95) ~[server-intermediary.jar:?]
	at io.netty.channel.AbstractChannelHandlerContext.invokeChannelRead(AbstractChannelHandlerContext.java:379) ~[netty-transport-4.1.82.Final.jar:?]
	at io.netty.channel.AbstractChannelHandlerContext.invokeChannelRead(AbstractChannelHandlerContext.java:365) ~[netty-transport-4.1.82.Final.jar:?]
	at io.netty.channel.AbstractChannelHandlerContext.fireChannelRead(AbstractChannelHandlerContext.java:357) ~[netty-transport-4.1.82.Final.jar:?]
	at io.netty.handler.timeout.IdleStateHandler.channelRead(IdleStateHandler.java:286) ~[netty-handler-4.1.82.Final.jar:?]
	at io.netty.channel.AbstractChannelHandlerContext.invokeChannelRead(AbstractChannelHandlerContext.java:379) ~[netty-transport-4.1.82.Final.jar:?]
	at io.netty.channel.AbstractChannelHandlerContext.invokeChannelRead(AbstractChannelHandlerContext.java:365) ~[netty-transport-4.1.82.Final.jar:?]
	at io.netty.channel.AbstractChannelHandlerContext.fireChannelRead(AbstractChannelHandlerContext.java:357) ~[netty-transport-4.1.82.Final.jar:?]
	at io.netty.channel.DefaultChannelPipeline$HeadContext.channelRead(DefaultChannelPipeline.java:1410) ~[netty-transport-4.1.82.Final.jar:?]
	at io.netty.channel.AbstractChannelHandlerContext.invokeChannelRead(AbstractChannelHandlerContext.java:379) ~[netty-transport-4.1.82.Final.jar:?]
	at io.netty.channel.AbstractChannelHandlerContext.invokeChannelRead(AbstractChannelHandlerContext.java:365) ~[netty-transport-4.1.82.Final.jar:?]
	at io.netty.channel.DefaultChannelPipeline.fireChannelRead(DefaultChannelPipeline.java:919) ~[netty-transport-4.1.82.Final.jar:?]
	at io.netty.channel.epoll.AbstractEpollStreamChannel$EpollStreamUnsafe.epollInReady(AbstractEpollStreamChannel.java:800) ~[netty-transport-classes-epoll-4.1.82.Final.jar:?]
	at io.netty.channel.epoll.EpollEventLoop.processReady(EpollEventLoop.java:499) ~[netty-transport-classes-epoll-4.1.82.Final.jar:?]
	at io.netty.channel.epoll.EpollEventLoop.run(EpollEventLoop.java:397) ~[netty-transport-classes-epoll-4.1.82.Final.jar:?]
	at io.netty.util.concurrent.SingleThreadEventExecutor$4.run(SingleThreadEventExecutor.java:997) ~[netty-common-4.1.82.Final.jar:?]
	at io.netty.util.internal.ThreadExecutorMap$2.run(ThreadExecutorMap.java:74) ~[netty-common-4.1.82.Final.jar:?]
	at java.lang.Thread.run(Thread.java:840) ~[?:?]
Caused by: java.lang.IndexOutOfBoundsException: Index 50 out of bounds for length 1
	at jdk.internal.util.Preconditions.outOfBounds(Preconditions.java:64) ~[?:?]
	at jdk.internal.util.Preconditions.outOfBoundsCheckIndex(Preconditions.java:70) ~[?:?]
	at jdk.internal.util.Preconditions.checkIndex(Preconditions.java:266) ~[?:?]
	at java.util.Objects.checkIndex(Objects.java:361) ~[?:?]
	at java.util.ArrayList.get(ArrayList.java:427) ~[?:?]
	at net.minecraft.network.NetworkState$PacketHandler.createPacket(NetworkState.java:458) ~[server-intermediary.jar:?]
	at net.minecraft.network.NetworkState.getPacketHandler(NetworkState.java:522) ~[server-intermediary.jar:?]
	at net.minecraft.network.DecoderHandler.decode(DecoderHandler.java:32) ~[server-intermediary.jar:?]
	at io.netty.handler.codec.ByteToMessageDecoder.decodeRemovalReentryProtection(ByteToMessageDecoder.java:519) ~[netty-codec-4.1.82.Final.jar:?]
	at io.netty.handler.codec.ByteToMessageDecoder.callDecode(ByteToMessageDecoder.java:458) ~[netty-codec-4.1.82.Final.jar:?]
	... 29 more
[03:03:31] [Netty Epoll Server IO #6/ERROR]: Exception occurred in netty pipeline
io.netty.handler.codec.DecoderException: java.lang.IndexOutOfBoundsException: Index 50 out of bounds for length 1
	at io.netty.handler.codec.ByteToMessageDecoder.callDecode(ByteToMessageDecoder.java:489) ~[netty-codec-4.1.82.Final.jar:?]
	at io.netty.handler.codec.ByteToMessageDecoder.channelRead(ByteToMessageDecoder.java:280) ~[netty-codec-4.1.82.Final.jar:?]
	at io.netty.channel.AbstractChannelHandlerContext.invokeChannelRead(AbstractChannelHandlerContext.java:379) ~[netty-transport-4.1.82.Final.jar:?]
	at io.netty.channel.AbstractChannelHandlerContext.invokeChannelRead(AbstractChannelHandlerContext.java:365) ~[netty-transport-4.1.82.Final.jar:?]
	at io.netty.channel.AbstractChannelHandlerContext.fireChannelRead(AbstractChannelHandlerContext.java:357) ~[netty-transport-4.1.82.Final.jar:?]
	at io.netty.handler.codec.ByteToMessageDecoder.fireChannelRead(ByteToMessageDecoder.java:336) ~[netty-codec-4.1.82.Final.jar:?]
	at io.netty.handler.codec.ByteToMessageDecoder.fireChannelRead(ByteToMessageDecoder.java:323) ~[netty-codec-4.1.82.Final.jar:?]
	at io.netty.handler.codec.ByteToMessageDecoder.callDecode(ByteToMessageDecoder.java:444) ~[netty-codec-4.1.82.Final.jar:?]
	at io.netty.handler.codec.ByteToMessageDecoder.channelRead(ByteToMessageDecoder.java:280) ~[netty-codec-4.1.82.Final.jar:?]
	at io.netty.channel.AbstractChannelHandlerContext.invokeChannelRead(AbstractChannelHandlerContext.java:379) ~[netty-transport-4.1.82.Final.jar:?]
	at io.netty.channel.AbstractChannelHandlerContext.invokeChannelRead(AbstractChannelHandlerContext.java:365) ~[netty-transport-4.1.82.Final.jar:?]
	at io.netty.channel.AbstractChannelHandlerContext.fireChannelRead(AbstractChannelHandlerContext.java:357) ~[netty-transport-4.1.82.Final.jar:?]
	at net.minecraft.network.LegacyQueryHandler.channelRead(LegacyQueryHandler.java:95) ~[server-intermediary.jar:?]
	at io.netty.channel.AbstractChannelHandlerContext.invokeChannelRead(AbstractChannelHandlerContext.java:379) ~[netty-transport-4.1.82.Final.jar:?]
	at io.netty.channel.AbstractChannelHandlerContext.invokeChannelRead(AbstractChannelHandlerContext.java:365) ~[netty-transport-4.1.82.Final.jar:?]
	at io.netty.channel.AbstractChannelHandlerContext.fireChannelRead(AbstractChannelHandlerContext.java:357) ~[netty-transport-4.1.82.Final.jar:?]
	at io.netty.handler.timeout.IdleStateHandler.channelRead(IdleStateHandler.java:286) ~[netty-handler-4.1.82.Final.jar:?]
	at io.netty.channel.AbstractChannelHandlerContext.invokeChannelRead(AbstractChannelHandlerContext.java:379) ~[netty-transport-4.1.82.Final.jar:?]
	at io.netty.channel.AbstractChannelHandlerContext.invokeChannelRead(AbstractChannelHandlerContext.java:365) ~[netty-transport-4.1.82.Final.jar:?]
	at io.netty.channel.AbstractChannelHandlerContext.fireChannelRead(AbstractChannelHandlerContext.java:357) ~[netty-transport-4.1.82.Final.jar:?]
	at io.netty.channel.DefaultChannelPipeline$HeadContext.channelRead(DefaultChannelPipeline.java:1410) ~[netty-transport-4.1.82.Final.jar:?]
	at io.netty.channel.AbstractChannelHandlerContext.invokeChannelRead(AbstractChannelHandlerContext.java:379) ~[netty-transport-4.1.82.Final.jar:?]
	at io.netty.channel.AbstractChannelHandlerContext.invokeChannelRead(AbstractChannelHandlerContext.java:365) ~[netty-transport-4.1.82.Final.jar:?]
	at io.netty.channel.DefaultChannelPipeline.fireChannelRead(DefaultChannelPipeline.java:919) ~[netty-transport-4.1.82.Final.jar:?]
	at io.netty.channel.epoll.AbstractEpollStreamChannel$EpollStreamUnsafe.epollInReady(AbstractEpollStreamChannel.java:800) ~[netty-transport-classes-epoll-4.1.82.Final.jar:?]
	at io.netty.channel.epoll.EpollEventLoop.processReady(EpollEventLoop.java:499) ~[netty-transport-classes-epoll-4.1.82.Final.jar:?]
	at io.netty.channel.epoll.EpollEventLoop.run(EpollEventLoop.java:397) ~[netty-transport-classes-epoll-4.1.82.Final.jar:?]
	at io.netty.util.concurrent.SingleThreadEventExecutor$4.run(SingleThreadEventExecutor.java:997) ~[netty-common-4.1.82.Final.jar:?]
	at io.netty.util.internal.ThreadExecutorMap$2.run(ThreadExecutorMap.java:74) ~[netty-common-4.1.82.Final.jar:?]
	at java.lang.Thread.run(Thread.java:840) ~[?:?]
Caused by: java.lang.IndexOutOfBoundsException: Index 50 out of bounds for length 1
	at jdk.internal.util.Preconditions.outOfBounds(Preconditions.java:64) ~[?:?]
	at jdk.internal.util.Preconditions.outOfBoundsCheckIndex(Preconditions.java:70) ~[?:?]
	at jdk.internal.util.Preconditions.checkIndex(Preconditions.java:266) ~[?:?]
	at java.util.Objects.checkIndex(Objects.java:361) ~[?:?]
	at java.util.ArrayList.get(ArrayList.java:427) ~[?:?]
	at net.minecraft.network.NetworkState$PacketHandler.createPacket(NetworkState.java:458) ~[server-intermediary.jar:?]
	at net.minecraft.network.NetworkState.getPacketHandler(NetworkState.java:522) ~[server-intermediary.jar:?]
	at net.minecraft.network.DecoderHandler.decode(DecoderHandler.java:32) ~[server-intermediary.jar:?]
	at io.netty.handler.codec.ByteToMessageDecoder.decodeRemovalReentryProtection(ByteToMessageDecoder.java:519) ~[netty-codec-4.1.82.Final.jar:?]
	at io.netty.handler.codec.ByteToMessageDecoder.callDecode(ByteToMessageDecoder.java:458) ~[netty-codec-4.1.82.Final.jar:?]
	... 29 more
[03:08:32] [Netty Epoll Server IO #0/ERROR]: Exception occurred in netty pipeline
io.netty.handler.codec.DecoderException: java.lang.IndexOutOfBoundsException: Index 50 out of bounds for length 1
	at io.netty.handler.codec.ByteToMessageDecoder.callDecode(ByteToMessageDecoder.java:489) ~[netty-codec-4.1.82.Final.jar:?]
	at io.netty.handler.codec.ByteToMessageDecoder.channelRead(ByteToMessageDecoder.java:280) ~[netty-codec-4.1.82.Final.jar:?]
	at io.netty.channel.AbstractChannelHandlerContext.invokeChannelRead(AbstractChannelHandlerContext.java:379) ~[netty-transport-4.1.82.Final.jar:?]
	at io.netty.channel.AbstractChannelHandlerContext.invokeChannelRead(AbstractChannelHandlerContext.java:365) ~[netty-transport-4.1.82.Final.jar:?]
	at io.netty.channel.AbstractChannelHandlerContext.fireChannelRead(AbstractChannelHandlerContext.java:357) ~[netty-transport-4.1.82.Final.jar:?]
	at io.netty.handler.codec.ByteToMessageDecoder.fireChannelRead(ByteToMessageDecoder.java:336) ~[netty-codec-4.1.82.Final.jar:?]
	at io.netty.handler.codec.ByteToMessageDecoder.fireChannelRead(ByteToMessageDecoder.java:323) ~[netty-codec-4.1.82.Final.jar:?]
	at io.netty.handler.codec.ByteToMessageDecoder.callDecode(ByteToMessageDecoder.java:444) ~[netty-codec-4.1.82.Final.jar:?]
	at io.netty.handler.codec.ByteToMessageDecoder.channelRead(ByteToMessageDecoder.java:280) ~[netty-codec-4.1.82.Final.jar:?]
	at io.netty.channel.AbstractChannelHandlerContext.invokeChannelRead(AbstractChannelHandlerContext.java:379) ~[netty-transport-4.1.82.Final.jar:?]
	at io.netty.channel.AbstractChannelHandlerContext.invokeChannelRead(AbstractChannelHandlerContext.java:365) ~[netty-transport-4.1.82.Final.jar:?]
	at io.netty.channel.AbstractChannelHandlerContext.fireChannelRead(AbstractChannelHandlerContext.java:357) ~[netty-transport-4.1.82.Final.jar:?]
	at net.minecraft.network.LegacyQueryHandler.channelRead(LegacyQueryHandler.java:95) ~[server-intermediary.jar:?]
	at io.netty.channel.AbstractChannelHandlerContext.invokeChannelRead(AbstractChannelHandlerContext.java:379) ~[netty-transport-4.1.82.Final.jar:?]
	at io.netty.channel.AbstractChannelHandlerContext.invokeChannelRead(AbstractChannelHandlerContext.java:365) ~[netty-transport-4.1.82.Final.jar:?]
	at io.netty.channel.AbstractChannelHandlerContext.fireChannelRead(AbstractChannelHandlerContext.java:357) ~[netty-transport-4.1.82.Final.jar:?]
	at io.netty.handler.timeout.IdleStateHandler.channelRead(IdleStateHandler.java:286) ~[netty-handler-4.1.82.Final.jar:?]
	at io.netty.channel.AbstractChannelHandlerContext.invokeChannelRead(AbstractChannelHandlerContext.java:379) ~[netty-transport-4.1.82.Final.jar:?]
	at io.netty.channel.AbstractChannelHandlerContext.invokeChannelRead(AbstractChannelHandlerContext.java:365) ~[netty-transport-4.1.82.Final.jar:?]
	at io.netty.channel.AbstractChannelHandlerContext.fireChannelRead(AbstractChannelHandlerContext.java:357) ~[netty-transport-4.1.82.Final.jar:?]
	at io.netty.channel.DefaultChannelPipeline$HeadContext.channelRead(DefaultChannelPipeline.java:1410) ~[netty-transport-4.1.82.Final.jar:?]
	at io.netty.channel.AbstractChannelHandlerContext.invokeChannelRead(AbstractChannelHandlerContext.java:379) ~[netty-transport-4.1.82.Final.jar:?]
	at io.netty.channel.AbstractChannelHandlerContext.invokeChannelRead(AbstractChannelHandlerContext.java:365) ~[netty-transport-4.1.82.Final.jar:?]
	at io.netty.channel.DefaultChannelPipeline.fireChannelRead(DefaultChannelPipeline.java:919) ~[netty-transport-4.1.82.Final.jar:?]
	at io.netty.channel.epoll.AbstractEpollStreamChannel$EpollStreamUnsafe.epollInReady(AbstractEpollStreamChannel.java:800) ~[netty-transport-classes-epoll-4.1.82.Final.jar:?]
	at io.netty.channel.epoll.EpollEventLoop.processReady(EpollEventLoop.java:499) ~[netty-transport-classes-epoll-4.1.82.Final.jar:?]
	at io.netty.channel.epoll.EpollEventLoop.run(EpollEventLoop.java:397) ~[netty-transport-classes-epoll-4.1.82.Final.jar:?]
	at io.netty.util.concurrent.SingleThreadEventExecutor$4.run(SingleThreadEventExecutor.java:997) ~[netty-common-4.1.82.Final.jar:?]
	at io.netty.util.internal.ThreadExecutorMap$2.run(ThreadExecutorMap.java:74) ~[netty-common-4.1.82.Final.jar:?]
	at java.lang.Thread.run(Thread.java:840) ~[?:?]
Caused by: java.lang.IndexOutOfBoundsException: Index 50 out of bounds for length 1
	at jdk.internal.util.Preconditions.outOfBounds(Preconditions.java:64) ~[?:?]
	at jdk.internal.util.Preconditions.outOfBoundsCheckIndex(Preconditions.java:70) ~[?:?]
	at jdk.internal.util.Preconditions.checkIndex(Preconditions.java:266) ~[?:?]
	at java.util.Objects.checkIndex(Objects.java:361) ~[?:?]
	at java.util.ArrayList.get(ArrayList.java:427) ~[?:?]
	at net.minecraft.network.NetworkState$PacketHandler.createPacket(NetworkState.java:458) ~[server-intermediary.jar:?]
	at net.minecraft.network.NetworkState.getPacketHandler(NetworkState.java:522) ~[server-intermediary.jar:?]
	at net.minecraft.network.DecoderHandler.decode(DecoderHandler.java:32) ~[server-intermediary.jar:?]
	at io.netty.handler.codec.ByteToMessageDecoder.decodeRemovalReentryProtection(ByteToMessageDecoder.java:519) ~[netty-codec-4.1.82.Final.jar:?]
	at io.netty.handler.codec.ByteToMessageDecoder.callDecode(ByteToMessageDecoder.java:458) ~[netty-codec-4.1.82.Final.jar:?]
	... 29 more
[03:14:17] [Netty Epoll Server IO #2/ERROR]: Exception occurred in netty pipeline
io.netty.handler.codec.DecoderException: java.lang.IndexOutOfBoundsException: Index 50 out of bounds for length 1
	at io.netty.handler.codec.ByteToMessageDecoder.callDecode(ByteToMessageDecoder.java:489) ~[netty-codec-4.1.82.Final.jar:?]
	at io.netty.handler.codec.ByteToMessageDecoder.channelRead(ByteToMessageDecoder.java:280) ~[netty-codec-4.1.82.Final.jar:?]
	at io.netty.channel.AbstractChannelHandlerContext.invokeChannelRead(AbstractChannelHandlerContext.java:379) ~[netty-transport-4.1.82.Final.jar:?]
	at io.netty.channel.AbstractChannelHandlerContext.invokeChannelRead(AbstractChannelHandlerContext.java:365) ~[netty-transport-4.1.82.Final.jar:?]
	at io.netty.channel.AbstractChannelHandlerContext.fireChannelRead(AbstractChannelHandlerContext.java:357) ~[netty-transport-4.1.82.Final.jar:?]
	at io.netty.handler.codec.ByteToMessageDecoder.fireChannelRead(ByteToMessageDecoder.java:336) ~[netty-codec-4.1.82.Final.jar:?]
	at io.netty.handler.codec.ByteToMessageDecoder.fireChannelRead(ByteToMessageDecoder.java:323) ~[netty-codec-4.1.82.Final.jar:?]
	at io.netty.handler.codec.ByteToMessageDecoder.callDecode(ByteToMessageDecoder.java:444) ~[netty-codec-4.1.82.Final.jar:?]
	at io.netty.handler.codec.ByteToMessageDecoder.channelRead(ByteToMessageDecoder.java:280) ~[netty-codec-4.1.82.Final.jar:?]
	at io.netty.channel.AbstractChannelHandlerContext.invokeChannelRead(AbstractChannelHandlerContext.java:379) ~[netty-transport-4.1.82.Final.jar:?]
	at io.netty.channel.AbstractChannelHandlerContext.invokeChannelRead(AbstractChannelHandlerContext.java:365) ~[netty-transport-4.1.82.Final.jar:?]
	at io.netty.channel.AbstractChannelHandlerContext.fireChannelRead(AbstractChannelHandlerContext.java:357) ~[netty-transport-4.1.82.Final.jar:?]
	at net.minecraft.network.LegacyQueryHandler.channelRead(LegacyQueryHandler.java:95) ~[server-intermediary.jar:?]
	at io.netty.channel.AbstractChannelHandlerContext.invokeChannelRead(AbstractChannelHandlerContext.java:379) ~[netty-transport-4.1.82.Final.jar:?]
	at io.netty.channel.AbstractChannelHandlerContext.invokeChannelRead(AbstractChannelHandlerContext.java:365) ~[netty-transport-4.1.82.Final.jar:?]
	at io.netty.channel.AbstractChannelHandlerContext.fireChannelRead(AbstractChannelHandlerContext.java:357) ~[netty-transport-4.1.82.Final.jar:?]
	at io.netty.handler.timeout.IdleStateHandler.channelRead(IdleStateHandler.java:286) ~[netty-handler-4.1.82.Final.jar:?]
	at io.netty.channel.AbstractChannelHandlerContext.invokeChannelRead(AbstractChannelHandlerContext.java:379) ~[netty-transport-4.1.82.Final.jar:?]
	at io.netty.channel.AbstractChannelHandlerContext.invokeChannelRead(AbstractChannelHandlerContext.java:365) ~[netty-transport-4.1.82.Final.jar:?]
	at io.netty.channel.AbstractChannelHandlerContext.fireChannelRead(AbstractChannelHandlerContext.java:357) ~[netty-transport-4.1.82.Final.jar:?]
	at io.netty.channel.DefaultChannelPipeline$HeadContext.channelRead(DefaultChannelPipeline.java:1410) ~[netty-transport-4.1.82.Final.jar:?]
	at io.netty.channel.AbstractChannelHandlerContext.invokeChannelRead(AbstractChannelHandlerContext.java:379) ~[netty-transport-4.1.82.Final.jar:?]
	at io.netty.channel.AbstractChannelHandlerContext.invokeChannelRead(AbstractChannelHandlerContext.java:365) ~[netty-transport-4.1.82.Final.jar:?]
	at io.netty.channel.DefaultChannelPipeline.fireChannelRead(DefaultChannelPipeline.java:919) ~[netty-transport-4.1.82.Final.jar:?]
	at io.netty.channel.epoll.AbstractEpollStreamChannel$EpollStreamUnsafe.epollInReady(AbstractEpollStreamChannel.java:800) ~[netty-transport-classes-epoll-4.1.82.Final.jar:?]
	at io.netty.channel.epoll.EpollEventLoop.processReady(EpollEventLoop.java:499) ~[netty-transport-classes-epoll-4.1.82.Final.jar:?]
	at io.netty.channel.epoll.EpollEventLoop.run(EpollEventLoop.java:397) ~[netty-transport-classes-epoll-4.1.82.Final.jar:?]
	at io.netty.util.concurrent.SingleThreadEventExecutor$4.run(SingleThreadEventExecutor.java:997) ~[netty-common-4.1.82.Final.jar:?]
	at io.netty.util.internal.ThreadExecutorMap$2.run(ThreadExecutorMap.java:74) ~[netty-common-4.1.82.Final.jar:?]
	at java.lang.Thread.run(Thread.java:840) ~[?:?]
Caused by: java.lang.IndexOutOfBoundsException: Index 50 out of bounds for length 1
	at jdk.internal.util.Preconditions.outOfBounds(Preconditions.java:64) ~[?:?]
	at jdk.internal.util.Preconditions.outOfBoundsCheckIndex(Preconditions.java:70) ~[?:?]
	at jdk.internal.util.Preconditions.checkIndex(Preconditions.java:266) ~[?:?]
	at java.util.Objects.checkIndex(Objects.java:361) ~[?:?]
	at java.util.ArrayList.get(ArrayList.java:427) ~[?:?]
	at net.minecraft.network.NetworkState$PacketHandler.createPacket(NetworkState.java:458) ~[server-intermediary.jar:?]
	at net.minecraft.network.NetworkState.getPacketHandler(NetworkState.java:522) ~[server-intermediary.jar:?]
	at net.minecraft.network.DecoderHandler.decode(DecoderHandler.java:32) ~[server-intermediary.jar:?]
	at io.netty.handler.codec.ByteToMessageDecoder.decodeRemovalReentryProtection(ByteToMessageDecoder.java:519) ~[netty-codec-4.1.82.Final.jar:?]
	at io.netty.handler.codec.ByteToMessageDecoder.callDecode(ByteToMessageDecoder.java:458) ~[netty-codec-4.1.82.Final.jar:?]
	... 29 more
[03:20:41] [Netty Epoll Server IO #4/ERROR]: Exception occurred in netty pipeline
io.netty.handler.codec.DecoderException: java.lang.IndexOutOfBoundsException: Index 50 out of bounds for length 1
	at io.netty.handler.codec.ByteToMessageDecoder.callDecode(ByteToMessageDecoder.java:489) ~[netty-codec-4.1.82.Final.jar:?]
	at io.netty.handler.codec.ByteToMessageDecoder.channelRead(ByteToMessageDecoder.java:280) ~[netty-codec-4.1.82.Final.jar:?]
	at io.netty.channel.AbstractChannelHandlerContext.invokeChannelRead(AbstractChannelHandlerContext.java:379) ~[netty-transport-4.1.82.Final.jar:?]
	at io.netty.channel.AbstractChannelHandlerContext.invokeChannelRead(AbstractChannelHandlerContext.java:365) ~[netty-transport-4.1.82.Final.jar:?]
	at io.netty.channel.AbstractChannelHandlerContext.fireChannelRead(AbstractChannelHandlerContext.java:357) ~[netty-transport-4.1.82.Final.jar:?]
	at io.netty.handler.codec.ByteToMessageDecoder.fireChannelRead(ByteToMessageDecoder.java:336) ~[netty-codec-4.1.82.Final.jar:?]
	at io.netty.handler.codec.ByteToMessageDecoder.fireChannelRead(ByteToMessageDecoder.java:323) ~[netty-codec-4.1.82.Final.jar:?]
	at io.netty.handler.codec.ByteToMessageDecoder.callDecode(ByteToMessageDecoder.java:444) ~[netty-codec-4.1.82.Final.jar:?]
	at io.netty.handler.codec.ByteToMessageDecoder.channelRead(ByteToMessageDecoder.java:280) ~[netty-codec-4.1.82.Final.jar:?]
	at io.netty.channel.AbstractChannelHandlerContext.invokeChannelRead(AbstractChannelHandlerContext.java:379) ~[netty-transport-4.1.82.Final.jar:?]
	at io.netty.channel.AbstractChannelHandlerContext.invokeChannelRead(AbstractChannelHandlerContext.java:365) ~[netty-transport-4.1.82.Final.jar:?]
	at io.netty.channel.AbstractChannelHandlerContext.fireChannelRead(AbstractChannelHandlerContext.java:357) ~[netty-transport-4.1.82.Final.jar:?]
	at net.minecraft.network.LegacyQueryHandler.channelRead(LegacyQueryHandler.java:95) ~[server-intermediary.jar:?]
	at io.netty.channel.AbstractChannelHandlerContext.invokeChannelRead(AbstractChannelHandlerContext.java:379) ~[netty-transport-4.1.82.Final.jar:?]
	at io.netty.channel.AbstractChannelHandlerContext.invokeChannelRead(AbstractChannelHandlerContext.java:365) ~[netty-transport-4.1.82.Final.jar:?]
	at io.netty.channel.AbstractChannelHandlerContext.fireChannelRead(AbstractChannelHandlerContext.java:357) ~[netty-transport-4.1.82.Final.jar:?]
	at io.netty.handler.timeout.IdleStateHandler.channelRead(IdleStateHandler.java:286) ~[netty-handler-4.1.82.Final.jar:?]
	at io.netty.channel.AbstractChannelHandlerContext.invokeChannelRead(AbstractChannelHandlerContext.java:379) ~[netty-transport-4.1.82.Final.jar:?]
	at io.netty.channel.AbstractChannelHandlerContext.invokeChannelRead(AbstractChannelHandlerContext.java:365) ~[netty-transport-4.1.82.Final.jar:?]
	at io.netty.channel.AbstractChannelHandlerContext.fireChannelRead(AbstractChannelHandlerContext.java:357) ~[netty-transport-4.1.82.Final.jar:?]
	at io.netty.channel.DefaultChannelPipeline$HeadContext.channelRead(DefaultChannelPipeline.java:1410) ~[netty-transport-4.1.82.Final.jar:?]
	at io.netty.channel.AbstractChannelHandlerContext.invokeChannelRead(AbstractChannelHandlerContext.java:379) ~[netty-transport-4.1.82.Final.jar:?]
	at io.netty.channel.AbstractChannelHandlerContext.invokeChannelRead(AbstractChannelHandlerContext.java:365) ~[netty-transport-4.1.82.Final.jar:?]
	at io.netty.channel.DefaultChannelPipeline.fireChannelRead(DefaultChannelPipeline.java:919) ~[netty-transport-4.1.82.Final.jar:?]
	at io.netty.channel.epoll.AbstractEpollStreamChannel$EpollStreamUnsafe.epollInReady(AbstractEpollStreamChannel.java:800) ~[netty-transport-classes-epoll-4.1.82.Final.jar:?]
	at io.netty.channel.epoll.EpollEventLoop.processReady(EpollEventLoop.java:499) ~[netty-transport-classes-epoll-4.1.82.Final.jar:?]
	at io.netty.channel.epoll.EpollEventLoop.run(EpollEventLoop.java:397) ~[netty-transport-classes-epoll-4.1.82.Final.jar:?]
	at io.netty.util.concurrent.SingleThreadEventExecutor$4.run(SingleThreadEventExecutor.java:997) ~[netty-common-4.1.82.Final.jar:?]
	at io.netty.util.internal.ThreadExecutorMap$2.run(ThreadExecutorMap.java:74) ~[netty-common-4.1.82.Final.jar:?]
	at java.lang.Thread.run(Thread.java:840) ~[?:?]
Caused by: java.lang.IndexOutOfBoundsException: Index 50 out of bounds for length 1
	at jdk.internal.util.Preconditions.outOfBounds(Preconditions.java:64) ~[?:?]
	at jdk.internal.util.Preconditions.outOfBoundsCheckIndex(Preconditions.java:70) ~[?:?]
	at jdk.internal.util.Preconditions.checkIndex(Preconditions.java:266) ~[?:?]
	at java.util.Objects.checkIndex(Objects.java:361) ~[?:?]
	at java.util.ArrayList.get(ArrayList.java:427) ~[?:?]
	at net.minecraft.network.NetworkState$PacketHandler.createPacket(NetworkState.java:458) ~[server-intermediary.jar:?]
	at net.minecraft.network.NetworkState.getPacketHandler(NetworkState.java:522) ~[server-intermediary.jar:?]
	at net.minecraft.network.DecoderHandler.decode(DecoderHandler.java:32) ~[server-intermediary.jar:?]
	at io.netty.handler.codec.ByteToMessageDecoder.decodeRemovalReentryProtection(ByteToMessageDecoder.java:519) ~[netty-codec-4.1.82.Final.jar:?]
	at io.netty.handler.codec.ByteToMessageDecoder.callDecode(ByteToMessageDecoder.java:458) ~[netty-codec-4.1.82.Final.jar:?]
	... 29 more
[03:22:08] [Netty Epoll Server IO #6/ERROR]: Exception occurred in netty pipeline
io.netty.handler.codec.DecoderException: java.lang.IndexOutOfBoundsException: Index 50 out of bounds for length 1
	at io.netty.handler.codec.ByteToMessageDecoder.callDecode(ByteToMessageDecoder.java:489) ~[netty-codec-4.1.82.Final.jar:?]
	at io.netty.handler.codec.ByteToMessageDecoder.channelRead(ByteToMessageDecoder.java:280) ~[netty-codec-4.1.82.Final.jar:?]
	at io.netty.channel.AbstractChannelHandlerContext.invokeChannelRead(AbstractChannelHandlerContext.java:379) ~[netty-transport-4.1.82.Final.jar:?]
	at io.netty.channel.AbstractChannelHandlerContext.invokeChannelRead(AbstractChannelHandlerContext.java:365) ~[netty-transport-4.1.82.Final.jar:?]
	at io.netty.channel.AbstractChannelHandlerContext.fireChannelRead(AbstractChannelHandlerContext.java:357) ~[netty-transport-4.1.82.Final.jar:?]
	at io.netty.handler.codec.ByteToMessageDecoder.fireChannelRead(ByteToMessageDecoder.java:336) ~[netty-codec-4.1.82.Final.jar:?]
	at io.netty.handler.codec.ByteToMessageDecoder.fireChannelRead(ByteToMessageDecoder.java:323) ~[netty-codec-4.1.82.Final.jar:?]
	at io.netty.handler.codec.ByteToMessageDecoder.callDecode(ByteToMessageDecoder.java:444) ~[netty-codec-4.1.82.Final.jar:?]
	at io.netty.handler.codec.ByteToMessageDecoder.channelRead(ByteToMessageDecoder.java:280) ~[netty-codec-4.1.82.Final.jar:?]
	at io.netty.channel.AbstractChannelHandlerContext.invokeChannelRead(AbstractChannelHandlerContext.java:379) ~[netty-transport-4.1.82.Final.jar:?]
	at io.netty.channel.AbstractChannelHandlerContext.invokeChannelRead(AbstractChannelHandlerContext.java:365) ~[netty-transport-4.1.82.Final.jar:?]
	at io.netty.channel.AbstractChannelHandlerContext.fireChannelRead(AbstractChannelHandlerContext.java:357) ~[netty-transport-4.1.82.Final.jar:?]
	at net.minecraft.network.LegacyQueryHandler.channelRead(LegacyQueryHandler.java:95) ~[server-intermediary.jar:?]
	at io.netty.channel.AbstractChannelHandlerContext.invokeChannelRead(AbstractChannelHandlerContext.java:379) ~[netty-transport-4.1.82.Final.jar:?]
	at io.netty.channel.AbstractChannelHandlerContext.invokeChannelRead(AbstractChannelHandlerContext.java:365) ~[netty-transport-4.1.82.Final.jar:?]
	at io.netty.channel.AbstractChannelHandlerContext.fireChannelRead(AbstractChannelHandlerContext.java:357) ~[netty-transport-4.1.82.Final.jar:?]
	at io.netty.handler.timeout.IdleStateHandler.channelRead(IdleStateHandler.java:286) ~[netty-handler-4.1.82.Final.jar:?]
	at io.netty.channel.AbstractChannelHandlerContext.invokeChannelRead(AbstractChannelHandlerContext.java:379) ~[netty-transport-4.1.82.Final.jar:?]
	at io.netty.channel.AbstractChannelHandlerContext.invokeChannelRead(AbstractChannelHandlerContext.java:365) ~[netty-transport-4.1.82.Final.jar:?]
	at io.netty.channel.AbstractChannelHandlerContext.fireChannelRead(AbstractChannelHandlerContext.java:357) ~[netty-transport-4.1.82.Final.jar:?]
	at io.netty.channel.DefaultChannelPipeline$HeadContext.channelRead(DefaultChannelPipeline.java:1410) ~[netty-transport-4.1.82.Final.jar:?]
	at io.netty.channel.AbstractChannelHandlerContext.invokeChannelRead(AbstractChannelHandlerContext.java:379) ~[netty-transport-4.1.82.Final.jar:?]
	at io.netty.channel.AbstractChannelHandlerContext.invokeChannelRead(AbstractChannelHandlerContext.java:365) ~[netty-transport-4.1.82.Final.jar:?]
	at io.netty.channel.DefaultChannelPipeline.fireChannelRead(DefaultChannelPipeline.java:919) ~[netty-transport-4.1.82.Final.jar:?]
	at io.netty.channel.epoll.AbstractEpollStreamChannel$EpollStreamUnsafe.epollInReady(AbstractEpollStreamChannel.java:800) ~[netty-transport-classes-epoll-4.1.82.Final.jar:?]
	at io.netty.channel.epoll.EpollEventLoop.processReady(EpollEventLoop.java:499) ~[netty-transport-classes-epoll-4.1.82.Final.jar:?]
	at io.netty.channel.epoll.EpollEventLoop.run(EpollEventLoop.java:397) ~[netty-transport-classes-epoll-4.1.82.Final.jar:?]
	at io.netty.util.concurrent.SingleThreadEventExecutor$4.run(SingleThreadEventExecutor.java:997) ~[netty-common-4.1.82.Final.jar:?]
	at io.netty.util.internal.ThreadExecutorMap$2.run(ThreadExecutorMap.java:74) ~[netty-common-4.1.82.Final.jar:?]
	at java.lang.Thread.run(Thread.java:840) ~[?:?]
Caused by: java.lang.IndexOutOfBoundsException: Index 50 out of bounds for length 1
	at jdk.internal.util.Preconditions.outOfBounds(Preconditions.java:64) ~[?:?]
	at jdk.internal.util.Preconditions.outOfBoundsCheckIndex(Preconditions.java:70) ~[?:?]
	at jdk.internal.util.Preconditions.checkIndex(Preconditions.java:266) ~[?:?]
	at java.util.Objects.checkIndex(Objects.java:361) ~[?:?]
	at java.util.ArrayList.get(ArrayList.java:427) ~[?:?]
	at net.minecraft.network.NetworkState$PacketHandler.createPacket(NetworkState.java:458) ~[server-intermediary.jar:?]
	at net.minecraft.network.NetworkState.getPacketHandler(NetworkState.java:522) ~[server-intermediary.jar:?]
	at net.minecraft.network.DecoderHandler.decode(DecoderHandler.java:32) ~[server-intermediary.jar:?]
	at io.netty.handler.codec.ByteToMessageDecoder.decodeRemovalReentryProtection(ByteToMessageDecoder.java:519) ~[netty-codec-4.1.82.Final.jar:?]
	at io.netty.handler.codec.ByteToMessageDecoder.callDecode(ByteToMessageDecoder.java:458) ~[netty-codec-4.1.82.Final.jar:?]
	... 29 more
[03:26:37] [Netty Epoll Server IO #0/ERROR]: Exception occurred in netty pipeline
io.netty.handler.codec.DecoderException: java.lang.IndexOutOfBoundsException: Index 50 out of bounds for length 1
	at io.netty.handler.codec.ByteToMessageDecoder.callDecode(ByteToMessageDecoder.java:489) ~[netty-codec-4.1.82.Final.jar:?]
	at io.netty.handler.codec.ByteToMessageDecoder.channelRead(ByteToMessageDecoder.java:280) ~[netty-codec-4.1.82.Final.jar:?]
	at io.netty.channel.AbstractChannelHandlerContext.invokeChannelRead(AbstractChannelHandlerContext.java:379) ~[netty-transport-4.1.82.Final.jar:?]
	at io.netty.channel.AbstractChannelHandlerContext.invokeChannelRead(AbstractChannelHandlerContext.java:365) ~[netty-transport-4.1.82.Final.jar:?]
	at io.netty.channel.AbstractChannelHandlerContext.fireChannelRead(AbstractChannelHandlerContext.java:357) ~[netty-transport-4.1.82.Final.jar:?]
	at io.netty.handler.codec.ByteToMessageDecoder.fireChannelRead(ByteToMessageDecoder.java:336) ~[netty-codec-4.1.82.Final.jar:?]
	at io.netty.handler.codec.ByteToMessageDecoder.fireChannelRead(ByteToMessageDecoder.java:323) ~[netty-codec-4.1.82.Final.jar:?]
	at io.netty.handler.codec.ByteToMessageDecoder.callDecode(ByteToMessageDecoder.java:444) ~[netty-codec-4.1.82.Final.jar:?]
	at io.netty.handler.codec.ByteToMessageDecoder.channelRead(ByteToMessageDecoder.java:280) ~[netty-codec-4.1.82.Final.jar:?]
	at io.netty.channel.AbstractChannelHandlerContext.invokeChannelRead(AbstractChannelHandlerContext.java:379) ~[netty-transport-4.1.82.Final.jar:?]
	at io.netty.channel.AbstractChannelHandlerContext.invokeChannelRead(AbstractChannelHandlerContext.java:365) ~[netty-transport-4.1.82.Final.jar:?]
	at io.netty.channel.AbstractChannelHandlerContext.fireChannelRead(AbstractChannelHandlerContext.java:357) ~[netty-transport-4.1.82.Final.jar:?]
	at net.minecraft.network.LegacyQueryHandler.channelRead(LegacyQueryHandler.java:95) ~[server-intermediary.jar:?]
	at io.netty.channel.AbstractChannelHandlerContext.invokeChannelRead(AbstractChannelHandlerContext.java:379) ~[netty-transport-4.1.82.Final.jar:?]
	at io.netty.channel.AbstractChannelHandlerContext.invokeChannelRead(AbstractChannelHandlerContext.java:365) ~[netty-transport-4.1.82.Final.jar:?]
	at io.netty.channel.AbstractChannelHandlerContext.fireChannelRead(AbstractChannelHandlerContext.java:357) ~[netty-transport-4.1.82.Final.jar:?]
	at io.netty.handler.timeout.IdleStateHandler.channelRead(IdleStateHandler.java:286) ~[netty-handler-4.1.82.Final.jar:?]
	at io.netty.channel.AbstractChannelHandlerContext.invokeChannelRead(AbstractChannelHandlerContext.java:379) ~[netty-transport-4.1.82.Final.jar:?]
	at io.netty.channel.AbstractChannelHandlerContext.invokeChannelRead(AbstractChannelHandlerContext.java:365) ~[netty-transport-4.1.82.Final.jar:?]
	at io.netty.channel.AbstractChannelHandlerContext.fireChannelRead(AbstractChannelHandlerContext.java:357) ~[netty-transport-4.1.82.Final.jar:?]
	at io.netty.channel.DefaultChannelPipeline$HeadContext.channelRead(DefaultChannelPipeline.java:1410) ~[netty-transport-4.1.82.Final.jar:?]
	at io.netty.channel.AbstractChannelHandlerContext.invokeChannelRead(AbstractChannelHandlerContext.java:379) ~[netty-transport-4.1.82.Final.jar:?]
	at io.netty.channel.AbstractChannelHandlerContext.invokeChannelRead(AbstractChannelHandlerContext.java:365) ~[netty-transport-4.1.82.Final.jar:?]
	at io.netty.channel.DefaultChannelPipeline.fireChannelRead(DefaultChannelPipeline.java:919) ~[netty-transport-4.1.82.Final.jar:?]
	at io.netty.channel.epoll.AbstractEpollStreamChannel$EpollStreamUnsafe.epollInReady(AbstractEpollStreamChannel.java:800) ~[netty-transport-classes-epoll-4.1.82.Final.jar:?]
	at io.netty.channel.epoll.EpollEventLoop.processReady(EpollEventLoop.java:499) ~[netty-transport-classes-epoll-4.1.82.Final.jar:?]
	at io.netty.channel.epoll.EpollEventLoop.run(EpollEventLoop.java:397) ~[netty-transport-classes-epoll-4.1.82.Final.jar:?]
	at io.netty.util.concurrent.SingleThreadEventExecutor$4.run(SingleThreadEventExecutor.java:997) ~[netty-common-4.1.82.Final.jar:?]
	at io.netty.util.internal.ThreadExecutorMap$2.run(ThreadExecutorMap.java:74) ~[netty-common-4.1.82.Final.jar:?]
	at java.lang.Thread.run(Thread.java:840) ~[?:?]
Caused by: java.lang.IndexOutOfBoundsException: Index 50 out of bounds for length 1
	at jdk.internal.util.Preconditions.outOfBounds(Preconditions.java:64) ~[?:?]
	at jdk.internal.util.Preconditions.outOfBoundsCheckIndex(Preconditions.java:70) ~[?:?]
	at jdk.internal.util.Preconditions.checkIndex(Preconditions.java:266) ~[?:?]
	at java.util.Objects.checkIndex(Objects.java:361) ~[?:?]
	at java.util.ArrayList.get(ArrayList.java:427) ~[?:?]
	at net.minecraft.network.NetworkState$PacketHandler.createPacket(NetworkState.java:458) ~[server-intermediary.jar:?]
	at net.minecraft.network.NetworkState.getPacketHandler(NetworkState.java:522) ~[server-intermediary.jar:?]
	at net.minecraft.network.DecoderHandler.decode(DecoderHandler.java:32) ~[server-intermediary.jar:?]
	at io.netty.handler.codec.ByteToMessageDecoder.decodeRemovalReentryProtection(ByteToMessageDecoder.java:519) ~[netty-codec-4.1.82.Final.jar:?]
	at io.netty.handler.codec.ByteToMessageDecoder.callDecode(ByteToMessageDecoder.java:458) ~[netty-codec-4.1.82.Final.jar:?]
	... 29 more
[03:32:24] [Netty Epoll Server IO #2/ERROR]: Exception occurred in netty pipeline
io.netty.handler.codec.DecoderException: java.lang.IndexOutOfBoundsException: Index 50 out of bounds for length 1
	at io.netty.handler.codec.ByteToMessageDecoder.callDecode(ByteToMessageDecoder.java:489) ~[netty-codec-4.1.82.Final.jar:?]
	at io.netty.handler.codec.ByteToMessageDecoder.channelRead(ByteToMessageDecoder.java:280) ~[netty-codec-4.1.82.Final.jar:?]
	at io.netty.channel.AbstractChannelHandlerContext.invokeChannelRead(AbstractChannelHandlerContext.java:379) ~[netty-transport-4.1.82.Final.jar:?]
	at io.netty.channel.AbstractChannelHandlerContext.invokeChannelRead(AbstractChannelHandlerContext.java:365) ~[netty-transport-4.1.82.Final.jar:?]
	at io.netty.channel.AbstractChannelHandlerContext.fireChannelRead(AbstractChannelHandlerContext.java:357) ~[netty-transport-4.1.82.Final.jar:?]
	at io.netty.handler.codec.ByteToMessageDecoder.fireChannelRead(ByteToMessageDecoder.java:336) ~[netty-codec-4.1.82.Final.jar:?]
	at io.netty.handler.codec.ByteToMessageDecoder.fireChannelRead(ByteToMessageDecoder.java:323) ~[netty-codec-4.1.82.Final.jar:?]
	at io.netty.handler.codec.ByteToMessageDecoder.callDecode(ByteToMessageDecoder.java:444) ~[netty-codec-4.1.82.Final.jar:?]
	at io.netty.handler.codec.ByteToMessageDecoder.channelRead(ByteToMessageDecoder.java:280) ~[netty-codec-4.1.82.Final.jar:?]
	at io.netty.channel.AbstractChannelHandlerContext.invokeChannelRead(AbstractChannelHandlerContext.java:379) ~[netty-transport-4.1.82.Final.jar:?]
	at io.netty.channel.AbstractChannelHandlerContext.invokeChannelRead(AbstractChannelHandlerContext.java:365) ~[netty-transport-4.1.82.Final.jar:?]
	at io.netty.channel.AbstractChannelHandlerContext.fireChannelRead(AbstractChannelHandlerContext.java:357) ~[netty-transport-4.1.82.Final.jar:?]
	at net.minecraft.network.LegacyQueryHandler.channelRead(LegacyQueryHandler.java:95) ~[server-intermediary.jar:?]
	at io.netty.channel.AbstractChannelHandlerContext.invokeChannelRead(AbstractChannelHandlerContext.java:379) ~[netty-transport-4.1.82.Final.jar:?]
	at io.netty.channel.AbstractChannelHandlerContext.invokeChannelRead(AbstractChannelHandlerContext.java:365) ~[netty-transport-4.1.82.Final.jar:?]
	at io.netty.channel.AbstractChannelHandlerContext.fireChannelRead(AbstractChannelHandlerContext.java:357) ~[netty-transport-4.1.82.Final.jar:?]
	at io.netty.handler.timeout.IdleStateHandler.channelRead(IdleStateHandler.java:286) ~[netty-handler-4.1.82.Final.jar:?]
	at io.netty.channel.AbstractChannelHandlerContext.invokeChannelRead(AbstractChannelHandlerContext.java:379) ~[netty-transport-4.1.82.Final.jar:?]
	at io.netty.channel.AbstractChannelHandlerContext.invokeChannelRead(AbstractChannelHandlerContext.java:365) ~[netty-transport-4.1.82.Final.jar:?]
	at io.netty.channel.AbstractChannelHandlerContext.fireChannelRead(AbstractChannelHandlerContext.java:357) ~[netty-transport-4.1.82.Final.jar:?]
	at io.netty.channel.DefaultChannelPipeline$HeadContext.channelRead(DefaultChannelPipeline.java:1410) ~[netty-transport-4.1.82.Final.jar:?]
	at io.netty.channel.AbstractChannelHandlerContext.invokeChannelRead(AbstractChannelHandlerContext.java:379) ~[netty-transport-4.1.82.Final.jar:?]
	at io.netty.channel.AbstractChannelHandlerContext.invokeChannelRead(AbstractChannelHandlerContext.java:365) ~[netty-transport-4.1.82.Final.jar:?]
	at io.netty.channel.DefaultChannelPipeline.fireChannelRead(DefaultChannelPipeline.java:919) ~[netty-transport-4.1.82.Final.jar:?]
	at io.netty.channel.epoll.AbstractEpollStreamChannel$EpollStreamUnsafe.epollInReady(AbstractEpollStreamChannel.java:800) ~[netty-transport-classes-epoll-4.1.82.Final.jar:?]
	at io.netty.channel.epoll.EpollEventLoop.processReady(EpollEventLoop.java:499) ~[netty-transport-classes-epoll-4.1.82.Final.jar:?]
	at io.netty.channel.epoll.EpollEventLoop.run(EpollEventLoop.java:397) ~[netty-transport-classes-epoll-4.1.82.Final.jar:?]
	at io.netty.util.concurrent.SingleThreadEventExecutor$4.run(SingleThreadEventExecutor.java:997) ~[netty-common-4.1.82.Final.jar:?]
	at io.netty.util.internal.ThreadExecutorMap$2.run(ThreadExecutorMap.java:74) ~[netty-common-4.1.82.Final.jar:?]
	at java.lang.Thread.run(Thread.java:840) ~[?:?]
Caused by: java.lang.IndexOutOfBoundsException: Index 50 out of bounds for length 1
	at jdk.internal.util.Preconditions.outOfBounds(Preconditions.java:64) ~[?:?]
	at jdk.internal.util.Preconditions.outOfBoundsCheckIndex(Preconditions.java:70) ~[?:?]
	at jdk.internal.util.Preconditions.checkIndex(Preconditions.java:266) ~[?:?]
	at java.util.Objects.checkIndex(Objects.java:361) ~[?:?]
	at java.util.ArrayList.get(ArrayList.java:427) ~[?:?]
	at net.minecraft.network.NetworkState$PacketHandler.createPacket(NetworkState.java:458) ~[server-intermediary.jar:?]
	at net.minecraft.network.NetworkState.getPacketHandler(NetworkState.java:522) ~[server-intermediary.jar:?]
	at net.minecraft.network.DecoderHandler.decode(DecoderHandler.java:32) ~[server-intermediary.jar:?]
	at io.netty.handler.codec.ByteToMessageDecoder.decodeRemovalReentryProtection(ByteToMessageDecoder.java:519) ~[netty-codec-4.1.82.Final.jar:?]
	at io.netty.handler.codec.ByteToMessageDecoder.callDecode(ByteToMessageDecoder.java:458) ~[netty-codec-4.1.82.Final.jar:?]
	... 29 more
[03:38:05] [Netty Epoll Server IO #4/ERROR]: Exception occurred in netty pipeline
io.netty.handler.codec.DecoderException: java.lang.IndexOutOfBoundsException: Index 50 out of bounds for length 1
	at io.netty.handler.codec.ByteToMessageDecoder.callDecode(ByteToMessageDecoder.java:489) ~[netty-codec-4.1.82.Final.jar:?]
	at io.netty.handler.codec.ByteToMessageDecoder.channelRead(ByteToMessageDecoder.java:280) ~[netty-codec-4.1.82.Final.jar:?]
	at io.netty.channel.AbstractChannelHandlerContext.invokeChannelRead(AbstractChannelHandlerContext.java:379) ~[netty-transport-4.1.82.Final.jar:?]
	at io.netty.channel.AbstractChannelHandlerContext.invokeChannelRead(AbstractChannelHandlerContext.java:365) ~[netty-transport-4.1.82.Final.jar:?]
	at io.netty.channel.AbstractChannelHandlerContext.fireChannelRead(AbstractChannelHandlerContext.java:357) ~[netty-transport-4.1.82.Final.jar:?]
	at io.netty.handler.codec.ByteToMessageDecoder.fireChannelRead(ByteToMessageDecoder.java:336) ~[netty-codec-4.1.82.Final.jar:?]
	at io.netty.handler.codec.ByteToMessageDecoder.fireChannelRead(ByteToMessageDecoder.java:323) ~[netty-codec-4.1.82.Final.jar:?]
	at io.netty.handler.codec.ByteToMessageDecoder.callDecode(ByteToMessageDecoder.java:444) ~[netty-codec-4.1.82.Final.jar:?]
	at io.netty.handler.codec.ByteToMessageDecoder.channelRead(ByteToMessageDecoder.java:280) ~[netty-codec-4.1.82.Final.jar:?]
	at io.netty.channel.AbstractChannelHandlerContext.invokeChannelRead(AbstractChannelHandlerContext.java:379) ~[netty-transport-4.1.82.Final.jar:?]
	at io.netty.channel.AbstractChannelHandlerContext.invokeChannelRead(AbstractChannelHandlerContext.java:365) ~[netty-transport-4.1.82.Final.jar:?]
	at io.netty.channel.AbstractChannelHandlerContext.fireChannelRead(AbstractChannelHandlerContext.java:357) ~[netty-transport-4.1.82.Final.jar:?]
	at net.minecraft.network.LegacyQueryHandler.channelRead(LegacyQueryHandler.java:95) ~[server-intermediary.jar:?]
	at io.netty.channel.AbstractChannelHandlerContext.invokeChannelRead(AbstractChannelHandlerContext.java:379) ~[netty-transport-4.1.82.Final.jar:?]
	at io.netty.channel.AbstractChannelHandlerContext.invokeChannelRead(AbstractChannelHandlerContext.java:365) ~[netty-transport-4.1.82.Final.jar:?]
	at io.netty.channel.AbstractChannelHandlerContext.fireChannelRead(AbstractChannelHandlerContext.java:357) ~[netty-transport-4.1.82.Final.jar:?]
	at io.netty.handler.timeout.IdleStateHandler.channelRead(IdleStateHandler.java:286) ~[netty-handler-4.1.82.Final.jar:?]
	at io.netty.channel.AbstractChannelHandlerContext.invokeChannelRead(AbstractChannelHandlerContext.java:379) ~[netty-transport-4.1.82.Final.jar:?]
	at io.netty.channel.AbstractChannelHandlerContext.invokeChannelRead(AbstractChannelHandlerContext.java:365) ~[netty-transport-4.1.82.Final.jar:?]
	at io.netty.channel.AbstractChannelHandlerContext.fireChannelRead(AbstractChannelHandlerContext.java:357) ~[netty-transport-4.1.82.Final.jar:?]
	at io.netty.channel.DefaultChannelPipeline$HeadContext.channelRead(DefaultChannelPipeline.java:1410) ~[netty-transport-4.1.82.Final.jar:?]
	at io.netty.channel.AbstractChannelHandlerContext.invokeChannelRead(AbstractChannelHandlerContext.java:379) ~[netty-transport-4.1.82.Final.jar:?]
	at io.netty.channel.AbstractChannelHandlerContext.invokeChannelRead(AbstractChannelHandlerContext.java:365) ~[netty-transport-4.1.82.Final.jar:?]
	at io.netty.channel.DefaultChannelPipeline.fireChannelRead(DefaultChannelPipeline.java:919) ~[netty-transport-4.1.82.Final.jar:?]
	at io.netty.channel.epoll.AbstractEpollStreamChannel$EpollStreamUnsafe.epollInReady(AbstractEpollStreamChannel.java:800) ~[netty-transport-classes-epoll-4.1.82.Final.jar:?]
	at io.netty.channel.epoll.EpollEventLoop.processReady(EpollEventLoop.java:499) ~[netty-transport-classes-epoll-4.1.82.Final.jar:?]
	at io.netty.channel.epoll.EpollEventLoop.run(EpollEventLoop.java:397) ~[netty-transport-classes-epoll-4.1.82.Final.jar:?]
	at io.netty.util.concurrent.SingleThreadEventExecutor$4.run(SingleThreadEventExecutor.java:997) ~[netty-common-4.1.82.Final.jar:?]
	at io.netty.util.internal.ThreadExecutorMap$2.run(ThreadExecutorMap.java:74) ~[netty-common-4.1.82.Final.jar:?]
	at java.lang.Thread.run(Thread.java:840) ~[?:?]
Caused by: java.lang.IndexOutOfBoundsException: Index 50 out of bounds for length 1
	at jdk.internal.util.Preconditions.outOfBounds(Preconditions.java:64) ~[?:?]
	at jdk.internal.util.Preconditions.outOfBoundsCheckIndex(Preconditions.java:70) ~[?:?]
	at jdk.internal.util.Preconditions.checkIndex(Preconditions.java:266) ~[?:?]
	at java.util.Objects.checkIndex(Objects.java:361) ~[?:?]
	at java.util.ArrayList.get(ArrayList.java:427) ~[?:?]
	at net.minecraft.network.NetworkState$PacketHandler.createPacket(NetworkState.java:458) ~[server-intermediary.jar:?]
	at net.minecraft.network.NetworkState.getPacketHandler(NetworkState.java:522) ~[server-intermediary.jar:?]
	at net.minecraft.network.DecoderHandler.decode(DecoderHandler.java:32) ~[server-intermediary.jar:?]
	at io.netty.handler.codec.ByteToMessageDecoder.decodeRemovalReentryProtection(ByteToMessageDecoder.java:519) ~[netty-codec-4.1.82.Final.jar:?]
	at io.netty.handler.codec.ByteToMessageDecoder.callDecode(ByteToMessageDecoder.java:458) ~[netty-codec-4.1.82.Final.jar:?]
	... 29 more
[03:40:50] [Netty Epoll Server IO #6/ERROR]: Exception occurred in netty pipeline
io.netty.handler.codec.DecoderException: java.lang.IndexOutOfBoundsException: Index 50 out of bounds for length 1
	at io.netty.handler.codec.ByteToMessageDecoder.callDecode(ByteToMessageDecoder.java:489) ~[netty-codec-4.1.82.Final.jar:?]
	at io.netty.handler.codec.ByteToMessageDecoder.channelRead(ByteToMessageDecoder.java:280) ~[netty-codec-4.1.82.Final.jar:?]
	at io.netty.channel.AbstractChannelHandlerContext.invokeChannelRead(AbstractChannelHandlerContext.java:379) ~[netty-transport-4.1.82.Final.jar:?]
	at io.netty.channel.AbstractChannelHandlerContext.invokeChannelRead(AbstractChannelHandlerContext.java:365) ~[netty-transport-4.1.82.Final.jar:?]
	at io.netty.channel.AbstractChannelHandlerContext.fireChannelRead(AbstractChannelHandlerContext.java:357) ~[netty-transport-4.1.82.Final.jar:?]
	at io.netty.handler.codec.ByteToMessageDecoder.fireChannelRead(ByteToMessageDecoder.java:336) ~[netty-codec-4.1.82.Final.jar:?]
	at io.netty.handler.codec.ByteToMessageDecoder.fireChannelRead(ByteToMessageDecoder.java:323) ~[netty-codec-4.1.82.Final.jar:?]
	at io.netty.handler.codec.ByteToMessageDecoder.callDecode(ByteToMessageDecoder.java:444) ~[netty-codec-4.1.82.Final.jar:?]
	at io.netty.handler.codec.ByteToMessageDecoder.channelRead(ByteToMessageDecoder.java:280) ~[netty-codec-4.1.82.Final.jar:?]
	at io.netty.channel.AbstractChannelHandlerContext.invokeChannelRead(AbstractChannelHandlerContext.java:379) ~[netty-transport-4.1.82.Final.jar:?]
	at io.netty.channel.AbstractChannelHandlerContext.invokeChannelRead(AbstractChannelHandlerContext.java:365) ~[netty-transport-4.1.82.Final.jar:?]
	at io.netty.channel.AbstractChannelHandlerContext.fireChannelRead(AbstractChannelHandlerContext.java:357) ~[netty-transport-4.1.82.Final.jar:?]
	at net.minecraft.network.LegacyQueryHandler.channelRead(LegacyQueryHandler.java:95) ~[server-intermediary.jar:?]
	at io.netty.channel.AbstractChannelHandlerContext.invokeChannelRead(AbstractChannelHandlerContext.java:379) ~[netty-transport-4.1.82.Final.jar:?]
	at io.netty.channel.AbstractChannelHandlerContext.invokeChannelRead(AbstractChannelHandlerContext.java:365) ~[netty-transport-4.1.82.Final.jar:?]
	at io.netty.channel.AbstractChannelHandlerContext.fireChannelRead(AbstractChannelHandlerContext.java:357) ~[netty-transport-4.1.82.Final.jar:?]
	at io.netty.handler.timeout.IdleStateHandler.channelRead(IdleStateHandler.java:286) ~[netty-handler-4.1.82.Final.jar:?]
	at io.netty.channel.AbstractChannelHandlerContext.invokeChannelRead(AbstractChannelHandlerContext.java:379) ~[netty-transport-4.1.82.Final.jar:?]
	at io.netty.channel.AbstractChannelHandlerContext.invokeChannelRead(AbstractChannelHandlerContext.java:365) ~[netty-transport-4.1.82.Final.jar:?]
	at io.netty.channel.AbstractChannelHandlerContext.fireChannelRead(AbstractChannelHandlerContext.java:357) ~[netty-transport-4.1.82.Final.jar:?]
	at io.netty.channel.DefaultChannelPipeline$HeadContext.channelRead(DefaultChannelPipeline.java:1410) ~[netty-transport-4.1.82.Final.jar:?]
	at io.netty.channel.AbstractChannelHandlerContext.invokeChannelRead(AbstractChannelHandlerContext.java:379) ~[netty-transport-4.1.82.Final.jar:?]
	at io.netty.channel.AbstractChannelHandlerContext.invokeChannelRead(AbstractChannelHandlerContext.java:365) ~[netty-transport-4.1.82.Final.jar:?]
	at io.netty.channel.DefaultChannelPipeline.fireChannelRead(DefaultChannelPipeline.java:919) ~[netty-transport-4.1.82.Final.jar:?]
	at io.netty.channel.epoll.AbstractEpollStreamChannel$EpollStreamUnsafe.epollInReady(AbstractEpollStreamChannel.java:800) ~[netty-transport-classes-epoll-4.1.82.Final.jar:?]
	at io.netty.channel.epoll.EpollEventLoop.processReady(EpollEventLoop.java:499) ~[netty-transport-classes-epoll-4.1.82.Final.jar:?]
	at io.netty.channel.epoll.EpollEventLoop.run(EpollEventLoop.java:397) ~[netty-transport-classes-epoll-4.1.82.Final.jar:?]
	at io.netty.util.concurrent.SingleThreadEventExecutor$4.run(SingleThreadEventExecutor.java:997) ~[netty-common-4.1.82.Final.jar:?]
	at io.netty.util.internal.ThreadExecutorMap$2.run(ThreadExecutorMap.java:74) ~[netty-common-4.1.82.Final.jar:?]
	at java.lang.Thread.run(Thread.java:840) ~[?:?]
Caused by: java.lang.IndexOutOfBoundsException: Index 50 out of bounds for length 1
	at jdk.internal.util.Preconditions.outOfBounds(Preconditions.java:64) ~[?:?]
	at jdk.internal.util.Preconditions.outOfBoundsCheckIndex(Preconditions.java:70) ~[?:?]
	at jdk.internal.util.Preconditions.checkIndex(Preconditions.java:266) ~[?:?]
	at java.util.Objects.checkIndex(Objects.java:361) ~[?:?]
	at java.util.ArrayList.get(ArrayList.java:427) ~[?:?]
	at net.minecraft.network.NetworkState$PacketHandler.createPacket(NetworkState.java:458) ~[server-intermediary.jar:?]
	at net.minecraft.network.NetworkState.getPacketHandler(NetworkState.java:522) ~[server-intermediary.jar:?]
	at net.minecraft.network.DecoderHandler.decode(DecoderHandler.java:32) ~[server-intermediary.jar:?]
	at io.netty.handler.codec.ByteToMessageDecoder.decodeRemovalReentryProtection(ByteToMessageDecoder.java:519) ~[netty-codec-4.1.82.Final.jar:?]
	at io.netty.handler.codec.ByteToMessageDecoder.callDecode(ByteToMessageDecoder.java:458) ~[netty-codec-4.1.82.Final.jar:?]
	... 29 more
[03:43:41] [Netty Epoll Server IO #0/ERROR]: Exception occurred in netty pipeline
io.netty.handler.codec.DecoderException: java.lang.IndexOutOfBoundsException: Index 50 out of bounds for length 1
	at io.netty.handler.codec.ByteToMessageDecoder.callDecode(ByteToMessageDecoder.java:489) ~[netty-codec-4.1.82.Final.jar:?]
	at io.netty.handler.codec.ByteToMessageDecoder.channelRead(ByteToMessageDecoder.java:280) ~[netty-codec-4.1.82.Final.jar:?]
	at io.netty.channel.AbstractChannelHandlerContext.invokeChannelRead(AbstractChannelHandlerContext.java:379) ~[netty-transport-4.1.82.Final.jar:?]
	at io.netty.channel.AbstractChannelHandlerContext.invokeChannelRead(AbstractChannelHandlerContext.java:365) ~[netty-transport-4.1.82.Final.jar:?]
	at io.netty.channel.AbstractChannelHandlerContext.fireChannelRead(AbstractChannelHandlerContext.java:357) ~[netty-transport-4.1.82.Final.jar:?]
	at io.netty.handler.codec.ByteToMessageDecoder.fireChannelRead(ByteToMessageDecoder.java:336) ~[netty-codec-4.1.82.Final.jar:?]
	at io.netty.handler.codec.ByteToMessageDecoder.fireChannelRead(ByteToMessageDecoder.java:323) ~[netty-codec-4.1.82.Final.jar:?]
	at io.netty.handler.codec.ByteToMessageDecoder.callDecode(ByteToMessageDecoder.java:444) ~[netty-codec-4.1.82.Final.jar:?]
	at io.netty.handler.codec.ByteToMessageDecoder.channelRead(ByteToMessageDecoder.java:280) ~[netty-codec-4.1.82.Final.jar:?]
	at io.netty.channel.AbstractChannelHandlerContext.invokeChannelRead(AbstractChannelHandlerContext.java:379) ~[netty-transport-4.1.82.Final.jar:?]
	at io.netty.channel.AbstractChannelHandlerContext.invokeChannelRead(AbstractChannelHandlerContext.java:365) ~[netty-transport-4.1.82.Final.jar:?]
	at io.netty.channel.AbstractChannelHandlerContext.fireChannelRead(AbstractChannelHandlerContext.java:357) ~[netty-transport-4.1.82.Final.jar:?]
	at net.minecraft.network.LegacyQueryHandler.channelRead(LegacyQueryHandler.java:95) ~[server-intermediary.jar:?]
	at io.netty.channel.AbstractChannelHandlerContext.invokeChannelRead(AbstractChannelHandlerContext.java:379) ~[netty-transport-4.1.82.Final.jar:?]
	at io.netty.channel.AbstractChannelHandlerContext.invokeChannelRead(AbstractChannelHandlerContext.java:365) ~[netty-transport-4.1.82.Final.jar:?]
	at io.netty.channel.AbstractChannelHandlerContext.fireChannelRead(AbstractChannelHandlerContext.java:357) ~[netty-transport-4.1.82.Final.jar:?]
	at io.netty.handler.timeout.IdleStateHandler.channelRead(IdleStateHandler.java:286) ~[netty-handler-4.1.82.Final.jar:?]
	at io.netty.channel.AbstractChannelHandlerContext.invokeChannelRead(AbstractChannelHandlerContext.java:379) ~[netty-transport-4.1.82.Final.jar:?]
	at io.netty.channel.AbstractChannelHandlerContext.invokeChannelRead(AbstractChannelHandlerContext.java:365) ~[netty-transport-4.1.82.Final.jar:?]
	at io.netty.channel.AbstractChannelHandlerContext.fireChannelRead(AbstractChannelHandlerContext.java:357) ~[netty-transport-4.1.82.Final.jar:?]
	at io.netty.channel.DefaultChannelPipeline$HeadContext.channelRead(DefaultChannelPipeline.java:1410) ~[netty-transport-4.1.82.Final.jar:?]
	at io.netty.channel.AbstractChannelHandlerContext.invokeChannelRead(AbstractChannelHandlerContext.java:379) ~[netty-transport-4.1.82.Final.jar:?]
	at io.netty.channel.AbstractChannelHandlerContext.invokeChannelRead(AbstractChannelHandlerContext.java:365) ~[netty-transport-4.1.82.Final.jar:?]
	at io.netty.channel.DefaultChannelPipeline.fireChannelRead(DefaultChannelPipeline.java:919) ~[netty-transport-4.1.82.Final.jar:?]
	at io.netty.channel.epoll.AbstractEpollStreamChannel$EpollStreamUnsafe.epollInReady(AbstractEpollStreamChannel.java:800) ~[netty-transport-classes-epoll-4.1.82.Final.jar:?]
	at io.netty.channel.epoll.EpollEventLoop.processReady(EpollEventLoop.java:499) ~[netty-transport-classes-epoll-4.1.82.Final.jar:?]
	at io.netty.channel.epoll.EpollEventLoop.run(EpollEventLoop.java:397) ~[netty-transport-classes-epoll-4.1.82.Final.jar:?]
	at io.netty.util.concurrent.SingleThreadEventExecutor$4.run(SingleThreadEventExecutor.java:997) ~[netty-common-4.1.82.Final.jar:?]
	at io.netty.util.internal.ThreadExecutorMap$2.run(ThreadExecutorMap.java:74) ~[netty-common-4.1.82.Final.jar:?]
	at java.lang.Thread.run(Thread.java:840) ~[?:?]
Caused by: java.lang.IndexOutOfBoundsException: Index 50 out of bounds for length 1
	at jdk.internal.util.Preconditions.outOfBounds(Preconditions.java:64) ~[?:?]
	at jdk.internal.util.Preconditions.outOfBoundsCheckIndex(Preconditions.java:70) ~[?:?]
	at jdk.internal.util.Preconditions.checkIndex(Preconditions.java:266) ~[?:?]
	at java.util.Objects.checkIndex(Objects.java:361) ~[?:?]
	at java.util.ArrayList.get(ArrayList.java:427) ~[?:?]
	at net.minecraft.network.NetworkState$PacketHandler.createPacket(NetworkState.java:458) ~[server-intermediary.jar:?]
	at net.minecraft.network.NetworkState.getPacketHandler(NetworkState.java:522) ~[server-intermediary.jar:?]
	at net.minecraft.network.DecoderHandler.decode(DecoderHandler.java:32) ~[server-intermediary.jar:?]
	at io.netty.handler.codec.ByteToMessageDecoder.decodeRemovalReentryProtection(ByteToMessageDecoder.java:519) ~[netty-codec-4.1.82.Final.jar:?]
	at io.netty.handler.codec.ByteToMessageDecoder.callDecode(ByteToMessageDecoder.java:458) ~[netty-codec-4.1.82.Final.jar:?]
	... 29 more
[03:49:21] [Netty Epoll Server IO #2/ERROR]: Exception occurred in netty pipeline
io.netty.handler.codec.DecoderException: java.lang.IndexOutOfBoundsException: Index 50 out of bounds for length 1
	at io.netty.handler.codec.ByteToMessageDecoder.callDecode(ByteToMessageDecoder.java:489) ~[netty-codec-4.1.82.Final.jar:?]
	at io.netty.handler.codec.ByteToMessageDecoder.channelRead(ByteToMessageDecoder.java:280) ~[netty-codec-4.1.82.Final.jar:?]
	at io.netty.channel.AbstractChannelHandlerContext.invokeChannelRead(AbstractChannelHandlerContext.java:379) ~[netty-transport-4.1.82.Final.jar:?]
	at io.netty.channel.AbstractChannelHandlerContext.invokeChannelRead(AbstractChannelHandlerContext.java:365) ~[netty-transport-4.1.82.Final.jar:?]
	at io.netty.channel.AbstractChannelHandlerContext.fireChannelRead(AbstractChannelHandlerContext.java:357) ~[netty-transport-4.1.82.Final.jar:?]
	at io.netty.handler.codec.ByteToMessageDecoder.fireChannelRead(ByteToMessageDecoder.java:336) ~[netty-codec-4.1.82.Final.jar:?]
	at io.netty.handler.codec.ByteToMessageDecoder.fireChannelRead(ByteToMessageDecoder.java:323) ~[netty-codec-4.1.82.Final.jar:?]
	at io.netty.handler.codec.ByteToMessageDecoder.callDecode(ByteToMessageDecoder.java:444) ~[netty-codec-4.1.82.Final.jar:?]
	at io.netty.handler.codec.ByteToMessageDecoder.channelRead(ByteToMessageDecoder.java:280) ~[netty-codec-4.1.82.Final.jar:?]
	at io.netty.channel.AbstractChannelHandlerContext.invokeChannelRead(AbstractChannelHandlerContext.java:379) ~[netty-transport-4.1.82.Final.jar:?]
	at io.netty.channel.AbstractChannelHandlerContext.invokeChannelRead(AbstractChannelHandlerContext.java:365) ~[netty-transport-4.1.82.Final.jar:?]
	at io.netty.channel.AbstractChannelHandlerContext.fireChannelRead(AbstractChannelHandlerContext.java:357) ~[netty-transport-4.1.82.Final.jar:?]
	at net.minecraft.network.LegacyQueryHandler.channelRead(LegacyQueryHandler.java:95) ~[server-intermediary.jar:?]
	at io.netty.channel.AbstractChannelHandlerContext.invokeChannelRead(AbstractChannelHandlerContext.java:379) ~[netty-transport-4.1.82.Final.jar:?]
	at io.netty.channel.AbstractChannelHandlerContext.invokeChannelRead(AbstractChannelHandlerContext.java:365) ~[netty-transport-4.1.82.Final.jar:?]
	at io.netty.channel.AbstractChannelHandlerContext.fireChannelRead(AbstractChannelHandlerContext.java:357) ~[netty-transport-4.1.82.Final.jar:?]
	at io.netty.handler.timeout.IdleStateHandler.channelRead(IdleStateHandler.java:286) ~[netty-handler-4.1.82.Final.jar:?]
	at io.netty.channel.AbstractChannelHandlerContext.invokeChannelRead(AbstractChannelHandlerContext.java:379) ~[netty-transport-4.1.82.Final.jar:?]
	at io.netty.channel.AbstractChannelHandlerContext.invokeChannelRead(AbstractChannelHandlerContext.java:365) ~[netty-transport-4.1.82.Final.jar:?]
	at io.netty.channel.AbstractChannelHandlerContext.fireChannelRead(AbstractChannelHandlerContext.java:357) ~[netty-transport-4.1.82.Final.jar:?]
	at io.netty.channel.DefaultChannelPipeline$HeadContext.channelRead(DefaultChannelPipeline.java:1410) ~[netty-transport-4.1.82.Final.jar:?]
	at io.netty.channel.AbstractChannelHandlerContext.invokeChannelRead(AbstractChannelHandlerContext.java:379) ~[netty-transport-4.1.82.Final.jar:?]
	at io.netty.channel.AbstractChannelHandlerContext.invokeChannelRead(AbstractChannelHandlerContext.java:365) ~[netty-transport-4.1.82.Final.jar:?]
	at io.netty.channel.DefaultChannelPipeline.fireChannelRead(DefaultChannelPipeline.java:919) ~[netty-transport-4.1.82.Final.jar:?]
	at io.netty.channel.epoll.AbstractEpollStreamChannel$EpollStreamUnsafe.epollInReady(AbstractEpollStreamChannel.java:800) ~[netty-transport-classes-epoll-4.1.82.Final.jar:?]
	at io.netty.channel.epoll.EpollEventLoop.processReady(EpollEventLoop.java:499) ~[netty-transport-classes-epoll-4.1.82.Final.jar:?]
	at io.netty.channel.epoll.EpollEventLoop.run(EpollEventLoop.java:397) ~[netty-transport-classes-epoll-4.1.82.Final.jar:?]
	at io.netty.util.concurrent.SingleThreadEventExecutor$4.run(SingleThreadEventExecutor.java:997) ~[netty-common-4.1.82.Final.jar:?]
	at io.netty.util.internal.ThreadExecutorMap$2.run(ThreadExecutorMap.java:74) ~[netty-common-4.1.82.Final.jar:?]
	at java.lang.Thread.run(Thread.java:840) ~[?:?]
Caused by: java.lang.IndexOutOfBoundsException: Index 50 out of bounds for length 1
	at jdk.internal.util.Preconditions.outOfBounds(Preconditions.java:64) ~[?:?]
	at jdk.internal.util.Preconditions.outOfBoundsCheckIndex(Preconditions.java:70) ~[?:?]
	at jdk.internal.util.Preconditions.checkIndex(Preconditions.java:266) ~[?:?]
	at java.util.Objects.checkIndex(Objects.java:361) ~[?:?]
	at java.util.ArrayList.get(ArrayList.java:427) ~[?:?]
	at net.minecraft.network.NetworkState$PacketHandler.createPacket(NetworkState.java:458) ~[server-intermediary.jar:?]
	at net.minecraft.network.NetworkState.getPacketHandler(NetworkState.java:522) ~[server-intermediary.jar:?]
	at net.minecraft.network.DecoderHandler.decode(DecoderHandler.java:32) ~[server-intermediary.jar:?]
	at io.netty.handler.codec.ByteToMessageDecoder.decodeRemovalReentryProtection(ByteToMessageDecoder.java:519) ~[netty-codec-4.1.82.Final.jar:?]
	at io.netty.handler.codec.ByteToMessageDecoder.callDecode(ByteToMessageDecoder.java:458) ~[netty-codec-4.1.82.Final.jar:?]
	... 29 more
[03:54:56] [Netty Epoll Server IO #4/ERROR]: Exception occurred in netty pipeline
io.netty.handler.codec.DecoderException: java.lang.IndexOutOfBoundsException: Index 50 out of bounds for length 1
	at io.netty.handler.codec.ByteToMessageDecoder.callDecode(ByteToMessageDecoder.java:489) ~[netty-codec-4.1.82.Final.jar:?]
	at io.netty.handler.codec.ByteToMessageDecoder.channelRead(ByteToMessageDecoder.java:280) ~[netty-codec-4.1.82.Final.jar:?]
	at io.netty.channel.AbstractChannelHandlerContext.invokeChannelRead(AbstractChannelHandlerContext.java:379) ~[netty-transport-4.1.82.Final.jar:?]
	at io.netty.channel.AbstractChannelHandlerContext.invokeChannelRead(AbstractChannelHandlerContext.java:365) ~[netty-transport-4.1.82.Final.jar:?]
	at io.netty.channel.AbstractChannelHandlerContext.fireChannelRead(AbstractChannelHandlerContext.java:357) ~[netty-transport-4.1.82.Final.jar:?]
	at io.netty.handler.codec.ByteToMessageDecoder.fireChannelRead(ByteToMessageDecoder.java:336) ~[netty-codec-4.1.82.Final.jar:?]
	at io.netty.handler.codec.ByteToMessageDecoder.fireChannelRead(ByteToMessageDecoder.java:323) ~[netty-codec-4.1.82.Final.jar:?]
	at io.netty.handler.codec.ByteToMessageDecoder.callDecode(ByteToMessageDecoder.java:444) ~[netty-codec-4.1.82.Final.jar:?]
	at io.netty.handler.codec.ByteToMessageDecoder.channelRead(ByteToMessageDecoder.java:280) ~[netty-codec-4.1.82.Final.jar:?]
	at io.netty.channel.AbstractChannelHandlerContext.invokeChannelRead(AbstractChannelHandlerContext.java:379) ~[netty-transport-4.1.82.Final.jar:?]
	at io.netty.channel.AbstractChannelHandlerContext.invokeChannelRead(AbstractChannelHandlerContext.java:365) ~[netty-transport-4.1.82.Final.jar:?]
	at io.netty.channel.AbstractChannelHandlerContext.fireChannelRead(AbstractChannelHandlerContext.java:357) ~[netty-transport-4.1.82.Final.jar:?]
	at net.minecraft.network.LegacyQueryHandler.channelRead(LegacyQueryHandler.java:95) ~[server-intermediary.jar:?]
	at io.netty.channel.AbstractChannelHandlerContext.invokeChannelRead(AbstractChannelHandlerContext.java:379) ~[netty-transport-4.1.82.Final.jar:?]
	at io.netty.channel.AbstractChannelHandlerContext.invokeChannelRead(AbstractChannelHandlerContext.java:365) ~[netty-transport-4.1.82.Final.jar:?]
	at io.netty.channel.AbstractChannelHandlerContext.fireChannelRead(AbstractChannelHandlerContext.java:357) ~[netty-transport-4.1.82.Final.jar:?]
	at io.netty.handler.timeout.IdleStateHandler.channelRead(IdleStateHandler.java:286) ~[netty-handler-4.1.82.Final.jar:?]
	at io.netty.channel.AbstractChannelHandlerContext.invokeChannelRead(AbstractChannelHandlerContext.java:379) ~[netty-transport-4.1.82.Final.jar:?]
	at io.netty.channel.AbstractChannelHandlerContext.invokeChannelRead(AbstractChannelHandlerContext.java:365) ~[netty-transport-4.1.82.Final.jar:?]
	at io.netty.channel.AbstractChannelHandlerContext.fireChannelRead(AbstractChannelHandlerContext.java:357) ~[netty-transport-4.1.82.Final.jar:?]
	at io.netty.channel.DefaultChannelPipeline$HeadContext.channelRead(DefaultChannelPipeline.java:1410) ~[netty-transport-4.1.82.Final.jar:?]
	at io.netty.channel.AbstractChannelHandlerContext.invokeChannelRead(AbstractChannelHandlerContext.java:379) ~[netty-transport-4.1.82.Final.jar:?]
	at io.netty.channel.AbstractChannelHandlerContext.invokeChannelRead(AbstractChannelHandlerContext.java:365) ~[netty-transport-4.1.82.Final.jar:?]
	at io.netty.channel.DefaultChannelPipeline.fireChannelRead(DefaultChannelPipeline.java:919) ~[netty-transport-4.1.82.Final.jar:?]
	at io.netty.channel.epoll.AbstractEpollStreamChannel$EpollStreamUnsafe.epollInReady(AbstractEpollStreamChannel.java:800) ~[netty-transport-classes-epoll-4.1.82.Final.jar:?]
	at io.netty.channel.epoll.EpollEventLoop.processReady(EpollEventLoop.java:499) ~[netty-transport-classes-epoll-4.1.82.Final.jar:?]
	at io.netty.channel.epoll.EpollEventLoop.run(EpollEventLoop.java:397) ~[netty-transport-classes-epoll-4.1.82.Final.jar:?]
	at io.netty.util.concurrent.SingleThreadEventExecutor$4.run(SingleThreadEventExecutor.java:997) ~[netty-common-4.1.82.Final.jar:?]
	at io.netty.util.internal.ThreadExecutorMap$2.run(ThreadExecutorMap.java:74) ~[netty-common-4.1.82.Final.jar:?]
	at java.lang.Thread.run(Thread.java:840) ~[?:?]
Caused by: java.lang.IndexOutOfBoundsException: Index 50 out of bounds for length 1
	at jdk.internal.util.Preconditions.outOfBounds(Preconditions.java:64) ~[?:?]
	at jdk.internal.util.Preconditions.outOfBoundsCheckIndex(Preconditions.java:70) ~[?:?]
	at jdk.internal.util.Preconditions.checkIndex(Preconditions.java:266) ~[?:?]
	at java.util.Objects.checkIndex(Objects.java:361) ~[?:?]
	at java.util.ArrayList.get(ArrayList.java:427) ~[?:?]
	at net.minecraft.network.NetworkState$PacketHandler.createPacket(NetworkState.java:458) ~[server-intermediary.jar:?]
	at net.minecraft.network.NetworkState.getPacketHandler(NetworkState.java:522) ~[server-intermediary.jar:?]
	at net.minecraft.network.DecoderHandler.decode(DecoderHandler.java:32) ~[server-intermediary.jar:?]
	at io.netty.handler.codec.ByteToMessageDecoder.decodeRemovalReentryProtection(ByteToMessageDecoder.java:519) ~[netty-codec-4.1.82.Final.jar:?]
	at io.netty.handler.codec.ByteToMessageDecoder.callDecode(ByteToMessageDecoder.java:458) ~[netty-codec-4.1.82.Final.jar:?]
	... 29 more
